canonical_perturbation,direction,rank,gene_id,gene_name,effect
AHR,up,1,ENSG00000088992,TESC,0.8157518372878387
AHR,up,2,ENSG00000142669,SH3BGRL3,0.5702832467889597
AHR,up,3,ENSG00000196565,HBG2,0.5666891276747015
AHR,up,4,ENSG00000250361,GYPB,0.5568335521279641
AHR,up,5,ENSG00000251562,MALAT1,0.5267593211075565
AHR,up,6,ENSG00000130656,HBZ,0.509260278745572
AHR,up,7,ENSG00000134321,RSAD2,0.4991891317990186
AHR,up,8,ENSG00000100097,LGALS1,0.48073520780637885
AHR,up,9,ENSG00000130203,APOE,0.4147227922096787
AHR,up,10,ENSG00000147454,SLC25A37,0.39216182961261614
AHR,down,1,ENSG00000198886,MT-ND4,-0.6340341705429687
AHR,down,2,ENSG00000198727,MT-CYB,-0.5328748813806286
AHR,down,3,ENSG00000198786,MT-ND5,-0.4652015105262868
AHR,down,4,ENSG00000069482,GAL,-0.4409767720283134
AHR,down,5,ENSG00000198899,MT-ATP6,-0.42231659705642854
AHR,down,6,ENSG00000198840,MT-ND3,-0.36478526153760465
AHR,down,7,ENSG00000212907,MT-ND4L,-0.361613818008649
AHR,down,8,ENSG00000198938,MT-CO3,-0.34576386282098603
AHR,down,9,ENSG00000123131,PRDX4,-0.3212352129188102
AHR,down,10,ENSG00000116161,CACYBP,-0.3018404953684778
ARID1A,up,1,ENSG00000133639,BTG1,0.9106229486216283
ARID1A,up,2,ENSG00000198336,MYL4,0.6799441788640204
ARID1A,up,3,ENSG00000251562,MALAT1,0.6647773070118407
ARID1A,up,4,ENSG00000196565,HBG2,0.6341236240288443
ARID1A,up,5,ENSG00000128683,GAD1,0.6204749632660294
ARID1A,up,6,ENSG00000158578,ALAS2,0.6087082945431258
ARID1A,up,7,ENSG00000142669,SH3BGRL3,0.577273135415442
ARID1A,up,8,ENSG00000068078,FGFR3,0.5705462204777871
ARID1A,up,9,ENSG00000166925,TSC22D4,0.5309802675651362
ARID1A,up,10,ENSG00000135409,AMHR2,0.49020514995169273
ARID1A,down,1,ENSG00000034510,TMSB10,-0.9923721652872679
ARID1A,down,2,ENSG00000069482,GAL,-0.7393747411441978
ARID1A,down,3,ENSG00000108106,UBE2S,-0.7187868576455545
ARID1A,down,4,ENSG00000151287,TEX30,-0.6506001065999147
ARID1A,down,5,ENSG00000165732,DDX21,-0.6476402500889713
ARID1A,down,6,ENSG00000117450,PRDX1,-0.6209121330385263
ARID1A,down,7,ENSG00000116161,CACYBP,-0.6047671317991832
ARID1A,down,8,ENSG00000026025,VIM,-0.5951574250160399
ARID1A,down,9,ENSG00000134333,LDHA,-0.5882293349766317
ARID1A,down,10,ENSG00000185198,PRSS57,-0.5470413491779559
ARRDC3,up,1,ENSG00000187837,HIST1H1C,0.33137095732559135
ARRDC3,up,2,ENSG00000130656,HBZ,0.30918905167406907
ARRDC3,up,3,ENSG00000245532,NEAT1,0.27347022863015447
ARRDC3,up,4,ENSG00000268621,AC006262.5,0.24736831642663143
ARRDC3,up,5,ENSG00000279669,RP11-717F1.1,0.2391284504130111
ARRDC3,up,6,ENSG00000147454,SLC25A37,0.1368934205695772
ARRDC3,up,7,ENSG00000130203,APOE,0.12597644765240568
ARRDC3,up,8,ENSG00000136732,GYPC,0.12485658772722519
ARRDC3,up,9,ENSG00000030582,GRN,0.12279281947191464
ARRDC3,up,10,ENSG00000104408,EIF3E,0.12042433016524604
ARRDC3,down,1,ENSG00000115758,ODC1,-0.2579270558454817
ARRDC3,down,2,ENSG00000069482,GAL,-0.19258890131036846
ARRDC3,down,3,ENSG00000008018,PSMB1,-0.18763278818264262
ARRDC3,down,4,ENSG00000116649,SRM,-0.17311696743316884
ARRDC3,down,5,ENSG00000239672,NME1,-0.1682935618479311
ARRDC3,down,6,ENSG00000173207,CKS1B,-0.16735048648407452
ARRDC3,down,7,ENSG00000277791,PSMB3,-0.1652829202056835
ARRDC3,down,8,ENSG00000110492,MDK,-0.16500210094521361
ARRDC3,down,9,ENSG00000117450,PRDX1,-0.16497610964848386
ARRDC3,down,10,ENSG00000165732,DDX21,-0.1623936790361747
ATL1,up,1,ENSG00000130656,HBZ,1.6910534650717395
ATL1,up,2,ENSG00000158578,ALAS2,1.144637448642786
ATL1,up,3,ENSG00000250361,GYPB,0.9290090852828286
ATL1,up,4,ENSG00000196565,HBG2,0.9141464139275918
ATL1,up,5,ENSG00000133639,BTG1,0.5753135023726799
ATL1,up,6,ENSG00000170180,GYPA,0.5648720785038376
ATL1,up,7,ENSG00000251562,MALAT1,0.5571824049822965
ATL1,up,8,ENSG00000213934,HBG1,0.5332612232398515
ATL1,up,9,ENSG00000245532,NEAT1,0.4857139274588287
ATL1,up,10,ENSG00000182871,COL18A1,0.4663142909904479
ATL1,down,1,ENSG00000227706,RP11-301G19.1,-0.6384925814277205
ATL1,down,2,ENSG00000151287,TEX30,-0.5416497998956505
ATL1,down,3,ENSG00000119403,PHF19,-0.49549808002657714
ATL1,down,4,ENSG00000187514,PTMA,-0.4820258834212789
ATL1,down,5,ENSG00000069482,GAL,-0.4732194548151444
ATL1,down,6,ENSG00000108106,UBE2S,-0.4666276503272213
ATL1,down,7,ENSG00000185198,PRSS57,-0.4636851938272819
ATL1,down,8,ENSG00000142227,EMP3,-0.45756051091034405
ATL1,down,9,ENSG00000099901,RANBP1,-0.44797165561634444
ATL1,down,10,ENSG00000115758,ODC1,-0.4414904380766631
BAK1,up,1,ENSG00000030110,BAK1,0.6209908468389449
BAK1,up,2,ENSG00000273706,LHX1,0.48174098752641875
BAK1,up,3,ENSG00000277268,RP11-445F12.1,0.21981722470230428
BAK1,up,4,ENSG00000130203,APOE,0.17229708092011956
BAK1,up,5,ENSG00000130208,APOC1,0.10235533930520235
BAK1,up,6,ENSG00000143933,CALM2,0.07648842185036192
BAK1,up,7,ENSG00000041357,PSMA4,0.07069779649031885
BAK1,up,8,ENSG00000277791,PSMB3,0.07023524405827153
BAK1,up,9,ENSG00000117450,PRDX1,0.06820827261288614
BAK1,up,10,ENSG00000167815,PRDX2,0.06754405393835802
BAK1,down,1,ENSG00000055118,KCNH2,-0.11412868339021054
BAK1,down,2,ENSG00000135047,CTSL,-0.10927773318608693
BAK1,down,3,ENSG00000034510,TMSB10,-0.10501032949675865
BAK1,down,4,ENSG00000279669,RP11-717F1.1,-0.1029172957834092
BAK1,down,5,ENSG00000185198,PRSS57,-0.09633330371546917
BAK1,down,6,ENSG00000167996,FTH1,-0.08761726034969874
BAK1,down,7,ENSG00000142669,SH3BGRL3,-0.08754302673068592
BAK1,down,8,ENSG00000266976,AC079466.1,-0.0820952186759506
BAK1,down,9,ENSG00000100097,LGALS1,-0.07914427676751272
BAK1,down,10,ENSG00000198168,SVIP,-0.0716231717977971
BCL2L11,up,1,ENSG00000153094,BCL2L11,0.48334465935902915
BCL2L11,up,2,ENSG00000250361,GYPB,0.2669187818075035
BCL2L11,up,3,ENSG00000130656,HBZ,0.18658248570918007
BCL2L11,up,4,ENSG00000196565,HBG2,0.13294964548689878
BCL2L11,up,5,ENSG00000170180,GYPA,0.12765704818584495
BCL2L11,up,6,ENSG00000197465,GYPE,0.09578982925203353
BCL2L11,up,7,ENSG00000090013,BLVRB,0.08842193435748487
BCL2L11,up,8,ENSG00000116489,CAPZA1,0.06067624007896273
BCL2L11,up,9,ENSG00000128228,SDF2L1,0.059736613778298364
BCL2L11,up,10,ENSG00000197747,S100A10,0.05768583965798098
BCL2L11,down,1,ENSG00000034510,TMSB10,-0.11352874751092318
BCL2L11,down,2,ENSG00000227706,RP11-301G19.1,-0.10182566439604146
BCL2L11,down,3,ENSG00000244754,N4BP2L2,-0.08163722201281978
BCL2L11,down,4,ENSG00000100097,LGALS1,-0.07468305711891693
BCL2L11,down,5,ENSG00000185198,PRSS57,-0.07349031440097761
BCL2L11,down,6,ENSG00000183971,NPW,-0.06767582220752426
BCL2L11,down,7,ENSG00000243449,C4orf48,-0.06465532703464472
BCL2L11,down,8,ENSG00000152804,HHEX,-0.06405886807615224
BCL2L11,down,9,ENSG00000164104,HMGB2,-0.06380602079572817
BCL2L11,down,10,ENSG00000143851,PTPN7,-0.06262212575797196
BCORL1,up,1,ENSG00000111057,KRT18,0.9029191025074687
BCORL1,up,2,ENSG00000170421,KRT8,0.36622840086574376
BCORL1,up,3,ENSG00000085185,BCORL1,0.32039098197754945
BCORL1,up,4,ENSG00000183770,FOXL2,0.3063840168700411
BCORL1,up,5,ENSG00000245532,NEAT1,0.17647941323154098
BCORL1,up,6,ENSG00000251562,MALAT1,0.17479646621425404
BCORL1,up,7,ENSG00000102804,TSC22D1,0.16862065139484728
BCORL1,up,8,ENSG00000144591,GMPPA,0.16596151686802962
BCORL1,up,9,ENSG00000158578,ALAS2,0.16122567362648885
BCORL1,up,10,ENSG00000196565,HBG2,0.15998809243130302
BCORL1,down,1,ENSG00000069482,GAL,-0.48223290290260473
BCORL1,down,2,ENSG00000185198,PRSS57,-0.2745003041952865
BCORL1,down,3,ENSG00000125144,MT1G,-0.2610949434878888
BCORL1,down,4,ENSG00000130656,HBZ,-0.2233903070342566
BCORL1,down,5,ENSG00000125148,MT2A,-0.17857265307227532
BCORL1,down,6,ENSG00000034510,TMSB10,-0.1739909019421883
BCORL1,down,7,ENSG00000164687,FABP5,-0.16563018791909653
BCORL1,down,8,ENSG00000121900,TMEM54,-0.16438963009241664
BCORL1,down,9,ENSG00000135047,CTSL,-0.1591491315073473
BCORL1,down,10,ENSG00000163497,FEV,-0.14878164865018179
BPGM,up,1,ENSG00000130656,HBZ,1.9628186450238134
BPGM,up,2,ENSG00000196565,HBG2,0.7171652191967758
BPGM,up,3,ENSG00000135409,AMHR2,0.6352717427765157
BPGM,up,4,ENSG00000158578,ALAS2,0.625339489322329
BPGM,up,5,ENSG00000172331,BPGM,0.6217124568556349
BPGM,up,6,ENSG00000250361,GYPB,0.5229938827835187
BPGM,up,7,ENSG00000182871,COL18A1,0.4752763384495783
BPGM,up,8,ENSG00000090013,BLVRB,0.46282576198629566
BPGM,up,9,ENSG00000213934,HBG1,0.4488887591254908
BPGM,up,10,ENSG00000187837,HIST1H1C,0.4373945479262223
BPGM,down,1,ENSG00000034510,TMSB10,-0.440452241290586
BPGM,down,2,ENSG00000185198,PRSS57,-0.4004709958905174
BPGM,down,3,ENSG00000205542,TMSB4X,-0.3326663158993902
BPGM,down,4,ENSG00000134333,LDHA,-0.32525426742030433
BPGM,down,5,ENSG00000151287,TEX30,-0.324491777087969
BPGM,down,6,ENSG00000160932,LY6E,-0.28891868910994567
BPGM,down,7,ENSG00000227706,RP11-301G19.1,-0.27873750123741736
BPGM,down,8,ENSG00000198727,MT-CYB,-0.2782639444206477
BPGM,down,9,ENSG00000212907,MT-ND4L,-0.260829505093214
BPGM,down,10,ENSG00000080824,HSP90AA1,-0.2514045507415953
C19orf26,up,1,ENSG00000250361,GYPB,0.5645661861399086
C19orf26,up,2,ENSG00000130656,HBZ,0.5568136926589984
C19orf26,up,3,ENSG00000196565,HBG2,0.45101643372780365
C19orf26,up,4,ENSG00000099625,C19orf26,0.37174316129570706
C19orf26,up,5,ENSG00000147689,FAM83A,0.36018297023551893
C19orf26,up,6,ENSG00000158578,ALAS2,0.35779829296688653
C19orf26,up,7,ENSG00000251562,MALAT1,0.32155477962231616
C19orf26,up,8,ENSG00000245532,NEAT1,0.30037818882026546
C19orf26,up,9,ENSG00000170180,GYPA,0.292313908697577
C19orf26,up,10,ENSG00000144591,GMPPA,0.2803743940179204
C19orf26,down,1,ENSG00000069482,GAL,-0.242567693006464
C19orf26,down,2,ENSG00000130755,GMFG,-0.2205945970000215
C19orf26,down,3,ENSG00000143851,PTPN7,-0.21208526673469136
C19orf26,down,4,ENSG00000185201,IFITM2,-0.20246496530562344
C19orf26,down,5,ENSG00000142227,EMP3,-0.20246328003809344
C19orf26,down,6,ENSG00000185198,PRSS57,-0.20146482342208327
C19orf26,down,7,ENSG00000151287,TEX30,-0.20108809269983696
C19orf26,down,8,ENSG00000160932,LY6E,-0.19648764271750482
C19orf26,down,9,ENSG00000198695,MT-ND6,-0.1894688606976628
C19orf26,down,10,ENSG00000204472,AIF1,-0.18623416911091212
C3orf72,up,1,ENSG00000245532,NEAT1,0.6873750314179661
C3orf72,up,2,ENSG00000158578,ALAS2,0.6743666117621718
C3orf72,up,3,ENSG00000178104,PDE4DIP,0.6262720364291015
C3orf72,up,4,ENSG00000102804,TSC22D1,0.6250106405607643
C3orf72,up,5,ENSG00000251562,MALAT1,0.6152398720280099
C3orf72,up,6,ENSG00000183770,FOXL2,0.5475491839044999
C3orf72,up,7,ENSG00000233236,AP001171.1,0.5328991802517707
C3orf72,up,8,ENSG00000189171,S100A13,0.4263379581329833
C3orf72,up,9,ENSG00000198736,MSRB1,0.4212726789803585
C3orf72,up,10,ENSG00000250361,GYPB,0.4087460529450416
C3orf72,down,1,ENSG00000069482,GAL,-0.6808652470342699
C3orf72,down,2,ENSG00000108106,UBE2S,-0.4959306521563017
C3orf72,down,3,ENSG00000116649,SRM,-0.463823942037624
C3orf72,down,4,ENSG00000151287,TEX30,-0.446358695294072
C3orf72,down,5,ENSG00000239672,NME1,-0.4429384267647886
C3orf72,down,6,ENSG00000164104,HMGB2,-0.4088707899856784
C3orf72,down,7,ENSG00000099901,RANBP1,-0.39013242017127975
C3orf72,down,8,ENSG00000165732,DDX21,-0.3865932761130575
C3orf72,down,9,ENSG00000116161,CACYBP,-0.3695852381901915
C3orf72,down,10,ENSG00000096384,HSP90AB1,-0.3681395854560281
CBFA2T3,up,1,ENSG00000142669,SH3BGRL3,0.5620735842040806
CBFA2T3,up,2,ENSG00000026025,VIM,0.5279383162679029
CBFA2T3,up,3,ENSG00000251562,MALAT1,0.2695059340431484
CBFA2T3,up,4,ENSG00000197747,S100A10,0.2518418837263436
CBFA2T3,up,5,ENSG00000185201,IFITM2,0.2377831797434622
CBFA2T3,up,6,ENSG00000185420,SMYD3,0.23477804613605036
CBFA2T3,up,7,ENSG00000185198,PRSS57,0.22999643526242794
CBFA2T3,up,8,ENSG00000034510,TMSB10,0.22477278560444763
CBFA2T3,up,9,ENSG00000233236,AP001171.1,0.21927776449646053
CBFA2T3,up,10,ENSG00000099875,MKNK2,0.21692349231718777
CBFA2T3,down,1,ENSG00000196565,HBG2,-0.7556619626641605
CBFA2T3,down,2,ENSG00000130656,HBZ,-0.5713884962624628
CBFA2T3,down,3,ENSG00000213934,HBG1,-0.4702696020923316
CBFA2T3,down,4,ENSG00000250361,GYPB,-0.3857849468157242
CBFA2T3,down,5,ENSG00000069011,PITX1,-0.37593796896696385
CBFA2T3,down,6,ENSG00000170180,GYPA,-0.3531066825634226
CBFA2T3,down,7,ENSG00000069482,GAL,-0.33663753938408947
CBFA2T3,down,8,ENSG00000119403,PHF19,-0.26671424788050346
CBFA2T3,down,9,ENSG00000088992,TESC,-0.25738572491128386
CBFA2T3,down,10,ENSG00000135047,CTSL,-0.2509058959413846
CBL,up,1,ENSG00000130656,HBZ,1.3436820960362317
CBL,up,2,ENSG00000002586,CD99,1.0303957408592135
CBL,up,3,ENSG00000196565,HBG2,0.7121017196276757
CBL,up,4,ENSG00000158578,ALAS2,0.4335054084465456
CBL,up,5,ENSG00000213934,HBG1,0.41057744831314413
CBL,up,6,ENSG00000250361,GYPB,0.368581715141769
CBL,up,7,ENSG00000182871,COL18A1,0.3353529401761003
CBL,up,8,ENSG00000147454,SLC25A37,0.33217023831120057
CBL,up,9,ENSG00000090013,BLVRB,0.3182429801489126
CBL,up,10,ENSG00000206172,HBA1,0.3107490204217476
CBL,down,1,ENSG00000185198,PRSS57,-0.4404598137462738
CBL,down,2,ENSG00000213719,CLIC1,-0.3117468202555505
CBL,down,3,ENSG00000160932,LY6E,-0.30552516553677167
CBL,down,4,ENSG00000151287,TEX30,-0.3015821523652438
CBL,down,5,ENSG00000142227,EMP3,-0.29494152892747205
CBL,down,6,ENSG00000130755,GMFG,-0.2572078312370518
CBL,down,7,ENSG00000117450,PRDX1,-0.24631559116588697
CBL,down,8,ENSG00000163191,S100A11,-0.22784220083605478
CBL,down,9,ENSG00000184009,ACTG1,-0.22461617180562168
CBL,down,10,ENSG00000143851,PTPN7,-0.22388506992188628
CDKN1A,up,1,ENSG00000130656,HBZ,1.0286242701582884
CDKN1A,up,2,ENSG00000196565,HBG2,0.9186504338895335
CDKN1A,up,3,ENSG00000124762,CDKN1A,0.844863270335963
CDKN1A,up,4,ENSG00000279669,RP11-717F1.1,0.6345810849283455
CDKN1A,up,5,ENSG00000158578,ALAS2,0.6281155204934807
CDKN1A,up,6,ENSG00000213934,HBG1,0.5203044592302343
CDKN1A,up,7,ENSG00000245532,NEAT1,0.49578833688212964
CDKN1A,up,8,ENSG00000250361,GYPB,0.4244757285881925
CDKN1A,up,9,ENSG00000236824,BCYRN1,0.4243271594673108
CDKN1A,up,10,ENSG00000147454,SLC25A37,0.42337043575719313
CDKN1A,down,1,ENSG00000197061,HIST1H4C,-0.8933701621836411
CDKN1A,down,2,ENSG00000164104,HMGB2,-0.5556232643382382
CDKN1A,down,3,ENSG00000123416,TUBA1B,-0.5132872479082533
CDKN1A,down,4,ENSG00000116161,CACYBP,-0.49456691452575574
CDKN1A,down,5,ENSG00000173207,CKS1B,-0.48478339873037113
CDKN1A,down,6,ENSG00000213719,CLIC1,-0.47150771614350945
CDKN1A,down,7,ENSG00000187514,PTMA,-0.4628957408906514
CDKN1A,down,8,ENSG00000117450,PRDX1,-0.4592062217860719
CDKN1A,down,9,ENSG00000099901,RANBP1,-0.4572357193361585
CDKN1A,down,10,ENSG00000080824,HSP90AA1,-0.4298747185201879
CDKN1B,up,1,ENSG00000130656,HBZ,0.9557954048066071
CDKN1B,up,2,ENSG00000196565,HBG2,0.6333248786927737
CDKN1B,up,3,ENSG00000158578,ALAS2,0.5014187458940019
CDKN1B,up,4,ENSG00000129757,CDKN1C,0.4422909614116298
CDKN1B,up,5,ENSG00000141753,IGFBP4,0.39542369062426225
CDKN1B,up,6,ENSG00000147454,SLC25A37,0.39109278945661446
CDKN1B,up,7,ENSG00000213934,HBG1,0.3584100591358162
CDKN1B,up,8,ENSG00000206172,HBA1,0.3541102641610846
CDKN1B,up,9,ENSG00000236824,BCYRN1,0.32720625393197483
CDKN1B,up,10,ENSG00000197746,PSAP,0.30172494791239274
CDKN1B,down,1,ENSG00000197061,HIST1H4C,-0.5898671840340282
CDKN1B,down,2,ENSG00000164104,HMGB2,-0.4083846653284325
CDKN1B,down,3,ENSG00000123416,TUBA1B,-0.39882583154701945
CDKN1B,down,4,ENSG00000117632,STMN1,-0.3853216987590079
CDKN1B,down,5,ENSG00000187514,PTMA,-0.38104602302967305
CDKN1B,down,6,ENSG00000099901,RANBP1,-0.37419753362344327
CDKN1B,down,7,ENSG00000124795,DEK,-0.3506083594120191
CDKN1B,down,8,ENSG00000117450,PRDX1,-0.348832439094381
CDKN1B,down,9,ENSG00000173207,CKS1B,-0.34475516979325294
CDKN1B,down,10,ENSG00000116161,CACYBP,-0.341388710722506
CDKN1C,up,1,ENSG00000130656,HBZ,0.9016936519016303
CDKN1C,up,2,ENSG00000196565,HBG2,0.7771770105639236
CDKN1C,up,3,ENSG00000279669,RP11-717F1.1,0.7627868148339091
CDKN1C,up,4,ENSG00000158578,ALAS2,0.5982100324897007
CDKN1C,up,5,ENSG00000129757,CDKN1C,0.5961029728509364
CDKN1C,up,6,ENSG00000213934,HBG1,0.5169169175336508
CDKN1C,up,7,ENSG00000245532,NEAT1,0.4732470441965099
CDKN1C,up,8,ENSG00000250361,GYPB,0.4126913000983309
CDKN1C,up,9,ENSG00000236824,BCYRN1,0.4104108909722905
CDKN1C,up,10,ENSG00000149485,FADS1,0.38910363871933357
CDKN1C,down,1,ENSG00000197061,HIST1H4C,-0.9234384407760138
CDKN1C,down,2,ENSG00000164104,HMGB2,-0.7267230341086481
CDKN1C,down,3,ENSG00000123416,TUBA1B,-0.6452056417045493
CDKN1C,down,4,ENSG00000117632,STMN1,-0.5572124944107898
CDKN1C,down,5,ENSG00000173207,CKS1B,-0.5496465798602063
CDKN1C,down,6,ENSG00000099901,RANBP1,-0.47511056535104323
CDKN1C,down,7,ENSG00000117450,PRDX1,-0.47468053079454264
CDKN1C,down,8,ENSG00000116161,CACYBP,-0.4633764511742364
CDKN1C,down,9,ENSG00000108106,UBE2S,-0.46278585574727393
CDKN1C,down,10,ENSG00000151287,TEX30,-0.41594554372822334
CEBPA,up,1,ENSG00000204482,LST1,2.468826236001868
CEBPA,up,2,ENSG00000105205,CLC,2.1723769292912443
CEBPA,up,3,ENSG00000197766,CFD,2.103944519112817
CEBPA,up,4,ENSG00000119535,CSF3R,1.9405779704626402
CEBPA,up,5,ENSG00000011600,TYROBP,1.9129342207852829
CEBPA,up,6,ENSG00000146278,PNRC1,1.7365416436871932
CEBPA,up,7,ENSG00000026025,VIM,1.653111663329527
CEBPA,up,8,ENSG00000149516,MS4A3,1.6295664308282385
CEBPA,up,9,ENSG00000205542,TMSB4X,1.4638856986328035
CEBPA,up,10,ENSG00000204472,AIF1,1.4499571983816044
CEBPA,down,1,ENSG00000239672,NME1,-1.4190241326293822
CEBPA,down,2,ENSG00000099901,RANBP1,-1.3533466120491076
CEBPA,down,3,ENSG00000116649,SRM,-1.2932465141137592
CEBPA,down,4,ENSG00000187514,PTMA,-1.2088132630799622
CEBPA,down,5,ENSG00000196565,HBG2,-1.1429617872771705
CEBPA,down,6,ENSG00000104341,LAPTM4B,-1.1068637644446553
CEBPA,down,7,ENSG00000144381,HSPD1,-1.0282249568256574
CEBPA,down,8,ENSG00000069011,PITX1,-1.0209086422511464
CEBPA,down,9,ENSG00000108106,UBE2S,-1.017087177861571
CEBPA,down,10,ENSG00000250361,GYPB,-1.003314053644716
CEBPB,up,1,ENSG00000204482,LST1,1.1418598699311668
CEBPB,up,2,ENSG00000105223,PLD3,1.1051558838466795
CEBPB,up,3,ENSG00000204472,AIF1,0.998836504932539
CEBPB,up,4,ENSG00000197766,CFD,0.9590093668616706
CEBPB,up,5,ENSG00000227706,RP11-301G19.1,0.9320182739775381
CEBPB,up,6,ENSG00000117318,ID3,0.8475583167598408
CEBPB,up,7,ENSG00000142669,SH3BGRL3,0.8354961257574933
CEBPB,up,8,ENSG00000125968,ID1,0.8289804987928061
CEBPB,up,9,ENSG00000011600,TYROBP,0.7851622436795556
CEBPB,up,10,ENSG00000119535,CSF3R,0.7343567718201163
CEBPB,down,1,ENSG00000196565,HBG2,-0.8530777988588111
CEBPB,down,2,ENSG00000170180,GYPA,-0.689903714440883
CEBPB,down,3,ENSG00000116649,SRM,-0.6562972331068406
CEBPB,down,4,ENSG00000239672,NME1,-0.6499184947736589
CEBPB,down,5,ENSG00000099901,RANBP1,-0.5908311601069349
CEBPB,down,6,ENSG00000069482,GAL,-0.5807987387807777
CEBPB,down,7,ENSG00000250361,GYPB,-0.5605622039066811
CEBPB,down,8,ENSG00000279669,RP11-717F1.1,-0.5501115024338747
CEBPB,down,9,ENSG00000187514,PTMA,-0.5420144741231052
CEBPB,down,10,ENSG00000108106,UBE2S,-0.5160483742587122
CEBPE,up,1,ENSG00000092067,CEBPE,1.7731680129245462
CEBPE,up,2,ENSG00000204482,LST1,1.5390788557249582
CEBPE,up,3,ENSG00000204472,AIF1,1.0503580565468447
CEBPE,up,4,ENSG00000143013,LMO4,1.036190835300908
CEBPE,up,5,ENSG00000026025,VIM,1.0017458370398098
CEBPE,up,6,ENSG00000149516,MS4A3,0.8909041950329082
CEBPE,up,7,ENSG00000146278,PNRC1,0.8741009796198738
CEBPE,up,8,ENSG00000198736,MSRB1,0.7931371749724886
CEBPE,up,9,ENSG00000011600,TYROBP,0.7871403695099358
CEBPE,up,10,ENSG00000119535,CSF3R,0.7387809691777435
CEBPE,down,1,ENSG00000196565,HBG2,-0.8772672217381252
CEBPE,down,2,ENSG00000170180,GYPA,-0.7639473032213697
CEBPE,down,3,ENSG00000250361,GYPB,-0.7583686737246138
CEBPE,down,4,ENSG00000130656,HBZ,-0.7349703268272141
CEBPE,down,5,ENSG00000279669,RP11-717F1.1,-0.7060976209092766
CEBPE,down,6,ENSG00000239672,NME1,-0.7019701239009882
CEBPE,down,7,ENSG00000108106,UBE2S,-0.6971635792853182
CEBPE,down,8,ENSG00000069011,PITX1,-0.6692409010429881
CEBPE,down,9,ENSG00000116649,SRM,-0.6578762076298763
CEBPE,down,10,ENSG00000099901,RANBP1,-0.6427148813551207
CELF2,up,1,ENSG00000243449,C4orf48,0.9460212198012281
CELF2,up,2,ENSG00000204482,LST1,0.447685674389261
CELF2,up,3,ENSG00000147065,MSN,0.4003544275580723
CELF2,up,4,ENSG00000119403,PHF19,0.3853299900653325
CELF2,up,5,ENSG00000149516,MS4A3,0.3617829509600044
CELF2,up,6,ENSG00000245848,CEBPA,0.3616490685497347
CELF2,up,7,ENSG00000143013,LMO4,0.3337707963305039
CELF2,up,8,ENSG00000204472,AIF1,0.30460794358898974
CELF2,up,9,ENSG00000227706,RP11-301G19.1,0.3041810724354014
CELF2,up,10,ENSG00000142669,SH3BGRL3,0.2786856435932916
CELF2,down,1,ENSG00000170180,GYPA,-0.3343495520618069
CELF2,down,2,ENSG00000196565,HBG2,-0.3194691823501358
CELF2,down,3,ENSG00000130203,APOE,-0.3122709207671544
CELF2,down,4,ENSG00000250361,GYPB,-0.29988048570777237
CELF2,down,5,ENSG00000198336,MYL4,-0.2919864934072554
CELF2,down,6,ENSG00000279669,RP11-717F1.1,-0.26537696387933024
CELF2,down,7,ENSG00000239672,NME1,-0.25407861488062106
CELF2,down,8,ENSG00000213934,HBG1,-0.21727055135228568
CELF2,down,9,ENSG00000084207,GSTP1,-0.21140566926242438
CELF2,down,10,ENSG00000166165,CKB,-0.20751032764282834
CITED1,up,1,ENSG00000245532,NEAT1,0.9612140370992567
CITED1,up,2,ENSG00000251562,MALAT1,0.8731272350764581
CITED1,up,3,ENSG00000125931,CITED1,0.5763860312660906
CITED1,up,4,ENSG00000119535,CSF3R,0.4949886891084632
CITED1,up,5,ENSG00000095794,CREM,0.4045391941671472
CITED1,up,6,ENSG00000021355,SERPINB1,0.37357564744952093
CITED1,up,7,ENSG00000130522,JUND,0.36092457364317765
CITED1,up,8,ENSG00000142669,SH3BGRL3,0.35905479747863733
CITED1,up,9,ENSG00000179348,GATA2,0.35721787966001955
CITED1,up,10,ENSG00000279669,RP11-717F1.1,0.3560814348112471
CITED1,down,1,ENSG00000239672,NME1,-0.5097716178039164
CITED1,down,2,ENSG00000187514,PTMA,-0.5078270902320186
CITED1,down,3,ENSG00000099901,RANBP1,-0.5060933214822367
CITED1,down,4,ENSG00000119403,PHF19,-0.49408455368118903
CITED1,down,5,ENSG00000116649,SRM,-0.4820946988477538
CITED1,down,6,ENSG00000173207,CKS1B,-0.48088861521719395
CITED1,down,7,ENSG00000134333,LDHA,-0.4777975755582658
CITED1,down,8,ENSG00000197061,HIST1H4C,-0.4178616006567433
CITED1,down,9,ENSG00000116161,CACYBP,-0.41631163605015764
CITED1,down,10,ENSG00000069011,PITX1,-0.4053882289729649
CKS1B,up,1,ENSG00000130203,APOE,0.8880953310743698
CKS1B,up,2,ENSG00000130208,APOC1,0.8857319056399193
CKS1B,up,3,ENSG00000140545,MFGE8,0.8764732907134953
CKS1B,up,4,ENSG00000130656,HBZ,0.7962601346214578
CKS1B,up,5,ENSG00000169764,UGP2,0.7829999275822197
CKS1B,up,6,ENSG00000115255,REEP6,0.7587364125276922
CKS1B,up,7,ENSG00000187837,HIST1H1C,0.7306119295968454
CKS1B,up,8,ENSG00000145703,IQGAP2,0.5939523694704621
CKS1B,up,9,ENSG00000162878,PKDCC,0.5705500739974527
CKS1B,up,10,ENSG00000090013,BLVRB,0.5427436050812308
CKS1B,down,1,ENSG00000069482,GAL,-0.8064187458925431
CKS1B,down,2,ENSG00000108106,UBE2S,-0.528447203931932
CKS1B,down,3,ENSG00000116161,CACYBP,-0.4255643566678239
CKS1B,down,4,ENSG00000134333,LDHA,-0.4239904598932177
CKS1B,down,5,ENSG00000151287,TEX30,-0.4211513912718353
CKS1B,down,6,ENSG00000165732,DDX21,-0.4088182382493192
CKS1B,down,7,ENSG00000126067,PSMB2,-0.3975071421728854
CKS1B,down,8,ENSG00000213719,CLIC1,-0.3938940759580203
CKS1B,down,9,ENSG00000117410,ATP6V0B,-0.3896293020763264
CKS1B,down,10,ENSG00000239672,NME1,-0.36922709547161947
CLDN6,up,1,ENSG00000130656,HBZ,1.7706669478817105
CLDN6,up,2,ENSG00000184697,CLDN6,1.438215826147187
CLDN6,up,3,ENSG00000158578,ALAS2,1.2408317859833935
CLDN6,up,4,ENSG00000196565,HBG2,1.1068258715095438
CLDN6,up,5,ENSG00000250361,GYPB,0.8203253490398498
CLDN6,up,6,ENSG00000251562,MALAT1,0.64515940890503
CLDN6,up,7,ENSG00000245532,NEAT1,0.6433695368688952
CLDN6,up,8,ENSG00000144591,GMPPA,0.6356755993338123
CLDN6,up,9,ENSG00000130203,APOE,0.6313818023111949
CLDN6,up,10,ENSG00000206172,HBA1,0.6173448512018536
CLDN6,down,1,ENSG00000091317,CMTM6,-0.5239077092501929
CLDN6,down,2,ENSG00000197061,HIST1H4C,-0.5057119597843971
CLDN6,down,3,ENSG00000099901,RANBP1,-0.4865140944294475
CLDN6,down,4,ENSG00000160932,LY6E,-0.4669016480154109
CLDN6,down,5,ENSG00000055118,KCNH2,-0.45725782435790896
CLDN6,down,6,ENSG00000164104,HMGB2,-0.45020010170970526
CLDN6,down,7,ENSG00000185198,PRSS57,-0.4466282664645626
CLDN6,down,8,ENSG00000213719,CLIC1,-0.4420136232261036
CLDN6,down,9,ENSG00000108106,UBE2S,-0.44105007059942625
CLDN6,down,10,ENSG00000151287,TEX30,-0.4143063694314535
CNN1,up,1,ENSG00000130656,HBZ,1.99067584784329
CNN1,up,2,ENSG00000130176,CNN1,1.1736441065923762
CNN1,up,3,ENSG00000147454,SLC25A37,1.0781984841756005
CNN1,up,4,ENSG00000196565,HBG2,0.751138715649061
CNN1,up,5,ENSG00000206172,HBA1,0.7018163287210057
CNN1,up,6,ENSG00000182871,COL18A1,0.5776273973284862
CNN1,up,7,ENSG00000130203,APOE,0.5735704345991004
CNN1,up,8,ENSG00000088992,TESC,0.5628380137559827
CNN1,up,9,ENSG00000158578,ALAS2,0.5005177305559688
CNN1,up,10,ENSG00000185650,ZFP36L1,0.4624008856135269
CNN1,down,1,ENSG00000185198,PRSS57,-0.5205607640465281
CNN1,down,2,ENSG00000108106,UBE2S,-0.49292463635834405
CNN1,down,3,ENSG00000142227,EMP3,-0.38471870642628453
CNN1,down,4,ENSG00000163191,S100A11,-0.37609986837581466
CNN1,down,5,ENSG00000151287,TEX30,-0.3432836009562868
CNN1,down,6,ENSG00000117410,ATP6V0B,-0.3343434568809951
CNN1,down,7,ENSG00000205542,TMSB4X,-0.3284266638195308
CNN1,down,8,ENSG00000160932,LY6E,-0.3196835479063974
CNN1,down,9,ENSG00000142669,SH3BGRL3,-0.31196196236261775
CNN1,down,10,ENSG00000143851,PTPN7,-0.309095795292973
CNNM4,up,1,ENSG00000130656,HBZ,2.1248948481542813
CNNM4,up,2,ENSG00000250361,GYPB,0.8244540808258837
CNNM4,up,3,ENSG00000170180,GYPA,0.7365549926188957
CNNM4,up,4,ENSG00000245532,NEAT1,0.43422640428022524
CNNM4,up,5,ENSG00000197465,GYPE,0.3933438114788176
CNNM4,up,6,ENSG00000198054,DSCR8,0.3024650163510909
CNNM4,up,7,ENSG00000198673,FAM19A2,0.28520844509462784
CNNM4,up,8,ENSG00000256713,PGA5,0.2469924904504253
CNNM4,up,9,ENSG00000112576,CCND3,0.2228612164016755
CNNM4,up,10,ENSG00000007944,MYLIP,0.21453083138422666
CNNM4,down,1,ENSG00000196565,HBG2,-0.45633438453439223
CNNM4,down,2,ENSG00000055118,KCNH2,-0.34405991039151473
CNNM4,down,3,ENSG00000227706,RP11-301G19.1,-0.3268591751665554
CNNM4,down,4,ENSG00000026025,VIM,-0.3221391688121426
CNNM4,down,5,ENSG00000135047,CTSL,-0.3126894532828291
CNNM4,down,6,ENSG00000108106,UBE2S,-0.2800282955406939
CNNM4,down,7,ENSG00000213934,HBG1,-0.24348908584894927
CNNM4,down,8,ENSG00000167641,PPP1R14A,-0.22627479291118677
CNNM4,down,9,ENSG00000069482,GAL,-0.19131766428124486
CNNM4,down,10,ENSG00000069011,PITX1,-0.1841457129732077
COL1A1,up,1,ENSG00000108821,COL1A1,2.0229953416817112
COL1A1,up,2,ENSG00000168209,DDIT4,0.8097740587639031
COL1A1,up,3,ENSG00000173812,EIF1,0.645858855810088
COL1A1,up,4,ENSG00000204472,AIF1,0.5682085977597287
COL1A1,up,5,ENSG00000132386,SERPINF1,0.5555242084322609
COL1A1,up,6,ENSG00000168003,SLC3A2,0.5243954950801076
COL1A1,up,7,ENSG00000163191,S100A11,0.5094591470458306
COL1A1,up,8,ENSG00000092621,PHGDH,0.5067987022914181
COL1A1,up,9,ENSG00000101255,TRIB3,0.4802074412200342
COL1A1,up,10,ENSG00000185198,PRSS57,0.479793492195568
COL1A1,down,1,ENSG00000187837,HIST1H1C,-1.165829676318185
COL1A1,down,2,ENSG00000196565,HBG2,-0.8424071689323477
COL1A1,down,3,ENSG00000130656,HBZ,-0.663508667899996
COL1A1,down,4,ENSG00000069482,GAL,-0.6069145248486326
COL1A1,down,5,ENSG00000198695,MT-ND6,-0.6048238641083009
COL1A1,down,6,ENSG00000124635,HIST1H2BJ,-0.5905003237136315
COL1A1,down,7,ENSG00000069011,PITX1,-0.5516115776549548
COL1A1,down,8,ENSG00000198763,MT-ND2,-0.5501378820088995
COL1A1,down,9,ENSG00000187514,PTMA,-0.5474831057816151
COL1A1,down,10,ENSG00000119403,PHF19,-0.5223461260755418
COL2A1,up,1,ENSG00000139219,COL2A1,1.9742074167337045
COL2A1,up,2,ENSG00000102265,TIMP1,1.0763777156187557
COL2A1,up,3,ENSG00000142669,SH3BGRL3,0.8498026526730307
COL2A1,up,4,ENSG00000185551,NR2F2,0.7146540607723803
COL2A1,up,5,ENSG00000104894,CD37,0.6480455701709493
COL2A1,up,6,ENSG00000110492,MDK,0.5838171429298314
COL2A1,up,7,ENSG00000111057,KRT18,0.5318691353418351
COL2A1,up,8,ENSG00000105048,TNNT1,0.5061598972518349
COL2A1,up,9,ENSG00000128683,GAD1,0.503165311897374
COL2A1,up,10,ENSG00000026025,VIM,0.5005589099084655
COL2A1,down,1,ENSG00000130656,HBZ,-0.7902021981718945
COL2A1,down,2,ENSG00000130208,APOC1,-0.7378870284493891
COL2A1,down,3,ENSG00000187837,HIST1H1C,-0.6878975843185974
COL2A1,down,4,ENSG00000069011,PITX1,-0.6235341790200906
COL2A1,down,5,ENSG00000167641,PPP1R14A,-0.5970183413040542
COL2A1,down,6,ENSG00000196565,HBG2,-0.5736785419604664
COL2A1,down,7,ENSG00000124635,HIST1H2BJ,-0.47672180421290433
COL2A1,down,8,ENSG00000072274,TFRC,-0.46071524305742084
COL2A1,down,9,ENSG00000069482,GAL,-0.4534323132717858
COL2A1,down,10,ENSG00000108106,UBE2S,-0.43895234743904094
CSRNP1,up,1,ENSG00000069482,GAL,0.3831058407254647
CSRNP1,up,2,ENSG00000164687,FABP5,0.2993246641446495
CSRNP1,up,3,ENSG00000144655,CSRNP1,0.2559882925117664
CSRNP1,up,4,ENSG00000181163,NPM1,0.22921600190585778
CSRNP1,up,5,ENSG00000165732,DDX21,0.1622996563917627
CSRNP1,up,6,ENSG00000144381,HSPD1,0.1611930667554269
CSRNP1,up,7,ENSG00000117450,PRDX1,0.14972634031903187
CSRNP1,up,8,ENSG00000136997,MYC,0.1485889431980079
CSRNP1,up,9,ENSG00000026025,VIM,0.14505815155038765
CSRNP1,up,10,ENSG00000109971,HSPA8,0.1446503864127697
CSRNP1,down,1,ENSG00000142669,SH3BGRL3,-0.3707398174614376
CSRNP1,down,2,ENSG00000250361,GYPB,-0.31215683257195936
CSRNP1,down,3,ENSG00000170180,GYPA,-0.27940701280219726
CSRNP1,down,4,ENSG00000187837,HIST1H1C,-0.2757093439630748
CSRNP1,down,5,ENSG00000100097,LGALS1,-0.264930076725424
CSRNP1,down,6,ENSG00000167996,FTH1,-0.2332733630272401
CSRNP1,down,7,ENSG00000105048,TNNT1,-0.21641607694342654
CSRNP1,down,8,ENSG00000279669,RP11-717F1.1,-0.20881944787243273
CSRNP1,down,9,ENSG00000124635,HIST1H2BJ,-0.19225259691759655
CSRNP1,down,10,ENSG00000160932,LY6E,-0.1852791519182498
DLX2,up,1,ENSG00000026297,RNASET2,0.9330583550720506
DLX2,up,2,ENSG00000159388,BTG2,0.46924856671384574
DLX2,up,3,ENSG00000115844,DLX2,0.4313631599495758
DLX2,up,4,ENSG00000026025,VIM,0.40291709775122936
DLX2,up,5,ENSG00000138772,ANXA3,0.37944840030353866
DLX2,up,6,ENSG00000130303,BST2,0.3669745300713694
DLX2,up,7,ENSG00000123685,BATF3,0.2951876712484705
DLX2,up,8,ENSG00000185198,PRSS57,0.2625457543815921
DLX2,up,9,ENSG00000227706,RP11-301G19.1,0.2328558152370628
DLX2,up,10,ENSG00000128683,GAD1,0.22215211981728694
DLX2,down,1,ENSG00000130656,HBZ,-1.007753989839519
DLX2,down,2,ENSG00000196565,HBG2,-0.8067175249951213
DLX2,down,3,ENSG00000213934,HBG1,-0.47278398262019367
DLX2,down,4,ENSG00000187837,HIST1H1C,-0.3897810329599003
DLX2,down,5,ENSG00000069482,GAL,-0.3631810970704404
DLX2,down,6,ENSG00000198336,MYL4,-0.3483939764983947
DLX2,down,7,ENSG00000088992,TESC,-0.34704052754623815
DLX2,down,8,ENSG00000124635,HIST1H2BJ,-0.33997739051122966
DLX2,down,9,ENSG00000108106,UBE2S,-0.33680656416409416
DLX2,down,10,ENSG00000080824,HSP90AA1,-0.31635370693538656
DUSP9,up,1,ENSG00000130656,HBZ,2.0990071732657745
DUSP9,up,2,ENSG00000130829,DUSP9,1.4606745432809456
DUSP9,up,3,ENSG00000250361,GYPB,1.166963862232509
DUSP9,up,4,ENSG00000196565,HBG2,1.0578483660658897
DUSP9,up,5,ENSG00000158578,ALAS2,0.9675387902782729
DUSP9,up,6,ENSG00000172270,BSG,0.7732005614146532
DUSP9,up,7,ENSG00000170180,GYPA,0.741232890301297
DUSP9,up,8,ENSG00000104549,SQLE,0.6346474093333542
DUSP9,up,9,ENSG00000144591,GMPPA,0.6280790378865835
DUSP9,up,10,ENSG00000182871,COL18A1,0.5932332139700253
DUSP9,down,1,ENSG00000227706,RP11-301G19.1,-0.7038246164847883
DUSP9,down,2,ENSG00000069482,GAL,-0.5577938651996153
DUSP9,down,3,ENSG00000184009,ACTG1,-0.5413012733400256
DUSP9,down,4,ENSG00000185198,PRSS57,-0.5175439714118245
DUSP9,down,5,ENSG00000142227,EMP3,-0.5090006367392769
DUSP9,down,6,ENSG00000026025,VIM,-0.4915769952775814
DUSP9,down,7,ENSG00000163191,S100A11,-0.47592414279820333
DUSP9,down,8,ENSG00000134333,LDHA,-0.46242503161741977
DUSP9,down,9,ENSG00000151287,TEX30,-0.4598938480970952
DUSP9,down,10,ENSG00000115758,ODC1,-0.4498963656075322
EGR1,up,1,ENSG00000130656,HBZ,0.9215406018549885
EGR1,up,2,ENSG00000142669,SH3BGRL3,0.46013892739067486
EGR1,up,3,ENSG00000251562,MALAT1,0.38365630956335506
EGR1,up,4,ENSG00000196565,HBG2,0.3701006119247502
EGR1,up,5,ENSG00000245532,NEAT1,0.3633176348839178
EGR1,up,6,ENSG00000090013,BLVRB,0.3231451623188469
EGR1,up,7,ENSG00000158578,ALAS2,0.28475030224870396
EGR1,up,8,ENSG00000169442,CD52,0.26916300860842735
EGR1,up,9,ENSG00000279669,RP11-717F1.1,0.2614749311212102
EGR1,up,10,ENSG00000034510,TMSB10,0.25617062098080867
EGR1,down,1,ENSG00000069482,GAL,-0.47778980793118814
EGR1,down,2,ENSG00000026025,VIM,-0.4006158158467924
EGR1,down,3,ENSG00000135047,CTSL,-0.3311356899673338
EGR1,down,4,ENSG00000185198,PRSS57,-0.3143538562867626
EGR1,down,5,ENSG00000164687,FABP5,-0.29853964867745164
EGR1,down,6,ENSG00000117450,PRDX1,-0.29574500810805293
EGR1,down,7,ENSG00000144381,HSPD1,-0.2835981905605973
EGR1,down,8,ENSG00000151287,TEX30,-0.27763398704639763
EGR1,down,9,ENSG00000136997,MYC,-0.2743620078877887
EGR1,down,10,ENSG00000041357,PSMA4,-0.26802799740800265
ELMSAN1,up,1,ENSG00000196565,HBG2,0.7691123911564629
ELMSAN1,up,2,ENSG00000130656,HBZ,0.5505519127014288
ELMSAN1,up,3,ENSG00000213934,HBG1,0.49145920184125047
ELMSAN1,up,4,ENSG00000005187,ACSM3,0.351253265681106
ELMSAN1,up,5,ENSG00000187837,HIST1H1C,0.33190119663008477
ELMSAN1,up,6,ENSG00000130208,APOC1,0.3191788615583543
ELMSAN1,up,7,ENSG00000279669,RP11-717F1.1,0.25913816708658943
ELMSAN1,up,8,ENSG00000130203,APOE,0.2542962092859762
ELMSAN1,up,9,ENSG00000069482,GAL,0.23745880675505535
ELMSAN1,up,10,ENSG00000110079,MS4A4A,0.21311798156670717
ELMSAN1,down,1,ENSG00000034510,TMSB10,-0.2539843552057154
ELMSAN1,down,2,ENSG00000167641,PPP1R14A,-0.2527463781924241
ELMSAN1,down,3,ENSG00000245532,NEAT1,-0.22887941793612582
ELMSAN1,down,4,ENSG00000251562,MALAT1,-0.21783739943079405
ELMSAN1,down,5,ENSG00000125148,MT2A,-0.19630552577721055
ELMSAN1,down,6,ENSG00000116717,GADD45A,-0.18034025343444923
ELMSAN1,down,7,ENSG00000142669,SH3BGRL3,-0.17694131073020353
ELMSAN1,down,8,ENSG00000115457,IGFBP2,-0.1706440337769797
ELMSAN1,down,9,ENSG00000197766,CFD,-0.17011131938107232
ELMSAN1,down,10,ENSG00000185420,SMYD3,-0.16693244695112364
ETS2,up,1,ENSG00000204472,AIF1,0.7569956838034869
ETS2,up,2,ENSG00000142669,SH3BGRL3,0.691386030366393
ETS2,up,3,ENSG00000205542,TMSB4X,0.562671354641692
ETS2,up,4,ENSG00000130755,GMFG,0.558557317807393
ETS2,up,5,ENSG00000213654,GPSM3,0.5578184070369684
ETS2,up,6,ENSG00000185201,IFITM2,0.48215770735175817
ETS2,up,7,ENSG00000157557,ETS2,0.44555820974133126
ETS2,up,8,ENSG00000163191,S100A11,0.44530252472340964
ETS2,up,9,ENSG00000111348,ARHGDIB,0.43855866116844566
ETS2,up,10,ENSG00000147065,MSN,0.4062048501980854
ETS2,down,1,ENSG00000196565,HBG2,-0.9382314163161952
ETS2,down,2,ENSG00000130656,HBZ,-0.6852656685265787
ETS2,down,3,ENSG00000069482,GAL,-0.5146251940233875
ETS2,down,4,ENSG00000213934,HBG1,-0.4673614793580413
ETS2,down,5,ENSG00000130208,APOC1,-0.4649578477154024
ETS2,down,6,ENSG00000266976,AC079466.1,-0.36826032057733293
ETS2,down,7,ENSG00000135047,CTSL,-0.2738779626172906
ETS2,down,8,ENSG00000279669,RP11-717F1.1,-0.2658535686078845
ETS2,down,9,ENSG00000130203,APOE,-0.257626853347924
ETS2,down,10,ENSG00000110492,MDK,-0.240435588474889
FEV,up,1,ENSG00000163497,FEV,1.669497221703063
FEV,up,2,ENSG00000196565,HBG2,1.403706875533406
FEV,up,3,ENSG00000163499,CRYBA2,1.19756964039588
FEV,up,4,ENSG00000142669,SH3BGRL3,0.9879765795119547
FEV,up,5,ENSG00000213934,HBG1,0.98516916074789
FEV,up,6,ENSG00000130656,HBZ,0.9202434079285822
FEV,up,7,ENSG00000250361,GYPB,0.6923716039831682
FEV,up,8,ENSG00000090013,BLVRB,0.5599582388852057
FEV,up,9,ENSG00000112576,CCND3,0.5460306088141855
FEV,up,10,ENSG00000158869,FCER1G,0.5434557094740088
FEV,down,1,ENSG00000175130,MARCKSL1,-0.7684579273264777
FEV,down,2,ENSG00000026025,VIM,-0.735148570087885
FEV,down,3,ENSG00000130208,APOC1,-0.6386966153248186
FEV,down,4,ENSG00000069482,GAL,-0.5719397587833714
FEV,down,5,ENSG00000185198,PRSS57,-0.5514357061280224
FEV,down,6,ENSG00000101439,CST3,-0.5158801785282435
FEV,down,7,ENSG00000055118,KCNH2,-0.4984856045572177
FEV,down,8,ENSG00000163191,S100A11,-0.4884864034634143
FEV,down,9,ENSG00000227706,RP11-301G19.1,-0.43302030777337897
FEV,down,10,ENSG00000198695,MT-ND6,-0.41646167227983066
FOSB,up,1,ENSG00000142669,SH3BGRL3,0.7909528380273887
FOSB,up,2,ENSG00000149516,MS4A3,0.6939733338012108
FOSB,up,3,ENSG00000204482,LST1,0.6193891906585351
FOSB,up,4,ENSG00000204472,AIF1,0.6184795040531426
FOSB,up,5,ENSG00000026025,VIM,0.6051542532733312
FOSB,up,6,ENSG00000147065,MSN,0.5451901846072897
FOSB,up,7,ENSG00000100097,LGALS1,0.5420968158977129
FOSB,up,8,ENSG00000143013,LMO4,0.5018900019160762
FOSB,up,9,ENSG00000167460,TPM4,0.45779873543380134
FOSB,up,10,ENSG00000227706,RP11-301G19.1,0.4450339308862968
FOSB,down,1,ENSG00000250361,GYPB,-0.5629050908144316
FOSB,down,2,ENSG00000130203,APOE,-0.45888318536772993
FOSB,down,3,ENSG00000170180,GYPA,-0.4376358193006799
FOSB,down,4,ENSG00000279669,RP11-717F1.1,-0.33299094858805506
FOSB,down,5,ENSG00000166669,ATF7IP2,-0.29046575895635784
FOSB,down,6,ENSG00000196565,HBG2,-0.2818368681025968
FOSB,down,7,ENSG00000104341,LAPTM4B,-0.27601717965356104
FOSB,down,8,ENSG00000198336,MYL4,-0.25983107221276264
FOSB,down,9,ENSG00000084207,GSTP1,-0.2550302994921921
FOSB,down,10,ENSG00000166165,CKB,-0.2532092606182716
FOXA1,up,1,ENSG00000250361,GYPB,0.6225928724982831
FOXA1,up,2,ENSG00000166669,ATF7IP2,0.4719501786708628
FOXA1,up,3,ENSG00000117318,ID3,0.35362206935453655
FOXA1,up,4,ENSG00000090382,LYZ,0.31895390082796016
FOXA1,up,5,ENSG00000158578,ALAS2,0.2886400045912779
FOXA1,up,6,ENSG00000185420,SMYD3,0.2873266298235915
FOXA1,up,7,ENSG00000197465,GYPE,0.28572455298584476
FOXA1,up,8,ENSG00000170421,KRT8,0.2841088239277054
FOXA1,up,9,ENSG00000170180,GYPA,0.27149703302390854
FOXA1,up,10,ENSG00000144591,GMPPA,0.24501386551179188
FOXA1,down,1,ENSG00000069482,GAL,-0.4318705896619199
FOXA1,down,2,ENSG00000185198,PRSS57,-0.3365938191379627
FOXA1,down,3,ENSG00000151287,TEX30,-0.30081851716126473
FOXA1,down,4,ENSG00000110492,MDK,-0.2743810561679168
FOXA1,down,5,ENSG00000142227,EMP3,-0.2559396180258704
FOXA1,down,6,ENSG00000055118,KCNH2,-0.2333417326563867
FOXA1,down,7,ENSG00000155368,DBI,-0.22902422818725068
FOXA1,down,8,ENSG00000198695,MT-ND6,-0.2199936698478765
FOXA1,down,9,ENSG00000134333,LDHA,-0.2186099025761748
FOXA1,down,10,ENSG00000213719,CLIC1,-0.21670640981907596
FOXA3,up,1,ENSG00000250361,GYPB,0.5128659288330931
FOXA3,up,2,ENSG00000090382,LYZ,0.5077192278910285
FOXA3,up,3,ENSG00000170421,KRT8,0.3779526695556782
FOXA3,up,4,ENSG00000158578,ALAS2,0.35854491006064915
FOXA3,up,5,ENSG00000170608,FOXA3,0.3418301637030201
FOXA3,up,6,ENSG00000166669,ATF7IP2,0.33449259660950864
FOXA3,up,7,ENSG00000185420,SMYD3,0.3210720653250865
FOXA3,up,8,ENSG00000250722,SEPP1,0.2956488051849012
FOXA3,up,9,ENSG00000007255,TRAPPC6A,0.27986736108496146
FOXA3,up,10,ENSG00000251562,MALAT1,0.27968654523183933
FOXA3,down,1,ENSG00000069482,GAL,-0.4707514925883723
FOXA3,down,2,ENSG00000197061,HIST1H4C,-0.3618839884107824
FOXA3,down,3,ENSG00000151287,TEX30,-0.359290211493903
FOXA3,down,4,ENSG00000108106,UBE2S,-0.3369677229730225
FOXA3,down,5,ENSG00000116161,CACYBP,-0.33558056975889483
FOXA3,down,6,ENSG00000173207,CKS1B,-0.33293562680111455
FOXA3,down,7,ENSG00000099901,RANBP1,-0.3278938370840742
FOXA3,down,8,ENSG00000134333,LDHA,-0.32321188780346477
FOXA3,down,9,ENSG00000239672,NME1,-0.31409392772512834
FOXA3,down,10,ENSG00000187514,PTMA,-0.31205861306769367
FOXF1,up,1,ENSG00000189171,S100A13,0.28280166108776483
FOXF1,up,2,ENSG00000227706,RP11-301G19.1,0.2331887066054286
FOXF1,up,3,ENSG00000185420,SMYD3,0.19192437947848065
FOXF1,up,4,ENSG00000233236,AP001171.1,0.18677958890782156
FOXF1,up,5,ENSG00000268621,AC006262.5,0.18636597608323494
FOXF1,up,6,ENSG00000198736,MSRB1,0.18571292801711214
FOXF1,up,7,ENSG00000166669,ATF7IP2,0.18061755401543678
FOXF1,up,8,ENSG00000158578,ALAS2,0.17495964139821382
FOXF1,up,9,ENSG00000144591,GMPPA,0.16444591693509938
FOXF1,up,10,ENSG00000091317,CMTM6,0.144219930826204
FOXF1,down,1,ENSG00000069482,GAL,-0.2890396583223198
FOXF1,down,2,ENSG00000130656,HBZ,-0.2680813982940618
FOXF1,down,3,ENSG00000135047,CTSL,-0.2356739386375458
FOXF1,down,4,ENSG00000151287,TEX30,-0.21334666203110214
FOXF1,down,5,ENSG00000198336,MYL4,-0.2046836920974579
FOXF1,down,6,ENSG00000119403,PHF19,-0.18491778765906036
FOXF1,down,7,ENSG00000136997,MYC,-0.17111719915022253
FOXF1,down,8,ENSG00000198695,MT-ND6,-0.1620518027624582
FOXF1,down,9,ENSG00000239672,NME1,-0.16164560260637076
FOXF1,down,10,ENSG00000108106,UBE2S,-0.1539537599988429
FOXL2,up,1,ENSG00000183770,FOXL2,0.5863708454029611
FOXL2,up,2,ENSG00000102804,TSC22D1,0.43514998473828487
FOXL2,up,3,ENSG00000251562,MALAT1,0.42752522751439703
FOXL2,up,4,ENSG00000245532,NEAT1,0.39403762622157407
FOXL2,up,5,ENSG00000233236,AP001171.1,0.38861086181830584
FOXL2,up,6,ENSG00000268621,AC006262.5,0.38061464625292446
FOXL2,up,7,ENSG00000227706,RP11-301G19.1,0.37341309168804243
FOXL2,up,8,ENSG00000266976,AC079466.1,0.36122309187017615
FOXL2,up,9,ENSG00000198736,MSRB1,0.35534316757249973
FOXL2,up,10,ENSG00000158578,ALAS2,0.3386198529292656
FOXL2,down,1,ENSG00000130656,HBZ,-0.6718235286013838
FOXL2,down,2,ENSG00000069482,GAL,-0.646287009674558
FOXL2,down,3,ENSG00000239672,NME1,-0.3774679246271927
FOXL2,down,4,ENSG00000198336,MYL4,-0.34809673013095066
FOXL2,down,5,ENSG00000116649,SRM,-0.3162379585426865
FOXL2,down,6,ENSG00000165732,DDX21,-0.31530747177992835
FOXL2,down,7,ENSG00000151287,TEX30,-0.314114429316211
FOXL2,down,8,ENSG00000187837,HIST1H1C,-0.30959942656742695
FOXL2,down,9,ENSG00000108106,UBE2S,-0.3057668299849724
FOXL2,down,10,ENSG00000099901,RANBP1,-0.3056581738399288
FOXO4,up,1,ENSG00000250722,SEPP1,0.7639861780826427
FOXO4,up,2,ENSG00000189171,S100A13,0.6578032382496874
FOXO4,up,3,ENSG00000184481,FOXO4,0.5012329118509558
FOXO4,up,4,ENSG00000166340,TPP1,0.4897857043620465
FOXO4,up,5,ENSG00000090238,YPEL3,0.4656533990463456
FOXO4,up,6,ENSG00000245532,NEAT1,0.45699373840482105
FOXO4,up,7,ENSG00000005187,ACSM3,0.41793959438038725
FOXO4,up,8,ENSG00000130203,APOE,0.39588492139634746
FOXO4,up,9,ENSG00000130656,HBZ,0.38877077393818243
FOXO4,up,10,ENSG00000158578,ALAS2,0.38161180510837345
FOXO4,down,1,ENSG00000108106,UBE2S,-0.6331170096904241
FOXO4,down,2,ENSG00000119403,PHF19,-0.522088474150648
FOXO4,down,3,ENSG00000213719,CLIC1,-0.5204700626394001
FOXO4,down,4,ENSG00000116161,CACYBP,-0.5191619087459158
FOXO4,down,5,ENSG00000197061,HIST1H4C,-0.47713278878614346
FOXO4,down,6,ENSG00000173207,CKS1B,-0.46324035797054375
FOXO4,down,7,ENSG00000134333,LDHA,-0.45958636671542663
FOXO4,down,8,ENSG00000198695,MT-ND6,-0.4486304796095001
FOXO4,down,9,ENSG00000115758,ODC1,-0.4393239838683486
FOXO4,down,10,ENSG00000055118,KCNH2,-0.4375362007489127
GLB1L2,up,1,ENSG00000102265,TIMP1,1.3198283999677791
GLB1L2,up,2,ENSG00000070214,SLC44A1,1.00932283019488
GLB1L2,up,3,ENSG00000109099,PMP22,0.6638421806188152
GLB1L2,up,4,ENSG00000168036,CTNNB1,0.4253042269416821
GLB1L2,up,5,ENSG00000163520,FBLN2,0.40298413495218555
GLB1L2,up,6,ENSG00000130203,APOE,0.373786190036282
GLB1L2,up,7,ENSG00000245532,NEAT1,0.316395487658536
GLB1L2,up,8,ENSG00000251562,MALAT1,0.2876572303710765
GLB1L2,up,9,ENSG00000149328,GLB1L2,0.23175730690114793
GLB1L2,up,10,ENSG00000026025,VIM,0.22282988616875526
GLB1L2,down,1,ENSG00000069482,GAL,-0.3277806056970397
GLB1L2,down,2,ENSG00000117450,PRDX1,-0.25163258200209526
GLB1L2,down,3,ENSG00000108106,UBE2S,-0.25029712253470854
GLB1L2,down,4,ENSG00000116161,CACYBP,-0.2401894112509849
GLB1L2,down,5,ENSG00000099901,RANBP1,-0.22874719463551513
GLB1L2,down,6,ENSG00000134333,LDHA,-0.20519833937484702
GLB1L2,down,7,ENSG00000041357,PSMA4,-0.1999892136353406
GLB1L2,down,8,ENSG00000080824,HSP90AA1,-0.19740851851813068
GLB1L2,down,9,ENSG00000126067,PSMB2,-0.19065505917142272
GLB1L2,down,10,ENSG00000070010,UFD1L,-0.18844051377673782
HES7,up,1,ENSG00000179111,HES7,2.0670937201570276
HES7,up,2,ENSG00000251562,MALAT1,1.207307551938061
HES7,up,3,ENSG00000227706,RP11-301G19.1,1.167970893241264
HES7,up,4,ENSG00000245532,NEAT1,1.0643062638716556
HES7,up,5,ENSG00000105223,PLD3,0.9725245603709688
HES7,up,6,ENSG00000142669,SH3BGRL3,0.9406402348586944
HES7,up,7,ENSG00000100097,LGALS1,0.8672017586139938
HES7,up,8,ENSG00000159388,BTG2,0.7788077299497835
HES7,up,9,ENSG00000085063,CD59,0.72861749861949
HES7,up,10,ENSG00000102265,TIMP1,0.6985685972306607
HES7,down,1,ENSG00000069011,PITX1,-0.9610887418125672
HES7,down,2,ENSG00000239672,NME1,-0.7851092419582588
HES7,down,3,ENSG00000069482,GAL,-0.7316149018987029
HES7,down,4,ENSG00000065978,YBX1,-0.7188984524901156
HES7,down,5,ENSG00000187514,PTMA,-0.7051063419929062
HES7,down,6,ENSG00000116649,SRM,-0.7040474546936124
HES7,down,7,ENSG00000115758,ODC1,-0.6720352064096509
HES7,down,8,ENSG00000196565,HBG2,-0.6472946567640645
HES7,down,9,ENSG00000279669,RP11-717F1.1,-0.6238426152927611
HES7,down,10,ENSG00000165732,DDX21,-0.6203696027338825
HK2,up,1,ENSG00000159399,HK2,0.6881206565916307
HK2,up,2,ENSG00000265972,TXNIP,0.3368208704826378
HK2,up,3,ENSG00000130656,HBZ,0.18751190794463574
HK2,up,4,ENSG00000250361,GYPB,0.18235841723468776
HK2,up,5,ENSG00000196565,HBG2,0.1819577124881654
HK2,up,6,ENSG00000250722,SEPP1,0.18014079510053346
HK2,up,7,ENSG00000279669,RP11-717F1.1,0.16689858382476552
HK2,up,8,ENSG00000147454,SLC25A37,0.15549821608579867
HK2,up,9,ENSG00000185222,WBP5,0.14628833798912302
HK2,up,10,ENSG00000196628,TCF4,0.1452329690624243
HK2,down,1,ENSG00000185198,PRSS57,-0.27660839920511754
HK2,down,2,ENSG00000117450,PRDX1,-0.20821491463314235
HK2,down,3,ENSG00000110492,MDK,-0.20260278025332287
HK2,down,4,ENSG00000213719,CLIC1,-0.19778492099613806
HK2,down,5,ENSG00000041357,PSMA4,-0.19706320991412796
HK2,down,6,ENSG00000163191,S100A11,-0.1780243297399131
HK2,down,7,ENSG00000090273,NUDC,-0.17584086885317451
HK2,down,8,ENSG00000080824,HSP90AA1,-0.1726073064303711
HK2,down,9,ENSG00000111640,GAPDH,-0.1697173286828078
HK2,down,10,ENSG00000070010,UFD1L,-0.16769334380523152
HNF4A,up,1,ENSG00000130656,HBZ,0.9220777930980296
HNF4A,up,2,ENSG00000250722,SEPP1,0.9056936254679803
HNF4A,up,3,ENSG00000251562,MALAT1,0.6242546759942195
HNF4A,up,4,ENSG00000130208,APOC1,0.5645503571020467
HNF4A,up,5,ENSG00000130203,APOE,0.5130080902040701
HNF4A,up,6,ENSG00000167641,PPP1R14A,0.5059634527277608
HNF4A,up,7,ENSG00000115255,REEP6,0.49725903374274294
HNF4A,up,8,ENSG00000245532,NEAT1,0.4656970885763998
HNF4A,up,9,ENSG00000142669,SH3BGRL3,0.4449909718884554
HNF4A,up,10,ENSG00000089472,HEPH,0.4403200429571237
HNF4A,down,1,ENSG00000196565,HBG2,-0.8997149468724718
HNF4A,down,2,ENSG00000187514,PTMA,-0.571848943549641
HNF4A,down,3,ENSG00000239672,NME1,-0.5694931297409797
HNF4A,down,4,ENSG00000116161,CACYBP,-0.5282741722451955
HNF4A,down,5,ENSG00000213934,HBG1,-0.5154691661426696
HNF4A,down,6,ENSG00000136732,GYPC,-0.49410952816920084
HNF4A,down,7,ENSG00000074800,ENO1,-0.49027236953693665
HNF4A,down,8,ENSG00000123416,TUBA1B,-0.48782903902593183
HNF4A,down,9,ENSG00000142227,EMP3,-0.4806135180030585
HNF4A,down,10,ENSG00000166165,CKB,-0.47824592501144303
HOXA13,up,1,ENSG00000251562,MALAT1,1.312584966966029
HOXA13,up,2,ENSG00000245532,NEAT1,1.0325057432750855
HOXA13,up,3,ENSG00000250361,GYPB,1.0001383157138328
HOXA13,up,4,ENSG00000100097,LGALS1,0.9404659517170775
HOXA13,up,5,ENSG00000196565,HBG2,0.9129514854247686
HOXA13,up,6,ENSG00000103490,PYCARD,0.7363631568737226
HOXA13,up,7,ENSG00000117091,CD48,0.6881238818676791
HOXA13,up,8,ENSG00000250722,SEPP1,0.6587273190898453
HOXA13,up,9,ENSG00000198054,DSCR8,0.6243030722076428
HOXA13,up,10,ENSG00000258274,RP11-887P2.5,0.5852251359945166
HOXA13,down,1,ENSG00000187514,PTMA,-0.9086018651399317
HOXA13,down,2,ENSG00000099901,RANBP1,-0.8913792632161397
HOXA13,down,3,ENSG00000108106,UBE2S,-0.744003202418967
HOXA13,down,4,ENSG00000239672,NME1,-0.7394145211585623
HOXA13,down,5,ENSG00000116649,SRM,-0.701413599005633
HOXA13,down,6,ENSG00000069482,GAL,-0.6882939444921738
HOXA13,down,7,ENSG00000116161,CACYBP,-0.6479694381043501
HOXA13,down,8,ENSG00000173207,CKS1B,-0.6321953660077395
HOXA13,down,9,ENSG00000115758,ODC1,-0.615441937291716
HOXA13,down,10,ENSG00000197061,HIST1H4C,-0.6117347014138989
HOXB9,up,1,ENSG00000170689,HOXB9,0.9204520336922946
HOXB9,up,2,ENSG00000251562,MALAT1,0.5344628697388776
HOXB9,up,3,ENSG00000245532,NEAT1,0.5213176750331934
HOXB9,up,4,ENSG00000114315,HES1,0.4803821951593356
HOXB9,up,5,ENSG00000196565,HBG2,0.463571506029653
HOXB9,up,6,ENSG00000227706,RP11-301G19.1,0.3758829882079724
HOXB9,up,7,ENSG00000148180,GSN,0.3491731137672692
HOXB9,up,8,ENSG00000100097,LGALS1,0.2794079096183618
HOXB9,up,9,ENSG00000204472,AIF1,0.27046646624811405
HOXB9,up,10,ENSG00000103490,PYCARD,0.26689902277194727
HOXB9,down,1,ENSG00000069482,GAL,-0.5263823795335241
HOXB9,down,2,ENSG00000130656,HBZ,-0.4255652697755018
HOXB9,down,3,ENSG00000069011,PITX1,-0.4021785315873668
HOXB9,down,4,ENSG00000239672,NME1,-0.3856960866114102
HOXB9,down,5,ENSG00000116649,SRM,-0.38196631131256986
HOXB9,down,6,ENSG00000116161,CACYBP,-0.3429430305860568
HOXB9,down,7,ENSG00000099901,RANBP1,-0.33336520444656126
HOXB9,down,8,ENSG00000165732,DDX21,-0.31935591892031573
HOXB9,down,9,ENSG00000115758,ODC1,-0.3149236924152231
HOXB9,down,10,ENSG00000187514,PTMA,-0.3089936792154521
HOXC13,up,1,ENSG00000251562,MALAT1,0.8824936269010342
HOXC13,up,2,ENSG00000196565,HBG2,0.7727756985877332
HOXC13,up,3,ENSG00000250361,GYPB,0.7351385426694524
HOXC13,up,4,ENSG00000245532,NEAT1,0.6808034491779693
HOXC13,up,5,ENSG00000100097,LGALS1,0.6502968800081055
HOXC13,up,6,ENSG00000196154,S100A4,0.580071126181944
HOXC13,up,7,ENSG00000103490,PYCARD,0.5367243650232597
HOXC13,up,8,ENSG00000130303,BST2,0.4919015807531749
HOXC13,up,9,ENSG00000117091,CD48,0.490857424327358
HOXC13,up,10,ENSG00000250722,SEPP1,0.4884020743933478
HOXC13,down,1,ENSG00000099901,RANBP1,-0.6162676529048916
HOXC13,down,2,ENSG00000239672,NME1,-0.591738652692535
HOXC13,down,3,ENSG00000187514,PTMA,-0.5633466532233533
HOXC13,down,4,ENSG00000116161,CACYBP,-0.5400780556835793
HOXC13,down,5,ENSG00000185198,PRSS57,-0.5098936748332435
HOXC13,down,6,ENSG00000069482,GAL,-0.5019368468194876
HOXC13,down,7,ENSG00000108106,UBE2S,-0.4942617517776193
HOXC13,down,8,ENSG00000117450,PRDX1,-0.4911130448805818
HOXC13,down,9,ENSG00000116649,SRM,-0.48088793806598457
HOXC13,down,10,ENSG00000115053,NCL,-0.47712605813253384
IER5L,up,1,ENSG00000130656,HBZ,1.2629021236932838
IER5L,up,2,ENSG00000250361,GYPB,0.9780993191030549
IER5L,up,3,ENSG00000196565,HBG2,0.7684715217345637
IER5L,up,4,ENSG00000142669,SH3BGRL3,0.6302208480795526
IER5L,up,5,ENSG00000170180,GYPA,0.6218538543129198
IER5L,up,6,ENSG00000158578,ALAS2,0.6049311764094136
IER5L,up,7,ENSG00000245532,NEAT1,0.5943325103283457
IER5L,up,8,ENSG00000188483,IER5L,0.5538967555721288
IER5L,up,9,ENSG00000117691,NENF,0.494911002706241
IER5L,up,10,ENSG00000213934,HBG1,0.46977030420706073
IER5L,down,1,ENSG00000069482,GAL,-0.5114793527831312
IER5L,down,2,ENSG00000117450,PRDX1,-0.4293219595971002
IER5L,down,3,ENSG00000026025,VIM,-0.42352623629153674
IER5L,down,4,ENSG00000123131,PRDX4,-0.3933697188131765
IER5L,down,5,ENSG00000239672,NME1,-0.3928060675038452
IER5L,down,6,ENSG00000074800,ENO1,-0.3906566262625366
IER5L,down,7,ENSG00000164687,FABP5,-0.38191540093093107
IER5L,down,8,ENSG00000116161,CACYBP,-0.37750703391940404
IER5L,down,9,ENSG00000090273,NUDC,-0.3395428251520767
IER5L,down,10,ENSG00000134333,LDHA,-0.33627743830520196
IGDCC3,up,1,ENSG00000130656,HBZ,1.4988921781402709
IGDCC3,up,2,ENSG00000174498,IGDCC3,1.1408976096285195
IGDCC3,up,3,ENSG00000158578,ALAS2,0.9521713462168409
IGDCC3,up,4,ENSG00000196565,HBG2,0.6646588818244555
IGDCC3,up,5,ENSG00000250361,GYPB,0.5143903624047637
IGDCC3,up,6,ENSG00000251562,MALAT1,0.4551405691620475
IGDCC3,up,7,ENSG00000213934,HBG1,0.44747350694367943
IGDCC3,up,8,ENSG00000245532,NEAT1,0.36748300570458503
IGDCC3,up,9,ENSG00000144591,GMPPA,0.34384114185393644
IGDCC3,up,10,ENSG00000130303,BST2,0.32562847709029297
IGDCC3,down,1,ENSG00000227706,RP11-301G19.1,-0.5174376198765132
IGDCC3,down,2,ENSG00000151287,TEX30,-0.4117235144063443
IGDCC3,down,3,ENSG00000108106,UBE2S,-0.40010022481881047
IGDCC3,down,4,ENSG00000197061,HIST1H4C,-0.39857699747004305
IGDCC3,down,5,ENSG00000185198,PRSS57,-0.38405265735395555
IGDCC3,down,6,ENSG00000117632,STMN1,-0.380369945681296
IGDCC3,down,7,ENSG00000164104,HMGB2,-0.3726365834701807
IGDCC3,down,8,ENSG00000143158,MPC2,-0.36795276331572635
IGDCC3,down,9,ENSG00000099901,RANBP1,-0.34573980492525325
IGDCC3,down,10,ENSG00000116161,CACYBP,-0.33508800685220064
IKZF3,up,1,ENSG00000130656,HBZ,3.167517616866088
IKZF3,up,2,ENSG00000196565,HBG2,2.4135773243782435
IKZF3,up,3,ENSG00000213934,HBG1,1.9440322375542722
IKZF3,up,4,ENSG00000206172,HBA1,1.5839964569012006
IKZF3,up,5,ENSG00000250361,GYPB,1.4647325327982719
IKZF3,up,6,ENSG00000188536,HBA2,1.214321259947408
IKZF3,up,7,ENSG00000158578,ALAS2,1.1584718802853915
IKZF3,up,8,ENSG00000170180,GYPA,1.0609409119449575
IKZF3,up,9,ENSG00000090013,BLVRB,0.9152196627972939
IKZF3,up,10,ENSG00000279669,RP11-717F1.1,0.9066208747815077
IKZF3,down,1,ENSG00000187514,PTMA,-0.6606896720410451
IKZF3,down,2,ENSG00000239672,NME1,-0.6465008843851852
IKZF3,down,3,ENSG00000069482,GAL,-0.6410767207680039
IKZF3,down,4,ENSG00000074800,ENO1,-0.6373829207514865
IKZF3,down,5,ENSG00000165732,DDX21,-0.6188115556934392
IKZF3,down,6,ENSG00000116649,SRM,-0.6163142037778464
IKZF3,down,7,ENSG00000099901,RANBP1,-0.6000867196753066
IKZF3,down,8,ENSG00000197061,HIST1H4C,-0.5956327937044279
IKZF3,down,9,ENSG00000144381,HSPD1,-0.5882228211714272
IKZF3,down,10,ENSG00000117450,PRDX1,-0.579361901214243
IRF1,up,1,ENSG00000240065,PSMB9,1.6469678864695074
IRF1,up,2,ENSG00000187608,ISG15,1.0473781537457287
IRF1,up,3,ENSG00000092010,PSME1,0.9770460211956227
IRF1,up,4,ENSG00000111640,GAPDH,0.9604183929864614
IRF1,up,5,ENSG00000071967,CYBRD1,0.8800296904195533
IRF1,up,6,ENSG00000136732,GYPC,0.8763715195541444
IRF1,up,7,ENSG00000130203,APOE,0.8323431834954333
IRF1,up,8,ENSG00000268621,AC006262.5,0.7442882245060453
IRF1,up,9,ENSG00000204525,HLA-C,0.7082189604753037
IRF1,up,10,ENSG00000136929,HEMGN,0.7074511011583282
IRF1,down,1,ENSG00000185198,PRSS57,-0.5395661205723409
IRF1,down,2,ENSG00000205542,TMSB4X,-0.46710216626339596
IRF1,down,3,ENSG00000151287,TEX30,-0.4483187359750131
IRF1,down,4,ENSG00000119403,PHF19,-0.4433851127338724
IRF1,down,5,ENSG00000197061,HIST1H4C,-0.4359518167063664
IRF1,down,6,ENSG00000088992,TESC,-0.3985673505235146
IRF1,down,7,ENSG00000279669,RP11-717F1.1,-0.3869627625852753
IRF1,down,8,ENSG00000163191,S100A11,-0.3821770201224897
IRF1,down,9,ENSG00000184009,ACTG1,-0.36274639783664897
IRF1,down,10,ENSG00000069011,PITX1,-0.3416026882656981
ISL2,up,1,ENSG00000141744,PNMT,0.2700798750409856
ISL2,up,2,ENSG00000250361,GYPB,0.24432952043109765
ISL2,up,3,ENSG00000167641,PPP1R14A,0.21638922012498102
ISL2,up,4,ENSG00000185420,SMYD3,0.21307057545202548
ISL2,up,5,ENSG00000196776,CD47,0.20833381080511768
ISL2,up,6,ENSG00000143158,MPC2,0.17049206201267705
ISL2,up,7,ENSG00000182054,IDH2,0.16829719002440546
ISL2,up,8,ENSG00000227706,RP11-301G19.1,0.16206354776202966
ISL2,up,9,ENSG00000159556,ISL2,0.1524433612858619
ISL2,up,10,ENSG00000177469,PTRF,0.14494844105052204
ISL2,down,1,ENSG00000130656,HBZ,-0.4161058502979421
ISL2,down,2,ENSG00000196565,HBG2,-0.24380285434739507
ISL2,down,3,ENSG00000069482,GAL,-0.22066454159211515
ISL2,down,4,ENSG00000165732,DDX21,-0.1640239041747359
ISL2,down,5,ENSG00000069011,PITX1,-0.1521355301274722
ISL2,down,6,ENSG00000096384,HSP90AB1,-0.14363472318847148
ISL2,down,7,ENSG00000213934,HBG1,-0.14007850400743221
ISL2,down,8,ENSG00000187837,HIST1H1C,-0.13915398586874383
ISL2,down,9,ENSG00000084234,APLP2,-0.13050180336980666
ISL2,down,10,ENSG00000147689,FAM83A,-0.1178776858462543
JUN,up,1,ENSG00000182871,COL18A1,0.9467773213115346
JUN,up,2,ENSG00000251562,MALAT1,0.879021593069187
JUN,up,3,ENSG00000159388,BTG2,0.8091699540390661
JUN,up,4,ENSG00000177606,JUN,0.7867531962700729
JUN,up,5,ENSG00000245532,NEAT1,0.7212572534263876
JUN,up,6,ENSG00000115457,IGFBP2,0.6422520848606398
JUN,up,7,ENSG00000069535,MAOB,0.498428660705208
JUN,up,8,ENSG00000196565,HBG2,0.477614209003985
JUN,up,9,ENSG00000084207,GSTP1,0.45662419260648923
JUN,up,10,ENSG00000100097,LGALS1,0.43935133341045984
JUN,down,1,ENSG00000069482,GAL,-0.5483783569294746
JUN,down,2,ENSG00000130656,HBZ,-0.4374930719635356
JUN,down,3,ENSG00000108106,UBE2S,-0.4359342806812517
JUN,down,4,ENSG00000185198,PRSS57,-0.4165677111968421
JUN,down,5,ENSG00000116161,CACYBP,-0.413698364645423
JUN,down,6,ENSG00000116649,SRM,-0.39217805035680875
JUN,down,7,ENSG00000096384,HSP90AB1,-0.38321908814439853
JUN,down,8,ENSG00000055118,KCNH2,-0.38010459173583333
JUN,down,9,ENSG00000134333,LDHA,-0.37919614160077153
JUN,down,10,ENSG00000109971,HSPA8,-0.3622919734985982
KIAA1804,up,1,ENSG00000196565,HBG2,0.6164566319654181
KIAA1804,up,2,ENSG00000245532,NEAT1,0.4679593986805653
KIAA1804,up,3,ENSG00000005187,ACSM3,0.4588516710143322
KIAA1804,up,4,ENSG00000251562,MALAT1,0.3562850974245959
KIAA1804,up,5,ENSG00000103490,PYCARD,0.3542330362154963
KIAA1804,up,6,ENSG00000070831,CDC42,0.33497883106335585
KIAA1804,up,7,ENSG00000092841,MYL6,0.3276155791627828
KIAA1804,up,8,ENSG00000026025,VIM,0.2743996400725889
KIAA1804,up,9,ENSG00000213934,HBG1,0.2585273138711543
KIAA1804,up,10,ENSG00000130656,HBZ,0.25790165435318696
KIAA1804,down,1,ENSG00000185198,PRSS57,-0.28958121697179223
KIAA1804,down,2,ENSG00000069482,GAL,-0.28416766159858675
KIAA1804,down,3,ENSG00000108106,UBE2S,-0.23956505062222822
KIAA1804,down,4,ENSG00000279669,RP11-717F1.1,-0.1990075912291066
KIAA1804,down,5,ENSG00000115758,ODC1,-0.1778108600507778
KIAA1804,down,6,ENSG00000041357,PSMA4,-0.17744514272380585
KIAA1804,down,7,ENSG00000119335,SET,-0.16293985025568275
KIAA1804,down,8,ENSG00000173207,CKS1B,-0.14750107861861556
KIAA1804,down,9,ENSG00000144381,HSPD1,-0.14466949940426937
KIAA1804,down,10,ENSG00000117450,PRDX1,-0.14383633108458993
KIF18B,up,1,ENSG00000143162,CREG1,0.5095277226473237
KIF18B,up,2,ENSG00000187837,HIST1H1C,0.3823117192211292
KIF18B,up,3,ENSG00000130656,HBZ,0.36568652398826257
KIF18B,up,4,ENSG00000186185,KIF18B,0.29457922896419014
KIF18B,up,5,ENSG00000251562,MALAT1,0.28483900454746625
KIF18B,up,6,ENSG00000279669,RP11-717F1.1,0.23940752430221088
KIF18B,up,7,ENSG00000250361,GYPB,0.23133338373412415
KIF18B,up,8,ENSG00000196565,HBG2,0.22938737410225624
KIF18B,up,9,ENSG00000133639,BTG1,0.16859137414934677
KIF18B,up,10,ENSG00000167996,FTH1,0.16423069344454355
KIF18B,down,1,ENSG00000116161,CACYBP,-0.23903725632856018
KIF18B,down,2,ENSG00000175130,MARCKSL1,-0.23835054207823525
KIF18B,down,3,ENSG00000069482,GAL,-0.1861017267324932
KIF18B,down,4,ENSG00000181163,NPM1,-0.18041995715735282
KIF18B,down,5,ENSG00000069011,PITX1,-0.17967582364855156
KIF18B,down,6,ENSG00000117450,PRDX1,-0.1786430144609258
KIF18B,down,7,ENSG00000041357,PSMA4,-0.17656674623906876
KIF18B,down,8,ENSG00000096384,HSP90AB1,-0.17499068748895913
KIF18B,down,9,ENSG00000173207,CKS1B,-0.1741922606633082
KIF18B,down,10,ENSG00000111716,LDHB,-0.16904802706972774
KIF2C,up,1,ENSG00000142945,KIF2C,0.8698771754071836
KIF2C,up,2,ENSG00000187837,HIST1H1C,0.32180150699270493
KIF2C,up,3,ENSG00000279669,RP11-717F1.1,0.14207302626651874
KIF2C,up,4,ENSG00000180573,HIST1H2AC,0.12778111703253936
KIF2C,up,5,ENSG00000268621,AC006262.5,0.11784413757324501
KIF2C,up,6,ENSG00000147454,SLC25A37,0.10704137404021166
KIF2C,up,7,ENSG00000182871,COL18A1,0.10649634682319623
KIF2C,up,8,ENSG00000197746,PSAP,0.09905149281023964
KIF2C,up,9,ENSG00000251562,MALAT1,0.09639722407715412
KIF2C,up,10,ENSG00000158578,ALAS2,0.08666518856363369
KIF2C,down,1,ENSG00000196230,TUBB,-0.16029860234630494
KIF2C,down,2,ENSG00000008018,PSMB1,-0.1515719990115769
KIF2C,down,3,ENSG00000116161,CACYBP,-0.1439774475847785
KIF2C,down,4,ENSG00000151287,TEX30,-0.14239810353412752
KIF2C,down,5,ENSG00000026025,VIM,-0.14108822828490972
KIF2C,down,6,ENSG00000041357,PSMA4,-0.14026455279659641
KIF2C,down,7,ENSG00000080824,HSP90AA1,-0.13178082200590505
KIF2C,down,8,ENSG00000213719,CLIC1,-0.12385188578069661
KIF2C,down,9,ENSG00000181163,NPM1,-0.11943213978508671
KIF2C,down,10,ENSG00000175130,MARCKSL1,-0.1159118068980729
KLF1,up,1,ENSG00000130656,HBZ,1.7250780102275125
KLF1,up,2,ENSG00000196565,HBG2,1.358706930066967
KLF1,up,3,ENSG00000034510,TMSB10,1.1817587522333328
KLF1,up,4,ENSG00000141744,PNMT,0.9345009852238664
KLF1,up,5,ENSG00000213934,HBG1,0.927923179705071
KLF1,up,6,ENSG00000105610,KLF1,0.923611477879467
KLF1,up,7,ENSG00000206172,HBA1,0.7027437783271526
KLF1,up,8,ENSG00000090013,BLVRB,0.6493686730701724
KLF1,up,9,ENSG00000182718,ANXA2,0.6038782558990352
KLF1,up,10,ENSG00000069482,GAL,0.5738816825504035
KLF1,down,1,ENSG00000185201,IFITM2,-0.36479951712364717
KLF1,down,2,ENSG00000227706,RP11-301G19.1,-0.335143358024586
KLF1,down,3,ENSG00000204472,AIF1,-0.2870095060571235
KLF1,down,4,ENSG00000167641,PPP1R14A,-0.25572626301750295
KLF1,down,5,ENSG00000182054,IDH2,-0.24926863533961605
KLF1,down,6,ENSG00000117632,STMN1,-0.24612899390381404
KLF1,down,7,ENSG00000185420,SMYD3,-0.2452816912692133
KLF1,down,8,ENSG00000266976,AC079466.1,-0.24312232645353626
KLF1,down,9,ENSG00000187837,HIST1H1C,-0.22497347925375508
KLF1,down,10,ENSG00000103485,QPRT,-0.224019254117625
KMT2A,up,1,ENSG00000118058,KMT2A,0.621208658435473
KMT2A,up,2,ENSG00000187837,HIST1H1C,0.5431600355454209
KMT2A,up,3,ENSG00000130656,HBZ,0.4474376301361034
KMT2A,up,4,ENSG00000196565,HBG2,0.2921120361181686
KMT2A,up,5,ENSG00000124635,HIST1H2BJ,0.2627798235546657
KMT2A,up,6,ENSG00000250361,GYPB,0.24861103066318305
KMT2A,up,7,ENSG00000245532,NEAT1,0.2347722978666225
KMT2A,up,8,ENSG00000251562,MALAT1,0.18809510698566645
KMT2A,up,9,ENSG00000167996,FTH1,0.1811915396582604
KMT2A,up,10,ENSG00000213934,HBG1,0.17535431836940557
KMT2A,down,1,ENSG00000164687,FABP5,-0.30524185544843935
KMT2A,down,2,ENSG00000130203,APOE,-0.23045613269263868
KMT2A,down,3,ENSG00000026025,VIM,-0.21644888348016977
KMT2A,down,4,ENSG00000142227,EMP3,-0.21527362513681325
KMT2A,down,5,ENSG00000111057,KRT18,-0.2112100654964063
KMT2A,down,6,ENSG00000069482,GAL,-0.20465143782637246
KMT2A,down,7,ENSG00000181163,NPM1,-0.17473958738305556
KMT2A,down,8,ENSG00000090273,NUDC,-0.16699007054431603
KMT2A,down,9,ENSG00000239672,NME1,-0.15296715033775374
KMT2A,down,10,ENSG00000133134,BEX2,-0.15227771745063332
LHX1,up,1,ENSG00000273706,LHX1,2.0622860500280615
LHX1,up,2,ENSG00000277268,RP11-445F12.1,0.8491380944988537
LHX1,up,3,ENSG00000163497,FEV,0.6235665418597194
LHX1,up,4,ENSG00000149485,FADS1,0.4362170876930037
LHX1,up,5,ENSG00000245532,NEAT1,0.4343633638325427
LHX1,up,6,ENSG00000130429,ARPC1B,0.43367066437966006
LHX1,up,7,ENSG00000130203,APOE,0.42897429371887325
LHX1,up,8,ENSG00000204472,AIF1,0.403237123812066
LHX1,up,9,ENSG00000147065,MSN,0.3734753498265139
LHX1,up,10,ENSG00000138772,ANXA3,0.3413896105330256
LHX1,down,1,ENSG00000130656,HBZ,-0.8786587019294712
LHX1,down,2,ENSG00000175130,MARCKSL1,-0.5051695527042737
LHX1,down,3,ENSG00000069482,GAL,-0.3860842299617563
LHX1,down,4,ENSG00000101439,CST3,-0.3619802805448058
LHX1,down,5,ENSG00000055118,KCNH2,-0.2957304630117085
LHX1,down,6,ENSG00000096384,HSP90AB1,-0.2577087759189761
LHX1,down,7,ENSG00000239672,NME1,-0.2558465499190863
LHX1,down,8,ENSG00000116161,CACYBP,-0.25516782210788713
LHX1,down,9,ENSG00000198336,MYL4,-0.2506604680796306
LHX1,down,10,ENSG00000115758,ODC1,-0.24791228065660303
LYL1,up,1,ENSG00000104903,LYL1,1.2642446804629786
LYL1,up,2,ENSG00000130656,HBZ,0.6443593435854273
LYL1,up,3,ENSG00000245532,NEAT1,0.20237078727867672
LYL1,up,4,ENSG00000251562,MALAT1,0.19466419087828213
LYL1,up,5,ENSG00000117691,NENF,0.16743611576677042
LYL1,up,6,ENSG00000127831,VIL1,0.1593183692823065
LYL1,up,7,ENSG00000166669,ATF7IP2,0.15285272126481714
LYL1,up,8,ENSG00000182871,COL18A1,0.14436336636696404
LYL1,up,9,ENSG00000163531,NFASC,0.1411498630324958
LYL1,up,10,ENSG00000184009,ACTG1,0.13372428503910672
LYL1,down,1,ENSG00000187837,HIST1H1C,-0.32953241318894955
LYL1,down,2,ENSG00000142227,EMP3,-0.23519626575697644
LYL1,down,3,ENSG00000279669,RP11-717F1.1,-0.21551361601039454
LYL1,down,4,ENSG00000069482,GAL,-0.21047684642784392
LYL1,down,5,ENSG00000116161,CACYBP,-0.20765697773889485
LYL1,down,6,ENSG00000162511,LAPTM5,-0.20371626485765704
LYL1,down,7,ENSG00000163191,S100A11,-0.20022789548034625
LYL1,down,8,ENSG00000130755,GMFG,-0.18891417213393635
LYL1,down,9,ENSG00000111229,ARPC3,-0.1769288270864042
LYL1,down,10,ENSG00000118640,VAMP8,-0.17351533046468
MAML2,up,1,ENSG00000160991,ORAI2,0.3247916300394088
MAML2,up,2,ENSG00000196565,HBG2,0.24510145351757082
MAML2,up,3,ENSG00000104341,LAPTM4B,0.24182469280587504
MAML2,up,4,ENSG00000149485,FADS1,0.23902061383149809
MAML2,up,5,ENSG00000130656,HBZ,0.23872451658319246
MAML2,up,6,ENSG00000069482,GAL,0.21075897591622256
MAML2,up,7,ENSG00000088992,TESC,0.19091256631471573
MAML2,up,8,ENSG00000136997,MYC,0.18389099555193958
MAML2,up,9,ENSG00000184384,MAML2,0.17942314283029465
MAML2,up,10,ENSG00000076356,PLXNA2,0.17162221264394642
MAML2,down,1,ENSG00000187837,HIST1H1C,-0.3610000096459989
MAML2,down,2,ENSG00000034510,TMSB10,-0.17632521843542442
MAML2,down,3,ENSG00000100097,LGALS1,-0.17346025845138618
MAML2,down,4,ENSG00000026025,VIM,-0.16655463778723187
MAML2,down,5,ENSG00000279669,RP11-717F1.1,-0.1552949446258461
MAML2,down,6,ENSG00000198168,SVIP,-0.13986150980562123
MAML2,down,7,ENSG00000251562,MALAT1,-0.13779553911881615
MAML2,down,8,ENSG00000124635,HIST1H2BJ,-0.13420182135569933
MAML2,down,9,ENSG00000110492,MDK,-0.13339655428078406
MAML2,down,10,ENSG00000245532,NEAT1,-0.12279829109629867
MAP2K3,up,1,ENSG00000034152,MAP2K3,0.5151432706921286
MAP2K3,up,2,ENSG00000069482,GAL,0.39352775514518235
MAP2K3,up,3,ENSG00000164687,FABP5,0.3251155854469113
MAP2K3,up,4,ENSG00000117450,PRDX1,0.31680210871145303
MAP2K3,up,5,ENSG00000196565,HBG2,0.31559441848487146
MAP2K3,up,6,ENSG00000123131,PRDX4,0.3136288181198741
MAP2K3,up,7,ENSG00000041357,PSMA4,0.3109777602776268
MAP2K3,up,8,ENSG00000130656,HBZ,0.29977188172214725
MAP2K3,up,9,ENSG00000116161,CACYBP,0.28324000730928056
MAP2K3,up,10,ENSG00000111716,LDHB,0.2544533233476736
MAP2K3,down,1,ENSG00000250361,GYPB,-0.3158940230014229
MAP2K3,down,2,ENSG00000136732,GYPC,-0.24140643864656483
MAP2K3,down,3,ENSG00000266976,AC079466.1,-0.21663200037805108
MAP2K3,down,4,ENSG00000167996,FTH1,-0.206647667225894
MAP2K3,down,5,ENSG00000034510,TMSB10,-0.197673458264975
MAP2K3,down,6,ENSG00000170180,GYPA,-0.18807413515160343
MAP2K3,down,7,ENSG00000100097,LGALS1,-0.17739579539474457
MAP2K3,down,8,ENSG00000182054,IDH2,-0.1761453121019968
MAP2K3,down,9,ENSG00000116717,GADD45A,-0.17584446200757078
MAP2K3,down,10,ENSG00000069011,PITX1,-0.17032797265946684
MAP2K6,up,1,ENSG00000069482,GAL,0.2344691973764736
MAP2K6,up,2,ENSG00000070010,UFD1L,0.22641387573955762
MAP2K6,up,3,ENSG00000186283,TOR3A,0.2198189402803222
MAP2K6,up,4,ENSG00000117450,PRDX1,0.21853864509645216
MAP2K6,up,5,ENSG00000041357,PSMA4,0.21729501830863834
MAP2K6,up,6,ENSG00000187837,HIST1H1C,0.21615702795199554
MAP2K6,up,7,ENSG00000213719,CLIC1,0.2127913264312551
MAP2K6,up,8,ENSG00000111057,KRT18,0.2093882802760733
MAP2K6,up,9,ENSG00000123131,PRDX4,0.20362526455434246
MAP2K6,up,10,ENSG00000008018,PSMB1,0.1921017083612624
MAP2K6,down,1,ENSG00000266976,AC079466.1,-0.25642139171599465
MAP2K6,down,2,ENSG00000135047,CTSL,-0.22504334447065155
MAP2K6,down,3,ENSG00000130656,HBZ,-0.21307372056467336
MAP2K6,down,4,ENSG00000197766,CFD,-0.18220716452972735
MAP2K6,down,5,ENSG00000198695,MT-ND6,-0.17602065556209925
MAP2K6,down,6,ENSG00000103490,PYCARD,-0.16917836631929745
MAP2K6,down,7,ENSG00000182871,COL18A1,-0.1645459470180171
MAP2K6,down,8,ENSG00000136732,GYPC,-0.15533099891205504
MAP2K6,down,9,ENSG00000069011,PITX1,-0.15290590936785478
MAP2K6,down,10,ENSG00000167641,PPP1R14A,-0.14902177817428275
MAP4K3,up,1,ENSG00000130656,HBZ,0.3793175125858443
MAP4K3,up,2,ENSG00000250361,GYPB,0.20805301333419676
MAP4K3,up,3,ENSG00000251562,MALAT1,0.17647844621764297
MAP4K3,up,4,ENSG00000120833,SOCS2,0.16453120359008006
MAP4K3,up,5,ENSG00000245532,NEAT1,0.16227681573497493
MAP4K3,up,6,ENSG00000158578,ALAS2,0.16152117399593244
MAP4K3,up,7,ENSG00000144591,GMPPA,0.15516931076175994
MAP4K3,up,8,ENSG00000196565,HBG2,0.1466085350260652
MAP4K3,up,9,ENSG00000170180,GYPA,0.14077260044856044
MAP4K3,up,10,ENSG00000196628,TCF4,0.1163187146179504
MAP4K3,down,1,ENSG00000116161,CACYBP,-0.20398384530182928
MAP4K3,down,2,ENSG00000135047,CTSL,-0.18880861516651434
MAP4K3,down,3,ENSG00000164687,FABP5,-0.18231775666587643
MAP4K3,down,4,ENSG00000151287,TEX30,-0.17846576382928425
MAP4K3,down,5,ENSG00000026025,VIM,-0.15784122148598173
MAP4K3,down,6,ENSG00000227706,RP11-301G19.1,-0.15194825993739206
MAP4K3,down,7,ENSG00000213719,CLIC1,-0.1490108208074003
MAP4K3,down,8,ENSG00000142227,EMP3,-0.14221002686101247
MAP4K3,down,9,ENSG00000231312,AC007246.3,-0.1416273082272845
MAP4K3,down,10,ENSG00000143851,PTPN7,-0.1350694458389988
MAP4K5,up,1,ENSG00000130656,HBZ,0.4081938706569927
MAP4K5,up,2,ENSG00000250361,GYPB,0.26272346186659307
MAP4K5,up,3,ENSG00000196565,HBG2,0.25185339558609715
MAP4K5,up,4,ENSG00000158578,ALAS2,0.20510722239536774
MAP4K5,up,5,ENSG00000144591,GMPPA,0.19089641773802973
MAP4K5,up,6,ENSG00000213934,HBG1,0.15522552524070254
MAP4K5,up,7,ENSG00000251562,MALAT1,0.14345748554904936
MAP4K5,up,8,ENSG00000147689,FAM83A,0.1343741208174992
MAP4K5,up,9,ENSG00000104765,BNIP3L,0.1213696358393956
MAP4K5,up,10,ENSG00000133639,BTG1,0.12101948150397641
MAP4K5,down,1,ENSG00000143851,PTPN7,-0.190971021433131
MAP4K5,down,2,ENSG00000069482,GAL,-0.16211087819000797
MAP4K5,down,3,ENSG00000163191,S100A11,-0.14797853652701126
MAP4K5,down,4,ENSG00000205542,TMSB4X,-0.1446215124502085
MAP4K5,down,5,ENSG00000147065,MSN,-0.14289453640762317
MAP4K5,down,6,ENSG00000070010,UFD1L,-0.1413837986940046
MAP4K5,down,7,ENSG00000164104,HMGB2,-0.13713773212735356
MAP4K5,down,8,ENSG00000136490,LIMD2,-0.1350098095434421
MAP4K5,down,9,ENSG00000239672,NME1,-0.13471455637170873
MAP4K5,down,10,ENSG00000142669,SH3BGRL3,-0.13315054481470562
MAP7D1,up,1,ENSG00000116871,MAP7D1,1.0648255036545615
MAP7D1,up,2,ENSG00000041357,PSMA4,0.18843114811448433
MAP7D1,up,3,ENSG00000008018,PSMB1,0.18760698475155244
MAP7D1,up,4,ENSG00000170315,UBB,0.16858658113864922
MAP7D1,up,5,ENSG00000117450,PRDX1,0.16402732979584178
MAP7D1,up,6,ENSG00000111057,KRT18,0.16273801610232258
MAP7D1,up,7,ENSG00000135404,CD63,0.1624068125662686
MAP7D1,up,8,ENSG00000111229,ARPC3,0.1546845497835767
MAP7D1,up,9,ENSG00000111716,LDHB,0.14449045773149297
MAP7D1,up,10,ENSG00000092841,MYL6,0.14264483683005036
MAP7D1,down,1,ENSG00000198888,MT-ND1,-0.12663691497004076
MAP7D1,down,2,ENSG00000198727,MT-CYB,-0.11097870511496116
MAP7D1,down,3,ENSG00000197061,HIST1H4C,-0.11048430191388481
MAP7D1,down,4,ENSG00000198168,SVIP,-0.10707689391652561
MAP7D1,down,5,ENSG00000198886,MT-ND4,-0.10513186683435716
MAP7D1,down,6,ENSG00000198938,MT-CO3,-0.10275152439353485
MAP7D1,down,7,ENSG00000187837,HIST1H1C,-0.10117385595559131
MAP7D1,down,8,ENSG00000182871,COL18A1,-0.09694148329231735
MAP7D1,down,9,ENSG00000227706,RP11-301G19.1,-0.09535982681408692
MAP7D1,down,10,ENSG00000266976,AC079466.1,-0.09389824028983446
MAPK1,up,1,ENSG00000204472,AIF1,1.151069733652224
MAPK1,up,2,ENSG00000142669,SH3BGRL3,0.9948121483144439
MAPK1,up,3,ENSG00000205542,TMSB4X,0.8178383952420635
MAPK1,up,4,ENSG00000111348,ARHGDIB,0.7698945351846477
MAPK1,up,5,ENSG00000213654,GPSM3,0.7322295698800214
MAPK1,up,6,ENSG00000130755,GMFG,0.7311180409166667
MAPK1,up,7,ENSG00000169442,CD52,0.6972952099317281
MAPK1,up,8,ENSG00000185201,IFITM2,0.6846171771047321
MAPK1,up,9,ENSG00000163191,S100A11,0.597231735736768
MAPK1,up,10,ENSG00000125148,MT2A,0.5793303180291418
MAPK1,down,1,ENSG00000196565,HBG2,-1.2040433599608753
MAPK1,down,2,ENSG00000130656,HBZ,-0.9050118041388058
MAPK1,down,3,ENSG00000069482,GAL,-0.6757179915156355
MAPK1,down,4,ENSG00000130208,APOC1,-0.6266407594906334
MAPK1,down,5,ENSG00000213934,HBG1,-0.6156868320859752
MAPK1,down,6,ENSG00000250361,GYPB,-0.4637933200190316
MAPK1,down,7,ENSG00000178104,PDE4DIP,-0.45104435512861973
MAPK1,down,8,ENSG00000130203,APOE,-0.440372974684998
MAPK1,down,9,ENSG00000266976,AC079466.1,-0.4022965082389564
MAPK1,down,10,ENSG00000110492,MDK,-0.379521595177847
MEIS1,up,1,ENSG00000196565,HBG2,0.44492499001827235
MEIS1,up,2,ENSG00000250361,GYPB,0.4150361075810066
MEIS1,up,3,ENSG00000170180,GYPA,0.26575483939590516
MEIS1,up,4,ENSG00000251562,MALAT1,0.2504682032441856
MEIS1,up,5,ENSG00000245532,NEAT1,0.2494569138251001
MEIS1,up,6,ENSG00000223609,HBD,0.2277129594208917
MEIS1,up,7,ENSG00000213934,HBG1,0.2127996930777586
MEIS1,up,8,ENSG00000136732,GYPC,0.21163267240859915
MEIS1,up,9,ENSG00000185420,SMYD3,0.1819792934094267
MEIS1,up,10,ENSG00000197465,GYPE,0.16566560007926995
MEIS1,down,1,ENSG00000185198,PRSS57,-0.29961422870755827
MEIS1,down,2,ENSG00000130208,APOC1,-0.26889537642697087
MEIS1,down,3,ENSG00000164687,FABP5,-0.19275659510883186
MEIS1,down,4,ENSG00000069482,GAL,-0.18403424991698242
MEIS1,down,5,ENSG00000151287,TEX30,-0.17307311794113805
MEIS1,down,6,ENSG00000187514,PTMA,-0.155089420974584
MEIS1,down,7,ENSG00000026025,VIM,-0.153602156249526
MEIS1,down,8,ENSG00000136997,MYC,-0.15156772462110202
MEIS1,down,9,ENSG00000055118,KCNH2,-0.15090954852569388
MEIS1,down,10,ENSG00000123131,PRDX4,-0.1469514126744653
MIDN,up,1,ENSG00000115738,ID2,1.2899999660232728
MIDN,up,2,ENSG00000251562,MALAT1,0.8366595382326403
MIDN,up,3,ENSG00000227706,RP11-301G19.1,0.7613805050581224
MIDN,up,4,ENSG00000245532,NEAT1,0.693568096088046
MIDN,up,5,ENSG00000114315,HES1,0.6831400810053202
MIDN,up,6,ENSG00000168140,VASN,0.5491760681412755
MIDN,up,7,ENSG00000137193,PIM1,0.5273943876618113
MIDN,up,8,ENSG00000185420,SMYD3,0.5161747486478048
MIDN,up,9,ENSG00000167470,MIDN,0.5138374452093399
MIDN,up,10,ENSG00000100097,LGALS1,0.511476289271579
MIDN,down,1,ENSG00000069482,GAL,-0.6061756470443912
MIDN,down,2,ENSG00000187514,PTMA,-0.5728976398756275
MIDN,down,3,ENSG00000116649,SRM,-0.5156744492739771
MIDN,down,4,ENSG00000069011,PITX1,-0.5087974938246361
MIDN,down,5,ENSG00000165732,DDX21,-0.5015813473817801
MIDN,down,6,ENSG00000096384,HSP90AB1,-0.4902233039850703
MIDN,down,7,ENSG00000239672,NME1,-0.47667959958440187
MIDN,down,8,ENSG00000116161,CACYBP,-0.4583149948762042
MIDN,down,9,ENSG00000099901,RANBP1,-0.45830073985557535
MIDN,down,10,ENSG00000074800,ENO1,-0.45244399079273045
NCL,up,1,ENSG00000115053,NCL,0.659882340107697
NCL,up,2,ENSG00000250361,GYPB,0.18809553587590444
NCL,up,3,ENSG00000160058,BSDC1,0.13202488363623047
NCL,up,4,ENSG00000144591,GMPPA,0.13143042996214294
NCL,up,5,ENSG00000170180,GYPA,0.12922910360527468
NCL,up,6,ENSG00000236824,BCYRN1,0.12915591017199463
NCL,up,7,ENSG00000255198,SNHG9,0.1279414571180824
NCL,up,8,ENSG00000117410,ATP6V0B,0.1200533975233008
NCL,up,9,ENSG00000133639,BTG1,0.11660114516854517
NCL,up,10,ENSG00000159388,BTG2,0.1161970611095533
NCL,down,1,ENSG00000197766,CFD,-0.21589924194614674
NCL,down,2,ENSG00000187837,HIST1H1C,-0.2096321929450927
NCL,down,3,ENSG00000026025,VIM,-0.209142740904701
NCL,down,4,ENSG00000164104,HMGB2,-0.18320483284419517
NCL,down,5,ENSG00000130208,APOC1,-0.18270608575909347
NCL,down,6,ENSG00000069482,GAL,-0.18091054235408505
NCL,down,7,ENSG00000110492,MDK,-0.1734768763364527
NCL,down,8,ENSG00000136490,LIMD2,-0.15496191097414602
NCL,down,9,ENSG00000142227,EMP3,-0.15486561065115195
NCL,down,10,ENSG00000041357,PSMA4,-0.14853664029159883
NIT1,up,1,ENSG00000189171,S100A13,0.6509064975051452
NIT1,up,2,ENSG00000110492,MDK,0.52674772847182
NIT1,up,3,ENSG00000130203,APOE,0.42958739932475315
NIT1,up,4,ENSG00000245532,NEAT1,0.42524284826470204
NIT1,up,5,ENSG00000197746,PSAP,0.3870554720950775
NIT1,up,6,ENSG00000126432,PRDX5,0.37664890968493386
NIT1,up,7,ENSG00000158373,HIST1H2BD,0.3721177933818692
NIT1,up,8,ENSG00000170180,GYPA,0.36062747441705945
NIT1,up,9,ENSG00000115977,AAK1,0.32458675596067504
NIT1,up,10,ENSG00000159388,BTG2,0.3168572030775306
NIT1,down,1,ENSG00000197061,HIST1H4C,-0.8137911396818727
NIT1,down,2,ENSG00000239672,NME1,-0.7364826729874492
NIT1,down,3,ENSG00000227706,RP11-301G19.1,-0.6567410003964479
NIT1,down,4,ENSG00000187514,PTMA,-0.589481600142456
NIT1,down,5,ENSG00000116649,SRM,-0.5862303781870356
NIT1,down,6,ENSG00000130656,HBZ,-0.5304775775384016
NIT1,down,7,ENSG00000167641,PPP1R14A,-0.5012154446797725
NIT1,down,8,ENSG00000143401,ANP32E,-0.4683535086924811
NIT1,down,9,ENSG00000151287,TEX30,-0.46569588239677073
NIT1,down,10,ENSG00000093010,COMT,-0.46509518822915497
OSR2,up,1,ENSG00000197965,MPZL1,1.3388820579257152
OSR2,up,2,ENSG00000137193,PIM1,0.7493828599558382
OSR2,up,3,ENSG00000204472,AIF1,0.7084890948086843
OSR2,up,4,ENSG00000185198,PRSS57,0.6938179802898691
OSR2,up,5,ENSG00000164920,OSR2,0.6718188562569531
OSR2,up,6,ENSG00000185338,SOCS1,0.6398271405600277
OSR2,up,7,ENSG00000204482,LST1,0.5900557892469478
OSR2,up,8,ENSG00000142669,SH3BGRL3,0.583317460455526
OSR2,up,9,ENSG00000163191,S100A11,0.5451667492425725
OSR2,up,10,ENSG00000100097,LGALS1,0.528267345036679
OSR2,down,1,ENSG00000130656,HBZ,-0.5948927244645194
OSR2,down,2,ENSG00000196565,HBG2,-0.591168663069816
OSR2,down,3,ENSG00000170180,GYPA,-0.4000677648634342
OSR2,down,4,ENSG00000198336,MYL4,-0.3969620507523996
OSR2,down,5,ENSG00000069011,PITX1,-0.3947974316536158
OSR2,down,6,ENSG00000279669,RP11-717F1.1,-0.37179345114842965
OSR2,down,7,ENSG00000250361,GYPB,-0.3695760882679176
OSR2,down,8,ENSG00000069482,GAL,-0.3332393826128773
OSR2,down,9,ENSG00000213934,HBG1,-0.3208678247450041
OSR2,down,10,ENSG00000130208,APOC1,-0.28930575157715677
PLK4,up,1,ENSG00000196565,HBG2,0.24992119765519308
PLK4,up,2,ENSG00000130656,HBZ,0.1976877363070442
PLK4,up,3,ENSG00000213934,HBG1,0.1770734790010914
PLK4,up,4,ENSG00000130203,APOE,0.17247454097891704
PLK4,up,5,ENSG00000100097,LGALS1,0.16298817992572007
PLK4,up,6,ENSG00000160888,IER2,0.15541175512412891
PLK4,up,7,ENSG00000026025,VIM,0.15258051767049016
PLK4,up,8,ENSG00000213462,ERV3-1,0.1514645411585571
PLK4,up,9,ENSG00000090238,YPEL3,0.1454050219555501
PLK4,up,10,ENSG00000140941,MAP1LC3B,0.14319302301218234
PLK4,down,1,ENSG00000164104,HMGB2,-0.31515166424436103
PLK4,down,2,ENSG00000187514,PTMA,-0.27752431275670564
PLK4,down,3,ENSG00000116649,SRM,-0.26277467000049365
PLK4,down,4,ENSG00000099901,RANBP1,-0.2515306458277168
PLK4,down,5,ENSG00000197061,HIST1H4C,-0.24417747374350907
PLK4,down,6,ENSG00000115053,NCL,-0.208210122009192
PLK4,down,7,ENSG00000167641,PPP1R14A,-0.2053418114842454
PLK4,down,8,ENSG00000124795,DEK,-0.20340331133757678
PLK4,down,9,ENSG00000119969,HELLS,-0.20264292104244083
PLK4,down,10,ENSG00000185198,PRSS57,-0.2011371521734779
POU3F2,up,1,ENSG00000184486,POU3F2,0.7800950067098336
POU3F2,up,2,ENSG00000250361,GYPB,0.6339190321048104
POU3F2,up,3,ENSG00000196565,HBG2,0.529122011326703
POU3F2,up,4,ENSG00000266976,AC079466.1,0.5188702537877752
POU3F2,up,5,ENSG00000170180,GYPA,0.38718182724766403
POU3F2,up,6,ENSG00000198673,FAM19A2,0.3168970858103297
POU3F2,up,7,ENSG00000251562,MALAT1,0.305547274170746
POU3F2,up,8,ENSG00000245532,NEAT1,0.2916122258081146
POU3F2,up,9,ENSG00000158578,ALAS2,0.2857169294865446
POU3F2,up,10,ENSG00000213934,HBG1,0.2688256334543149
POU3F2,down,1,ENSG00000117450,PRDX1,-0.34614993296786783
POU3F2,down,2,ENSG00000055118,KCNH2,-0.33510987548981164
POU3F2,down,3,ENSG00000164687,FABP5,-0.33018581083595977
POU3F2,down,4,ENSG00000026025,VIM,-0.31243954514039507
POU3F2,down,5,ENSG00000069482,GAL,-0.3085960537726642
POU3F2,down,6,ENSG00000151287,TEX30,-0.3014965323888646
POU3F2,down,7,ENSG00000185198,PRSS57,-0.3003742677341474
POU3F2,down,8,ENSG00000034510,TMSB10,-0.2807302887517956
POU3F2,down,9,ENSG00000181163,NPM1,-0.27739054254561507
POU3F2,down,10,ENSG00000096384,HSP90AB1,-0.2739759750609986
PRDM1,up,1,ENSG00000130656,HBZ,2.530958590048272
PRDM1,up,2,ENSG00000196565,HBG2,1.620863077025481
PRDM1,up,3,ENSG00000213934,HBG1,1.068455522949531
PRDM1,up,4,ENSG00000090013,BLVRB,1.0389744974182205
PRDM1,up,5,ENSG00000158578,ALAS2,1.0315624538893262
PRDM1,up,6,ENSG00000206172,HBA1,0.9883064923792177
PRDM1,up,7,ENSG00000147454,SLC25A37,0.6520600007880271
PRDM1,up,8,ENSG00000279669,RP11-717F1.1,0.6450326960855499
PRDM1,up,9,ENSG00000142669,SH3BGRL3,0.6444773261421353
PRDM1,up,10,ENSG00000130203,APOE,0.6164804285217385
PRDM1,down,1,ENSG00000069482,GAL,-0.9043862705696125
PRDM1,down,2,ENSG00000110492,MDK,-0.7804851925177163
PRDM1,down,3,ENSG00000185198,PRSS57,-0.5978239149302403
PRDM1,down,4,ENSG00000239672,NME1,-0.5937175374809308
PRDM1,down,5,ENSG00000034510,TMSB10,-0.5752646079182887
PRDM1,down,6,ENSG00000116649,SRM,-0.5742806874067204
PRDM1,down,7,ENSG00000162511,LAPTM5,-0.5721622877838104
PRDM1,down,8,ENSG00000055118,KCNH2,-0.5369175139403075
PRDM1,down,9,ENSG00000164292,RHOBTB3,-0.5345063320149603
PRDM1,down,10,ENSG00000026025,VIM,-0.5247387955211205
PRTG,up,1,ENSG00000130656,HBZ,2.060548479497073
PRTG,up,2,ENSG00000158578,ALAS2,1.165042857574662
PRTG,up,3,ENSG00000196565,HBG2,0.9514906102256317
PRTG,up,4,ENSG00000250361,GYPB,0.7112953937144344
PRTG,up,5,ENSG00000213934,HBG1,0.692959172674278
PRTG,up,6,ENSG00000166450,PRTG,0.5313741443756135
PRTG,up,7,ENSG00000235169,SMIM1,0.4767080657919993
PRTG,up,8,ENSG00000251562,MALAT1,0.4749954470471819
PRTG,up,9,ENSG00000245532,NEAT1,0.4287035713941529
PRTG,up,10,ENSG00000170180,GYPA,0.3926348503376236
PRTG,down,1,ENSG00000227706,RP11-301G19.1,-0.612391643224802
PRTG,down,2,ENSG00000143158,MPC2,-0.4452997160107665
PRTG,down,3,ENSG00000108106,UBE2S,-0.42187338144926
PRTG,down,4,ENSG00000117632,STMN1,-0.41223250104420467
PRTG,down,5,ENSG00000197061,HIST1H4C,-0.387001445140983
PRTG,down,6,ENSG00000151287,TEX30,-0.38642713318967364
PRTG,down,7,ENSG00000099901,RANBP1,-0.3723397985017683
PRTG,down,8,ENSG00000185198,PRSS57,-0.3614753230299376
PRTG,down,9,ENSG00000198886,MT-ND4,-0.34999486731118856
PRTG,down,10,ENSG00000198727,MT-CYB,-0.33331525260016787
PTPN1,up,1,ENSG00000130656,HBZ,2.1830059429705546
PTPN1,up,2,ENSG00000245532,NEAT1,0.753671863373044
PTPN1,up,3,ENSG00000196565,HBG2,0.7453506684193736
PTPN1,up,4,ENSG00000206172,HBA1,0.6394280849218945
PTPN1,up,5,ENSG00000182871,COL18A1,0.6291342379430607
PTPN1,up,6,ENSG00000130203,APOE,0.617227125862395
PTPN1,up,7,ENSG00000158578,ALAS2,0.5457311351725087
PTPN1,up,8,ENSG00000213934,HBG1,0.5024403427150814
PTPN1,up,9,ENSG00000090013,BLVRB,0.49641220156264937
PTPN1,up,10,ENSG00000147454,SLC25A37,0.4724068611502909
PTPN1,down,1,ENSG00000108106,UBE2S,-0.5832467262518655
PTPN1,down,2,ENSG00000185198,PRSS57,-0.5819554839360863
PTPN1,down,3,ENSG00000116161,CACYBP,-0.5107051578951813
PTPN1,down,4,ENSG00000099901,RANBP1,-0.4648911994442928
PTPN1,down,5,ENSG00000117410,ATP6V0B,-0.44083608705486454
PTPN1,down,6,ENSG00000117450,PRDX1,-0.4396156952427317
PTPN1,down,7,ENSG00000239672,NME1,-0.42445673592610633
PTPN1,down,8,ENSG00000128228,SDF2L1,-0.4198211583874979
PTPN1,down,9,ENSG00000134333,LDHA,-0.416102985402341
PTPN1,down,10,ENSG00000104341,LAPTM4B,-0.41494171257369156
PTPN12,up,1,ENSG00000130656,HBZ,1.510638520547457
PTPN12,up,2,ENSG00000196565,HBG2,0.5580898103366898
PTPN12,up,3,ENSG00000090013,BLVRB,0.4999386183028621
PTPN12,up,4,ENSG00000127947,PTPN12,0.4708161906521082
PTPN12,up,5,ENSG00000130208,APOC1,0.41833954296470494
PTPN12,up,6,ENSG00000187837,HIST1H1C,0.39599549906179393
PTPN12,up,7,ENSG00000130203,APOE,0.3898605567847013
PTPN12,up,8,ENSG00000147454,SLC25A37,0.36590179283206536
PTPN12,up,9,ENSG00000206172,HBA1,0.3532172233264253
PTPN12,up,10,ENSG00000245532,NEAT1,0.35053400117609507
PTPN12,down,1,ENSG00000185198,PRSS57,-0.45154643686267304
PTPN12,down,2,ENSG00000163191,S100A11,-0.3552884778587815
PTPN12,down,3,ENSG00000178104,PDE4DIP,-0.3197835819885726
PTPN12,down,4,ENSG00000184009,ACTG1,-0.31211557465450224
PTPN12,down,5,ENSG00000185420,SMYD3,-0.29463991994253347
PTPN12,down,6,ENSG00000213719,CLIC1,-0.28155563022802566
PTPN12,down,7,ENSG00000130429,ARPC1B,-0.26037726855682
PTPN12,down,8,ENSG00000151287,TEX30,-0.2575736619181676
PTPN12,down,9,ENSG00000034510,TMSB10,-0.24938455488487432
PTPN12,down,10,ENSG00000117410,ATP6V0B,-0.24741012099242835
PTPN13,up,1,ENSG00000182871,COL18A1,1.1590647414693696
PTPN13,up,2,ENSG00000137193,PIM1,0.7082163536696646
PTPN13,up,3,ENSG00000106991,ENG,0.45702882958578595
PTPN13,up,4,ENSG00000149485,FADS1,0.41198958907954564
PTPN13,up,5,ENSG00000117318,ID3,0.40372511190766036
PTPN13,up,6,ENSG00000104903,LYL1,0.3969826698034964
PTPN13,up,7,ENSG00000130656,HBZ,0.37668649422208356
PTPN13,up,8,ENSG00000186051,TAL2,0.3518154762347888
PTPN13,up,9,ENSG00000251562,MALAT1,0.301705932725458
PTPN13,up,10,ENSG00000130203,APOE,0.2950960915917553
PTPN13,down,1,ENSG00000135363,LMO2,-0.39174956046791687
PTPN13,down,2,ENSG00000108106,UBE2S,-0.3624941877608563
PTPN13,down,3,ENSG00000069482,GAL,-0.3481094061407057
PTPN13,down,4,ENSG00000116649,SRM,-0.30026214377678134
PTPN13,down,5,ENSG00000091317,CMTM6,-0.30007424253355736
PTPN13,down,6,ENSG00000115758,ODC1,-0.28228692210048334
PTPN13,down,7,ENSG00000069011,PITX1,-0.27163544368203696
PTPN13,down,8,ENSG00000119403,PHF19,-0.2701544659422787
PTPN13,down,9,ENSG00000151287,TEX30,-0.26461470131600934
PTPN13,down,10,ENSG00000055118,KCNH2,-0.248577248540837
PTPN9,up,1,ENSG00000130656,HBZ,0.527266512851755
PTPN9,up,2,ENSG00000251562,MALAT1,0.4722480270179923
PTPN9,up,3,ENSG00000196565,HBG2,0.46036107033298324
PTPN9,up,4,ENSG00000169410,PTPN9,0.4362859488076503
PTPN9,up,5,ENSG00000168938,PPIC,0.3875812550404302
PTPN9,up,6,ENSG00000250361,GYPB,0.3767724082855149
PTPN9,up,7,ENSG00000245532,NEAT1,0.356878489153937
PTPN9,up,8,ENSG00000170180,GYPA,0.2565300434424892
PTPN9,up,9,ENSG00000266976,AC079466.1,0.24491508607164245
PTPN9,up,10,ENSG00000069011,PITX1,0.23274309790976802
PTPN9,down,1,ENSG00000108106,UBE2S,-0.37894388265077733
PTPN9,down,2,ENSG00000185198,PRSS57,-0.3703038433617911
PTPN9,down,3,ENSG00000104341,LAPTM4B,-0.28178606045275
PTPN9,down,4,ENSG00000117450,PRDX1,-0.26788692684541515
PTPN9,down,5,ENSG00000213719,CLIC1,-0.24991773123070676
PTPN9,down,6,ENSG00000117410,ATP6V0B,-0.24790166273244518
PTPN9,down,7,ENSG00000116161,CACYBP,-0.2426769972318772
PTPN9,down,8,ENSG00000123131,PRDX4,-0.23196937315499616
PTPN9,down,9,ENSG00000128228,SDF2L1,-0.22289930205036768
PTPN9,down,10,ENSG00000130429,ARPC1B,-0.22210243917015057
RHOXF2BB,up,1,ENSG00000196565,HBG2,1.2380562717953323
RHOXF2BB,up,2,ENSG00000251562,MALAT1,1.1788495105246022
RHOXF2BB,up,3,ENSG00000130656,HBZ,1.1409574637189293
RHOXF2BB,up,4,ENSG00000245532,NEAT1,1.108286673150715
RHOXF2BB,up,5,ENSG00000213934,HBG1,0.8038797356565446
RHOXF2BB,up,6,ENSG00000250361,GYPB,0.7253981288580711
RHOXF2BB,up,7,ENSG00000158578,ALAS2,0.687823092207656
RHOXF2BB,up,8,ENSG00000133639,BTG1,0.6844497462891688
RHOXF2BB,up,9,ENSG00000268621,AC006262.5,0.470572196803163
RHOXF2BB,up,10,ENSG00000187837,HIST1H1C,0.45761467931403166
RHOXF2BB,down,1,ENSG00000069482,GAL,-0.715842251345453
RHOXF2BB,down,2,ENSG00000099901,RANBP1,-0.5734627812741914
RHOXF2BB,down,3,ENSG00000185198,PRSS57,-0.4946957038640415
RHOXF2BB,down,4,ENSG00000134333,LDHA,-0.4885511126838621
RHOXF2BB,down,5,ENSG00000126067,PSMB2,-0.4816051044845354
RHOXF2BB,down,6,ENSG00000115758,ODC1,-0.47559084073664903
RHOXF2BB,down,7,ENSG00000187514,PTMA,-0.4630548363027661
RHOXF2BB,down,8,ENSG00000175130,MARCKSL1,-0.4360853363957653
RHOXF2BB,down,9,ENSG00000055118,KCNH2,-0.43277968999122
RHOXF2BB,down,10,ENSG00000239672,NME1,-0.42358808303649864
RREB1,up,1,ENSG00000130656,HBZ,1.3028611975343694
RREB1,up,2,ENSG00000124098,FAM210B,0.4581689122424528
RREB1,up,3,ENSG00000147689,FAM83A,0.45544856650693516
RREB1,up,4,ENSG00000206172,HBA1,0.40965047748680183
RREB1,up,5,ENSG00000251562,MALAT1,0.39573113479114885
RREB1,up,6,ENSG00000237330,RNF223,0.37901731110015885
RREB1,up,7,ENSG00000130203,APOE,0.37362636029137253
RREB1,up,8,ENSG00000172270,BSG,0.33916006233281515
RREB1,up,9,ENSG00000064886,CHI3L2,0.3332939782642428
RREB1,up,10,ENSG00000158578,ALAS2,0.2975086297243631
RREB1,down,1,ENSG00000239672,NME1,-0.35437128245829186
RREB1,down,2,ENSG00000119403,PHF19,-0.2930755871249823
RREB1,down,3,ENSG00000142669,SH3BGRL3,-0.2761614835924118
RREB1,down,4,ENSG00000108106,UBE2S,-0.2640846574926475
RREB1,down,5,ENSG00000185201,IFITM2,-0.2589222452231372
RREB1,down,6,ENSG00000041357,PSMA4,-0.2560830578513168
RREB1,down,7,ENSG00000115758,ODC1,-0.2560702275431123
RREB1,down,8,ENSG00000189159,HN1,-0.2515447119632075
RREB1,down,9,ENSG00000115457,IGFBP2,-0.25117347972887477
RREB1,down,10,ENSG00000164687,FABP5,-0.24954598958165303
RUNX1T1,up,1,ENSG00000079102,RUNX1T1,0.4334970463524403
RUNX1T1,up,2,ENSG00000245532,NEAT1,0.19325552402968327
RUNX1T1,up,3,ENSG00000026025,VIM,0.19238742482114898
RUNX1T1,up,4,ENSG00000251562,MALAT1,0.15065988256820517
RUNX1T1,up,5,ENSG00000130203,APOE,0.1415365240050731
RUNX1T1,up,6,ENSG00000227706,RP11-301G19.1,0.1045485968237096
RUNX1T1,up,7,ENSG00000139219,COL2A1,0.10132080342458322
RUNX1T1,up,8,ENSG00000051523,CYBA,0.09248546463842142
RUNX1T1,up,9,ENSG00000189171,S100A13,0.09163739903842802
RUNX1T1,up,10,ENSG00000141744,PNMT,0.08840864209322949
RUNX1T1,down,1,ENSG00000130656,HBZ,-0.27117408518413866
RUNX1T1,down,2,ENSG00000196565,HBG2,-0.27086545130893813
RUNX1T1,down,3,ENSG00000170180,GYPA,-0.2621986425000695
RUNX1T1,down,4,ENSG00000250361,GYPB,-0.25122497833079915
RUNX1T1,down,5,ENSG00000135047,CTSL,-0.24109475025055166
RUNX1T1,down,6,ENSG00000213934,HBG1,-0.16476180980046295
RUNX1T1,down,7,ENSG00000197465,GYPE,-0.10504397763044472
RUNX1T1,down,8,ENSG00000069011,PITX1,-0.10128195174892707
RUNX1T1,down,9,ENSG00000279669,RP11-717F1.1,-0.09828567505437807
RUNX1T1,down,10,ENSG00000112576,CCND3,-0.09578793729786378
S1PR2,up,1,ENSG00000130656,HBZ,1.4699387038143739
S1PR2,up,2,ENSG00000196565,HBG2,0.9240810083682393
S1PR2,up,3,ENSG00000206172,HBA1,0.8721655916647171
S1PR2,up,4,ENSG00000104903,LYL1,0.6627190434559095
S1PR2,up,5,ENSG00000213934,HBG1,0.643126672524132
S1PR2,up,6,ENSG00000117318,ID3,0.634942262752823
S1PR2,up,7,ENSG00000111057,KRT18,0.5975859924767601
S1PR2,up,8,ENSG00000115457,IGFBP2,0.5856213762607221
S1PR2,up,9,ENSG00000170421,KRT8,0.5840045155097582
S1PR2,up,10,ENSG00000188536,HBA2,0.5632282505764268
S1PR2,down,1,ENSG00000055118,KCNH2,-0.4510549305956862
S1PR2,down,2,ENSG00000034510,TMSB10,-0.4443073765235602
S1PR2,down,3,ENSG00000151287,TEX30,-0.4091788535181314
S1PR2,down,4,ENSG00000187514,PTMA,-0.3399117672295366
S1PR2,down,5,ENSG00000091317,CMTM6,-0.32952199726227893
S1PR2,down,6,ENSG00000069482,GAL,-0.32329073010617065
S1PR2,down,7,ENSG00000119403,PHF19,-0.3109659699005548
S1PR2,down,8,ENSG00000185198,PRSS57,-0.27850857346834246
S1PR2,down,9,ENSG00000205542,TMSB4X,-0.2723538847793561
S1PR2,down,10,ENSG00000134333,LDHA,-0.27001583771883125
SAMD1,up,1,ENSG00000130656,HBZ,1.4484586086513862
SAMD1,up,2,ENSG00000251562,MALAT1,0.6839843371935238
SAMD1,up,3,ENSG00000196565,HBG2,0.6142663264570134
SAMD1,up,4,ENSG00000130203,APOE,0.5889121529331098
SAMD1,up,5,ENSG00000147689,FAM83A,0.5477767912529211
SAMD1,up,6,ENSG00000245532,NEAT1,0.5403199651752868
SAMD1,up,7,ENSG00000206172,HBA1,0.47768930188799974
SAMD1,up,8,ENSG00000268621,AC006262.5,0.4322624920578292
SAMD1,up,9,ENSG00000213934,HBG1,0.40243874159447734
SAMD1,up,10,ENSG00000158578,ALAS2,0.3742943808057402
SAMD1,down,1,ENSG00000108106,UBE2S,-0.48186791956544506
SAMD1,down,2,ENSG00000185198,PRSS57,-0.44106733170220835
SAMD1,down,3,ENSG00000115758,ODC1,-0.41580383858676856
SAMD1,down,4,ENSG00000151287,TEX30,-0.40495025834777776
SAMD1,down,5,ENSG00000116161,CACYBP,-0.3974806820161274
SAMD1,down,6,ENSG00000119335,SET,-0.39641619119669963
SAMD1,down,7,ENSG00000119403,PHF19,-0.38697061219621376
SAMD1,down,8,ENSG00000187514,PTMA,-0.38030569440602513
SAMD1,down,9,ENSG00000099901,RANBP1,-0.37848772843918116
SAMD1,down,10,ENSG00000128228,SDF2L1,-0.3741516846516636
SET,up,1,ENSG00000087086,FTL,1.1487904967227391
SET,up,2,ENSG00000169442,CD52,0.8491081526079625
SET,up,3,ENSG00000166501,PRKCB,0.7888204500403612
SET,up,4,ENSG00000090013,BLVRB,0.7440284080742494
SET,up,5,ENSG00000170542,SERPINB9,0.7375716806750335
SET,up,6,ENSG00000234965,SHISA8,0.6751679093887621
SET,up,7,ENSG00000168754,FAM178B,0.5910033517059784
SET,up,8,ENSG00000279669,RP11-717F1.1,0.5860724600263163
SET,up,9,ENSG00000147454,SLC25A37,0.5857220998985131
SET,up,10,ENSG00000189159,HN1,0.5671944674542819
SET,down,1,ENSG00000184009,ACTG1,-0.9519579566067992
SET,down,2,ENSG00000093010,COMT,-0.6388893322133428
SET,down,3,ENSG00000108106,UBE2S,-0.6186919959447574
SET,down,4,ENSG00000213719,CLIC1,-0.5396701685418396
SET,down,5,ENSG00000119403,PHF19,-0.512525324041528
SET,down,6,ENSG00000111640,GAPDH,-0.5113061115230001
SET,down,7,ENSG00000091317,CMTM6,-0.5093321439529304
SET,down,8,ENSG00000099901,RANBP1,-0.5091878640445382
SET,down,9,ENSG00000116161,CACYBP,-0.5014811587966064
SET,down,10,ENSG00000205542,TMSB4X,-0.4951566817077569
SGK1,up,1,ENSG00000196565,HBG2,0.9914363225917066
SGK1,up,2,ENSG00000251562,MALAT1,0.7554061764995489
SGK1,up,3,ENSG00000118515,SGK1,0.6367130434426927
SGK1,up,4,ENSG00000245532,NEAT1,0.5739687387512663
SGK1,up,5,ENSG00000213934,HBG1,0.5425264452629167
SGK1,up,6,ENSG00000268621,AC006262.5,0.5026057073954935
SGK1,up,7,ENSG00000182718,ANXA2,0.4870382530465835
SGK1,up,8,ENSG00000182871,COL18A1,0.45931403214807925
SGK1,up,9,ENSG00000088992,TESC,0.44698226484287895
SGK1,up,10,ENSG00000119535,CSF3R,0.4061072404568755
SGK1,down,1,ENSG00000185198,PRSS57,-0.47548287708242276
SGK1,down,2,ENSG00000069482,GAL,-0.4491553308907992
SGK1,down,3,ENSG00000108106,UBE2S,-0.40167647884486735
SGK1,down,4,ENSG00000239672,NME1,-0.38251979074524933
SGK1,down,5,ENSG00000116161,CACYBP,-0.3493496164018002
SGK1,down,6,ENSG00000151287,TEX30,-0.33595162813125484
SGK1,down,7,ENSG00000142227,EMP3,-0.3280203022725545
SGK1,down,8,ENSG00000165732,DDX21,-0.32775778268899863
SGK1,down,9,ENSG00000115053,NCL,-0.3211984608702142
SGK1,down,10,ENSG00000099901,RANBP1,-0.31874593860776657
SLC38A2,up,1,ENSG00000134294,SLC38A2,0.3399986626200197
SLC38A2,up,2,ENSG00000110492,MDK,0.3162265878614655
SLC38A2,up,3,ENSG00000197061,HIST1H4C,0.22565159552353903
SLC38A2,up,4,ENSG00000164687,FABP5,0.15527330326532462
SLC38A2,up,5,ENSG00000115758,ODC1,0.1392714940422695
SLC38A2,up,6,ENSG00000143158,MPC2,0.13660194244569182
SLC38A2,up,7,ENSG00000198830,HMGN2,0.13461157735131346
SLC38A2,up,8,ENSG00000090273,NUDC,0.1284685623270544
SLC38A2,up,9,ENSG00000204387,C6orf48,0.12815363693224263
SLC38A2,up,10,ENSG00000144381,HSPD1,0.1189318299557951
SLC38A2,down,1,ENSG00000187837,HIST1H1C,-0.3789483868640755
SLC38A2,down,2,ENSG00000279669,RP11-717F1.1,-0.29323085649064384
SLC38A2,down,3,ENSG00000198695,MT-ND6,-0.28789503214327666
SLC38A2,down,4,ENSG00000124635,HIST1H2BJ,-0.23562324884443325
SLC38A2,down,5,ENSG00000135047,CTSL,-0.23207756798408893
SLC38A2,down,6,ENSG00000266976,AC079466.1,-0.22919238148381144
SLC38A2,down,7,ENSG00000130656,HBZ,-0.205410598284169
SLC38A2,down,8,ENSG00000268621,AC006262.5,-0.17676978295951823
SLC38A2,down,9,ENSG00000055118,KCNH2,-0.1629685290683126
SLC38A2,down,10,ENSG00000180573,HIST1H2AC,-0.1479999048182208
SLC4A1,up,1,ENSG00000254614,AP003068.23,0.7782321997604261
SLC4A1,up,2,ENSG00000185201,IFITM2,0.4959488505556991
SLC4A1,up,3,ENSG00000004939,SLC4A1,0.4309242256954563
SLC4A1,up,4,ENSG00000110492,MDK,0.3691558534362924
SLC4A1,up,5,ENSG00000069482,GAL,0.32443431606564826
SLC4A1,up,6,ENSG00000236824,BCYRN1,0.31402441908878986
SLC4A1,up,7,ENSG00000162493,PDPN,0.3135473963875903
SLC4A1,up,8,ENSG00000198168,SVIP,0.3088123752584388
SLC4A1,up,9,ENSG00000143158,MPC2,0.3012555547513317
SLC4A1,up,10,ENSG00000185338,SOCS1,0.29963160798468913
SLC4A1,down,1,ENSG00000130208,APOC1,-1.2500007121996703
SLC4A1,down,2,ENSG00000130203,APOE,-0.7392079158053346
SLC4A1,down,3,ENSG00000130656,HBZ,-0.5870530679241656
SLC4A1,down,4,ENSG00000026025,VIM,-0.5424945282085958
SLC4A1,down,5,ENSG00000167641,PPP1R14A,-0.5399837042360829
SLC4A1,down,6,ENSG00000187837,HIST1H1C,-0.5319031897586626
SLC4A1,down,7,ENSG00000172270,BSG,-0.4892518846257946
SLC4A1,down,8,ENSG00000117450,PRDX1,-0.46522260820143235
SLC4A1,down,9,ENSG00000111640,GAPDH,-0.40615812982826327
SLC4A1,down,10,ENSG00000151287,TEX30,-0.3994381786926973
SLC6A9,up,1,ENSG00000130656,HBZ,0.9438042709755556
SLC6A9,up,2,ENSG00000196565,HBG2,0.4569221656508303
SLC6A9,up,3,ENSG00000109971,HSPA8,0.4376788772547236
SLC6A9,up,4,ENSG00000196517,SLC6A9,0.43293210474747806
SLC6A9,up,5,ENSG00000251562,MALAT1,0.37117070227721116
SLC6A9,up,6,ENSG00000198336,MYL4,0.32397410132644044
SLC6A9,up,7,ENSG00000130203,APOE,0.30559348489876575
SLC6A9,up,8,ENSG00000213934,HBG1,0.3001264793356199
SLC6A9,up,9,ENSG00000206172,HBA1,0.2898949243566845
SLC6A9,up,10,ENSG00000143851,PTPN7,0.2537169733267465
SLC6A9,down,1,ENSG00000117450,PRDX1,-0.37465716146392464
SLC6A9,down,2,ENSG00000104341,LAPTM4B,-0.3237302679721171
SLC6A9,down,3,ENSG00000185198,PRSS57,-0.29439287493404187
SLC6A9,down,4,ENSG00000088986,DYNLL1,-0.26228163001529403
SLC6A9,down,5,ENSG00000197061,HIST1H4C,-0.2561062665077503
SLC6A9,down,6,ENSG00000167641,PPP1R14A,-0.2550068994137119
SLC6A9,down,7,ENSG00000198695,MT-ND6,-0.2452452957257711
SLC6A9,down,8,ENSG00000239672,NME1,-0.22675852228857443
SLC6A9,down,9,ENSG00000116161,CACYBP,-0.22530911749131027
SLC6A9,down,10,ENSG00000123131,PRDX4,-0.22225481589089607
SNAI1,up,1,ENSG00000120833,SOCS2,0.5091002505736045
SNAI1,up,2,ENSG00000189171,S100A13,0.4845492370797119
SNAI1,up,3,ENSG00000026297,RNASET2,0.4527676606179893
SNAI1,up,4,ENSG00000100097,LGALS1,0.4367482237904174
SNAI1,up,5,ENSG00000251562,MALAT1,0.4209450142307056
SNAI1,up,6,ENSG00000026025,VIM,0.4174638386765229
SNAI1,up,7,ENSG00000034510,TMSB10,0.3993557903556611
SNAI1,up,8,ENSG00000158578,ALAS2,0.3952817128764925
SNAI1,up,9,ENSG00000110492,MDK,0.38494538210039275
SNAI1,up,10,ENSG00000166669,ATF7IP2,0.3341585047473198
SNAI1,down,1,ENSG00000187837,HIST1H1C,-0.6998487504855573
SNAI1,down,2,ENSG00000196565,HBG2,-0.6704683809361821
SNAI1,down,3,ENSG00000279669,RP11-717F1.1,-0.58245083613184
SNAI1,down,4,ENSG00000130656,HBZ,-0.5445102028705027
SNAI1,down,5,ENSG00000119403,PHF19,-0.41387466733072636
SNAI1,down,6,ENSG00000198168,SVIP,-0.41375621375126387
SNAI1,down,7,ENSG00000115758,ODC1,-0.41181853611606867
SNAI1,down,8,ENSG00000166165,CKB,-0.4082789399394039
SNAI1,down,9,ENSG00000197766,CFD,-0.4060265457815855
SNAI1,down,10,ENSG00000069482,GAL,-0.3823954073731429
SPI1,up,1,ENSG00000204482,LST1,1.3581726425771776
SPI1,up,2,ENSG00000204472,AIF1,1.2913965189014536
SPI1,up,3,ENSG00000011600,TYROBP,1.0157368556462314
SPI1,up,4,ENSG00000111348,ARHGDIB,0.9017469075968896
SPI1,up,5,ENSG00000251562,MALAT1,0.8496372539039627
SPI1,up,6,ENSG00000131171,SH3BGRL,0.752392417686482
SPI1,up,7,ENSG00000245532,NEAT1,0.7191943591266351
SPI1,up,8,ENSG00000066336,SPI1,0.6626236711833303
SPI1,up,9,ENSG00000103490,PYCARD,0.6078717094122482
SPI1,up,10,ENSG00000130429,ARPC1B,0.5625156131138646
SPI1,down,1,ENSG00000239672,NME1,-0.8121253012588265
SPI1,down,2,ENSG00000104341,LAPTM4B,-0.7447612093415423
SPI1,down,3,ENSG00000099901,RANBP1,-0.7396732115192584
SPI1,down,4,ENSG00000069482,GAL,-0.7324882238766307
SPI1,down,5,ENSG00000108106,UBE2S,-0.7320023916730031
SPI1,down,6,ENSG00000116649,SRM,-0.6680424755908064
SPI1,down,7,ENSG00000187514,PTMA,-0.6383950957418197
SPI1,down,8,ENSG00000197061,HIST1H4C,-0.6342521805469555
SPI1,down,9,ENSG00000074800,ENO1,-0.6216661307708009
SPI1,down,10,ENSG00000080824,HSP90AA1,-0.6096132945484878
STIL,up,1,ENSG00000123473,STIL,0.2000953818452195
STIL,up,2,ENSG00000251562,MALAT1,0.17905128980152907
STIL,up,3,ENSG00000130203,APOE,0.17597901542119634
STIL,up,4,ENSG00000030582,GRN,0.16285290738454047
STIL,up,5,ENSG00000130066,SAT1,0.14297272971091451
STIL,up,6,ENSG00000123349,PFDN5,0.1423050909765786
STIL,up,7,ENSG00000143162,CREG1,0.1409541513840424
STIL,up,8,ENSG00000245532,NEAT1,0.13463407115483075
STIL,up,9,ENSG00000150991,UBC,0.12545720274142455
STIL,up,10,ENSG00000189171,S100A13,0.12469434893257245
STIL,down,1,ENSG00000197061,HIST1H4C,-0.4166232115171425
STIL,down,2,ENSG00000099901,RANBP1,-0.2831200903736155
STIL,down,3,ENSG00000187514,PTMA,-0.2677685305219631
STIL,down,4,ENSG00000116649,SRM,-0.26582184948448595
STIL,down,5,ENSG00000119403,PHF19,-0.2540055168171238
STIL,down,6,ENSG00000069011,PITX1,-0.2524137766075091
STIL,down,7,ENSG00000239672,NME1,-0.24397907897993565
STIL,down,8,ENSG00000165732,DDX21,-0.23505154901108746
STIL,down,9,ENSG00000115758,ODC1,-0.2339236721537728
STIL,down,10,ENSG00000055118,KCNH2,-0.22973908484964345
TBX2,up,1,ENSG00000121900,TMEM54,2.2893564569020977
TBX2,up,2,ENSG00000196565,HBG2,0.7276626551902085
TBX2,up,3,ENSG00000279669,RP11-717F1.1,0.6508605793260781
TBX2,up,4,ENSG00000084207,GSTP1,0.5889447387036202
TBX2,up,5,ENSG00000173762,CD7,0.4910426110916296
TBX2,up,6,ENSG00000198336,MYL4,0.4455309818585679
TBX2,up,7,ENSG00000121068,TBX2,0.4331327669789379
TBX2,up,8,ENSG00000213934,HBG1,0.4097218949582119
TBX2,up,9,ENSG00000245532,NEAT1,0.3965010709625778
TBX2,up,10,ENSG00000251562,MALAT1,0.38198872857683497
TBX2,down,1,ENSG00000185198,PRSS57,-0.6279830851497055
TBX2,down,2,ENSG00000034510,TMSB10,-0.5280562533093283
TBX2,down,3,ENSG00000151287,TEX30,-0.4557971157202695
TBX2,down,4,ENSG00000184009,ACTG1,-0.43148927960853817
TBX2,down,5,ENSG00000108106,UBE2S,-0.3988635365054474
TBX2,down,6,ENSG00000250361,GYPB,-0.3655323146387268
TBX2,down,7,ENSG00000130656,HBZ,-0.3394237502164479
TBX2,down,8,ENSG00000135047,CTSL,-0.3183067731374952
TBX2,down,9,ENSG00000134333,LDHA,-0.3061292558885886
TBX2,down,10,ENSG00000048740,CELF2,-0.3047632591318945
TBX3,up,1,ENSG00000101200,AVP,3.7687662467108187
TBX3,up,2,ENSG00000245532,NEAT1,0.38195630074625975
TBX3,up,3,ENSG00000135002,RFK,0.36529661298800264
TBX3,up,4,ENSG00000130303,BST2,0.3632857299519527
TBX3,up,5,ENSG00000026025,VIM,0.33799711244754826
TBX3,up,6,ENSG00000251562,MALAT1,0.3365320299157796
TBX3,up,7,ENSG00000166669,ATF7IP2,0.3066559799585768
TBX3,up,8,ENSG00000035862,TIMP2,0.2637539377999989
TBX3,up,9,ENSG00000102804,TSC22D1,0.25967856688451074
TBX3,up,10,ENSG00000135111,TBX3,0.2535681220137904
TBX3,down,1,ENSG00000185198,PRSS57,-0.4941028753411523
TBX3,down,2,ENSG00000250361,GYPB,-0.4534738272168163
TBX3,down,3,ENSG00000170180,GYPA,-0.38810597929468593
TBX3,down,4,ENSG00000151287,TEX30,-0.3517659032880402
TBX3,down,5,ENSG00000130656,HBZ,-0.32579074981251255
TBX3,down,6,ENSG00000187837,HIST1H1C,-0.3171753702380168
TBX3,down,7,ENSG00000142669,SH3BGRL3,-0.310716499523859
TBX3,down,8,ENSG00000119403,PHF19,-0.2930124452354491
TBX3,down,9,ENSG00000142227,EMP3,-0.2828268855344304
TBX3,down,10,ENSG00000164104,HMGB2,-0.27648561382486686
TGFBR2,up,1,ENSG00000130656,HBZ,0.6150117237248574
TGFBR2,up,2,ENSG00000196565,HBG2,0.3021040791702939
TGFBR2,up,3,ENSG00000144591,GMPPA,0.23302648885661292
TGFBR2,up,4,ENSG00000250361,GYPB,0.22613906172107437
TGFBR2,up,5,ENSG00000163513,TGFBR2,0.22323830106138196
TGFBR2,up,6,ENSG00000158578,ALAS2,0.21974608228479903
TGFBR2,up,7,ENSG00000213934,HBG1,0.20404149130125682
TGFBR2,up,8,ENSG00000090013,BLVRB,0.11390880213869956
TGFBR2,up,9,ENSG00000170180,GYPA,0.09689743795870301
TGFBR2,up,10,ENSG00000166669,ATF7IP2,0.09089032764679207
TGFBR2,down,1,ENSG00000142669,SH3BGRL3,-0.15482826523072463
TGFBR2,down,2,ENSG00000204472,AIF1,-0.15095947122215955
TGFBR2,down,3,ENSG00000143158,MPC2,-0.13454074256226412
TGFBR2,down,4,ENSG00000130755,GMFG,-0.13090276214240895
TGFBR2,down,5,ENSG00000160932,LY6E,-0.12750515174903532
TGFBR2,down,6,ENSG00000162511,LAPTM5,-0.12337003976232613
TGFBR2,down,7,ENSG00000125148,MT2A,-0.12108380044899351
TGFBR2,down,8,ENSG00000185198,PRSS57,-0.11893870636308124
TGFBR2,down,9,ENSG00000227706,RP11-301G19.1,-0.11850613400432206
TGFBR2,down,10,ENSG00000034510,TMSB10,-0.11289815220377603
TMSB4X,up,1,ENSG00000205542,TMSB4X,2.110431505936135
TMSB4X,up,2,ENSG00000075624,ACTB,0.5471351374755824
TMSB4X,up,3,ENSG00000184009,ACTG1,0.5292991430282965
TMSB4X,up,4,ENSG00000167460,TPM4,0.3103101305291339
TMSB4X,up,5,ENSG00000196565,HBG2,0.28888873519222347
TMSB4X,up,6,ENSG00000130656,HBZ,0.28250974201627915
TMSB4X,up,7,ENSG00000162704,ARPC5,0.2300846477595262
TMSB4X,up,8,ENSG00000187837,HIST1H1C,0.21831889743343413
TMSB4X,up,9,ENSG00000196924,FLNA,0.21773364038642437
TMSB4X,up,10,ENSG00000092841,MYL6,0.2060041761736864
TMSB4X,down,1,ENSG00000135047,CTSL,-0.19701630068949255
TMSB4X,down,2,ENSG00000069482,GAL,-0.1690514292931967
TMSB4X,down,3,ENSG00000074800,ENO1,-0.16113049020976902
TMSB4X,down,4,ENSG00000117450,PRDX1,-0.1519537382755543
TMSB4X,down,5,ENSG00000110492,MDK,-0.14103619889626312
TMSB4X,down,6,ENSG00000084207,GSTP1,-0.14058319309385986
TMSB4X,down,7,ENSG00000080824,HSP90AA1,-0.13757657901445516
TMSB4X,down,8,ENSG00000130208,APOC1,-0.1367664114813812
TMSB4X,down,9,ENSG00000266976,AC079466.1,-0.12934266715975723
TMSB4X,down,10,ENSG00000164687,FABP5,-0.12379184423581813
TP73,up,1,ENSG00000101200,AVP,3.0133882123498443
TP73,up,2,ENSG00000130656,HBZ,2.4706712815372294
TP73,up,3,ENSG00000245532,NEAT1,1.4087141058950992
TP73,up,4,ENSG00000158578,ALAS2,1.1545951719367613
TP73,up,5,ENSG00000250361,GYPB,1.1088058851390077
TP73,up,6,ENSG00000251562,MALAT1,1.1059827693577828
TP73,up,7,ENSG00000064886,CHI3L2,1.026717191915044
TP73,up,8,ENSG00000255346,NOX5,1.0219773900499212
TP73,up,9,ENSG00000088992,TESC,1.0181250915805569
TP73,up,10,ENSG00000130513,GDF15,0.9639825273283726
TP73,down,1,ENSG00000187514,PTMA,-1.2879557647067852
TP73,down,2,ENSG00000099901,RANBP1,-0.9958122525410571
TP73,down,3,ENSG00000197061,HIST1H4C,-0.981220829196259
TP73,down,4,ENSG00000117632,STMN1,-0.9609867416924524
TP73,down,5,ENSG00000116649,SRM,-0.9459188166204515
TP73,down,6,ENSG00000074800,ENO1,-0.9147836271497891
TP73,down,7,ENSG00000115053,NCL,-0.8205937548724846
TP73,down,8,ENSG00000239672,NME1,-0.8116503579404637
TP73,down,9,ENSG00000165732,DDX21,-0.8112755460332934
TP73,down,10,ENSG00000119403,PHF19,-0.7974871711730244
TSC22D1,up,1,ENSG00000102804,TSC22D1,0.9523073322029697
TSC22D1,up,2,ENSG00000120885,CLU,0.48020437657128956
TSC22D1,up,3,ENSG00000245532,NEAT1,0.360547477263582
TSC22D1,up,4,ENSG00000084207,GSTP1,0.35071222428388754
TSC22D1,up,5,ENSG00000102575,ACP5,0.2883658024674739
TSC22D1,up,6,ENSG00000130522,JUND,0.2667519424726609
TSC22D1,up,7,ENSG00000243449,C4orf48,0.22627805824515662
TSC22D1,up,8,ENSG00000187837,HIST1H1C,0.21216574790510204
TSC22D1,up,9,ENSG00000251562,MALAT1,0.1816260794282918
TSC22D1,up,10,ENSG00000130656,HBZ,0.16907001434838695
TSC22D1,down,1,ENSG00000130208,APOC1,-0.3028915230980986
TSC22D1,down,2,ENSG00000116161,CACYBP,-0.18329694312410513
TSC22D1,down,3,ENSG00000130203,APOE,-0.1817772383659293
TSC22D1,down,4,ENSG00000117450,PRDX1,-0.17308587842907464
TSC22D1,down,5,ENSG00000041357,PSMA4,-0.15859640538003597
TSC22D1,down,6,ENSG00000026025,VIM,-0.14306578265366282
TSC22D1,down,7,ENSG00000055118,KCNH2,-0.14194392060040906
TSC22D1,down,8,ENSG00000165732,DDX21,-0.13030126153068022
TSC22D1,down,9,ENSG00000155368,DBI,-0.1288568627947913
TSC22D1,down,10,ENSG00000164104,HMGB2,-0.12784559484966607
UBASH3A,up,1,ENSG00000251562,MALAT1,0.2530957637061587
UBASH3A,up,2,ENSG00000245532,NEAT1,0.23539841303514084
UBASH3A,up,3,ENSG00000130656,HBZ,0.16345298889593968
UBASH3A,up,4,ENSG00000266976,AC079466.1,0.15534501635912534
UBASH3A,up,5,ENSG00000160185,UBASH3A,0.13710949044536447
UBASH3A,up,6,ENSG00000141753,IGFBP4,0.1216082294088506
UBASH3A,up,7,ENSG00000279669,RP11-717F1.1,0.11726041895491282
UBASH3A,up,8,ENSG00000223609,HBD,0.11169915273510392
UBASH3A,up,9,ENSG00000132386,SERPINF1,0.09741117686560447
UBASH3A,up,10,ENSG00000120885,CLU,0.0858766238830389
UBASH3A,down,1,ENSG00000164104,HMGB2,-0.1859554110113528
UBASH3A,down,2,ENSG00000108106,UBE2S,-0.17821940940125508
UBASH3A,down,3,ENSG00000173207,CKS1B,-0.17409983322199557
UBASH3A,down,4,ENSG00000099901,RANBP1,-0.16881357253131746
UBASH3A,down,5,ENSG00000116161,CACYBP,-0.16691313896241924
UBASH3A,down,6,ENSG00000117450,PRDX1,-0.16078504982855202
UBASH3A,down,7,ENSG00000123975,CKS2,-0.1509290927645297
UBASH3A,down,8,ENSG00000080824,HSP90AA1,-0.1433885380325634
UBASH3A,down,9,ENSG00000142227,EMP3,-0.1432521974966611
UBASH3A,down,10,ENSG00000239672,NME1,-0.1383732145384154
UBASH3B,up,1,ENSG00000130656,HBZ,0.9099535429657172
UBASH3B,up,2,ENSG00000196565,HBG2,0.5540236127732213
UBASH3B,up,3,ENSG00000154127,UBASH3B,0.4025143149739865
UBASH3B,up,4,ENSG00000213934,HBG1,0.300097264207697
UBASH3B,up,5,ENSG00000147454,SLC25A37,0.28208751405542326
UBASH3B,up,6,ENSG00000090013,BLVRB,0.28191629115018946
UBASH3B,up,7,ENSG00000245532,NEAT1,0.26795424884112173
UBASH3B,up,8,ENSG00000182871,COL18A1,0.2604907454776001
UBASH3B,up,9,ENSG00000158578,ALAS2,0.24996394539985456
UBASH3B,up,10,ENSG00000206172,HBA1,0.20838256772073432
UBASH3B,down,1,ENSG00000185198,PRSS57,-0.39029057842812487
UBASH3B,down,2,ENSG00000128228,SDF2L1,-0.23449370993304308
UBASH3B,down,3,ENSG00000117410,ATP6V0B,-0.22455370728081664
UBASH3B,down,4,ENSG00000213719,CLIC1,-0.21980968175734694
UBASH3B,down,5,ENSG00000117450,PRDX1,-0.21431814652019854
UBASH3B,down,6,ENSG00000130429,ARPC1B,-0.2088501267209214
UBASH3B,down,7,ENSG00000041357,PSMA4,-0.20795268521541488
UBASH3B,down,8,ENSG00000185420,SMYD3,-0.20495041614270357
UBASH3B,down,9,ENSG00000142227,EMP3,-0.20430136851165898
UBASH3B,down,10,ENSG00000108106,UBE2S,-0.20309480765129426
ZBTB1,up,1,ENSG00000130656,HBZ,1.367779517043524
ZBTB1,up,2,ENSG00000196565,HBG2,1.0466904698570239
ZBTB1,up,3,ENSG00000245532,NEAT1,0.8563620521939286
ZBTB1,up,4,ENSG00000051523,CYBA,0.8097664752941673
ZBTB1,up,5,ENSG00000206172,HBA1,0.7439636157588478
ZBTB1,up,6,ENSG00000090013,BLVRB,0.6745935757198238
ZBTB1,up,7,ENSG00000213934,HBG1,0.6578701394050072
ZBTB1,up,8,ENSG00000250361,GYPB,0.6493645105649457
ZBTB1,up,9,ENSG00000251562,MALAT1,0.6355270827170754
ZBTB1,up,10,ENSG00000188536,HBA2,0.581627030431572
ZBTB1,down,1,ENSG00000184009,ACTG1,-0.45154943126969005
ZBTB1,down,2,ENSG00000185198,PRSS57,-0.38641843466304854
ZBTB1,down,3,ENSG00000175130,MARCKSL1,-0.3690644308114212
ZBTB1,down,4,ENSG00000142227,EMP3,-0.35384762510278833
ZBTB1,down,5,ENSG00000187514,PTMA,-0.3339468016274611
ZBTB1,down,6,ENSG00000134333,LDHA,-0.32820618086335096
ZBTB1,down,7,ENSG00000117450,PRDX1,-0.32609188660314836
ZBTB1,down,8,ENSG00000160932,LY6E,-0.3238862230410902
ZBTB1,down,9,ENSG00000108106,UBE2S,-0.3062233528685296
ZBTB1,down,10,ENSG00000197061,HIST1H4C,-0.2993718369214194
ZBTB10,up,1,ENSG00000250361,GYPB,0.9871758095127566
ZBTB10,up,2,ENSG00000251562,MALAT1,0.8446207417913854
ZBTB10,up,3,ENSG00000130303,BST2,0.8061666565146302
ZBTB10,up,4,ENSG00000189171,S100A13,0.8037124139064395
ZBTB10,up,5,ENSG00000245532,NEAT1,0.7468167897619025
ZBTB10,up,6,ENSG00000158869,FCER1G,0.6473587050234462
ZBTB10,up,7,ENSG00000120833,SOCS2,0.6300460737505981
ZBTB10,up,8,ENSG00000100097,LGALS1,0.6248432119608915
ZBTB10,up,9,ENSG00000133639,BTG1,0.5897485693070449
ZBTB10,up,10,ENSG00000130429,ARPC1B,0.5730077599638338
ZBTB10,down,1,ENSG00000130656,HBZ,-0.7879787137787533
ZBTB10,down,2,ENSG00000187514,PTMA,-0.7090279966703235
ZBTB10,down,3,ENSG00000239672,NME1,-0.7011728424651933
ZBTB10,down,4,ENSG00000197061,HIST1H4C,-0.6870920480273042
ZBTB10,down,5,ENSG00000165732,DDX21,-0.6474859259087753
ZBTB10,down,6,ENSG00000164104,HMGB2,-0.6455691961122094
ZBTB10,down,7,ENSG00000116649,SRM,-0.6429150291971567
ZBTB10,down,8,ENSG00000196230,TUBB,-0.6221352262662285
ZBTB10,down,9,ENSG00000175130,MARCKSL1,-0.6208354439277781
ZBTB10,down,10,ENSG00000099901,RANBP1,-0.6034337409991595
ZBTB25,up,1,ENSG00000130656,HBZ,1.2464219539850856
ZBTB25,up,2,ENSG00000247516,MIR4458HG,0.696746310709909
ZBTB25,up,3,ENSG00000196565,HBG2,0.5604438062122044
ZBTB25,up,4,ENSG00000187837,HIST1H1C,0.4097641363971624
ZBTB25,up,5,ENSG00000090013,BLVRB,0.3937320792296421
ZBTB25,up,6,ENSG00000213934,HBG1,0.3633403605206623
ZBTB25,up,7,ENSG00000147454,SLC25A37,0.35198365093549155
ZBTB25,up,8,ENSG00000250361,GYPB,0.32239352807811417
ZBTB25,up,9,ENSG00000245532,NEAT1,0.3153518406847305
ZBTB25,up,10,ENSG00000206172,HBA1,0.30044753345141256
ZBTB25,down,1,ENSG00000119403,PHF19,-0.4437036033851792
ZBTB25,down,2,ENSG00000093010,COMT,-0.4097646435528635
ZBTB25,down,3,ENSG00000034510,TMSB10,-0.3798115521634095
ZBTB25,down,4,ENSG00000205542,TMSB4X,-0.3030324353419025
ZBTB25,down,5,ENSG00000160932,LY6E,-0.294832176361349
ZBTB25,down,6,ENSG00000185198,PRSS57,-0.2793887608065845
ZBTB25,down,7,ENSG00000121900,TMEM54,-0.27887928966738523
ZBTB25,down,8,ENSG00000110492,MDK,-0.27308385616405534
ZBTB25,down,9,ENSG00000100097,LGALS1,-0.24974046419011875
ZBTB25,down,10,ENSG00000213719,CLIC1,-0.2467976316038026
ZC3HAV1,up,1,ENSG00000105939,ZC3HAV1,0.7861260528311943
ZC3HAV1,up,2,ENSG00000109971,HSPA8,0.18929818430269513
ZC3HAV1,up,3,ENSG00000069482,GAL,0.1830244999183234
ZC3HAV1,up,4,ENSG00000189159,HN1,0.16907148541993533
ZC3HAV1,up,5,ENSG00000185198,PRSS57,0.16561379134246731
ZC3HAV1,up,6,ENSG00000204387,C6orf48,0.15968053739776855
ZC3HAV1,up,7,ENSG00000108106,UBE2S,0.15482641593576263
ZC3HAV1,up,8,ENSG00000236824,BCYRN1,0.14255035839897265
ZC3HAV1,up,9,ENSG00000205542,TMSB4X,0.1253058853024051
ZC3HAV1,up,10,ENSG00000164687,FABP5,0.12209621093224304
ZC3HAV1,down,1,ENSG00000135047,CTSL,-0.33985612531129133
ZC3HAV1,down,2,ENSG00000187837,HIST1H1C,-0.33183533473100224
ZC3HAV1,down,3,ENSG00000245532,NEAT1,-0.3095976000529945
ZC3HAV1,down,4,ENSG00000084207,GSTP1,-0.2497625936024989
ZC3HAV1,down,5,ENSG00000130203,APOE,-0.22893286632638665
ZC3HAV1,down,6,ENSG00000124635,HIST1H2BJ,-0.2133678664820294
ZC3HAV1,down,7,ENSG00000135404,CD63,-0.2111803246418501
ZC3HAV1,down,8,ENSG00000088992,TESC,-0.2103029998187113
ZC3HAV1,down,9,ENSG00000125148,MT2A,-0.18973684655320036
ZC3HAV1,down,10,ENSG00000130656,HBZ,-0.1880905909283539
ZNF318,up,1,ENSG00000196565,HBG2,0.4644688753483661
ZNF318,up,2,ENSG00000227053,RP11-395B7.4,0.4311433880739988
ZNF318,up,3,ENSG00000117139,KDM5B,0.34190410018265255
ZNF318,up,4,ENSG00000130656,HBZ,0.33946134364949754
ZNF318,up,5,ENSG00000213934,HBG1,0.27550724076735167
ZNF318,up,6,ENSG00000245532,NEAT1,0.27370374295149735
ZNF318,up,7,ENSG00000223609,HBD,0.23368978295915604
ZNF318,up,8,ENSG00000251562,MALAT1,0.22672782667014824
ZNF318,up,9,ENSG00000171467,ZNF318,0.212853812390287
ZNF318,up,10,ENSG00000250361,GYPB,0.20014350218052648
ZNF318,down,1,ENSG00000185198,PRSS57,-0.2602244260111331
ZNF318,down,2,ENSG00000197061,HIST1H4C,-0.2535463474523072
ZNF318,down,3,ENSG00000184897,H1FX,-0.21382231563705667
ZNF318,down,4,ENSG00000198695,MT-ND6,-0.20024120402128845
ZNF318,down,5,ENSG00000034510,TMSB10,-0.18784203540990924
ZNF318,down,6,ENSG00000108106,UBE2S,-0.18686746967006754
ZNF318,down,7,ENSG00000123416,TUBA1B,-0.1817727344510781
ZNF318,down,8,ENSG00000227706,RP11-301G19.1,-0.1762461240890323
ZNF318,down,9,ENSG00000130203,APOE,-0.17021233221390694
ZNF318,down,10,ENSG00000147065,MSN,-0.1528408315363268
