split,model,canonical_perturbation,mse,mae,delta_pearson,cosine
train,control_only,AHR,0.0025617227926831494,0.015092729585799125,,
train,control_only,ARID1A,0.00562116417255541,0.023448508466827965,,
train,control_only,ARRDC3,0.0004905890446714522,0.0069705649824469565,,
train,control_only,ATL1,0.005092029215534586,0.02014868038970911,,
train,control_only,BAK1,0.00023856881768330972,0.003803093553996065,,
train,control_only,BCL2L11,0.00016869234532376805,0.0040173684590761975,,
train,control_only,BCORL1,0.0006751569878751398,0.007146461889014051,,
train,control_only,BPGM,0.002707042929094417,0.012600708288589512,,
train,control_only,C19orf26,0.0008964109643275326,0.0084283253141959,,
train,control_only,C3orf72,0.0033198052370017155,0.018422478306958687,,
train,control_only,CBFA2T3,0.0012857007970102927,0.010401101692631915,,
train,control_only,CBL,0.00186720301528444,0.010718850140876687,,
train,control_only,CDKN1A,0.003381932863242097,0.0160286641424015,,
train,control_only,CDKN1B,0.0020892287548753877,0.01307063664641907,,
train,control_only,CDKN1C,0.0035260274498342225,0.01735912350764787,,
train,control_only,CEBPA,0.03611061505990961,0.06099102331429436,,
train,control_only,CEBPB,0.007894077965512432,0.02793588073439013,,
train,control_only,CEBPE,0.009382984086705093,0.02983242890933084,,
train,control_only,CELF2,0.0012561951837356579,0.010462826213070263,,
train,control_only,CITED1,0.003303643503536019,0.018420176826112997,,
train,control_only,CKS1B,0.0038348909425285423,0.01774231619375422,,
train,control_only,CLDN6,0.00537039630425084,0.019380985534530226,,
train,control_only,CNN1,0.003249470086570719,0.012575316489817023,,
train,control_only,CNNM4,0.0018961347328891964,0.008937736714189657,,
train,control_only,COL1A1,0.005816253576859458,0.021744618579273414,,
train,control_only,COL2A1,0.0047139114145768315,0.0185086180448294,,
train,control_only,CSRNP1,0.0006077286804503729,0.00767298382222088,,
train,control_only,DLX2,0.001928056014256566,0.01152115191666517,,
train,control_only,DUSP9,0.0058981804019238955,0.019714612036492343,,
train,control_only,EGR1,0.0014609207434415326,0.011549542326378259,,
train,control_only,ELMSAN1,0.0007992806554945629,0.007545843530611477,,
train,control_only,ETS2,0.002265739068144411,0.01245941858528282,,
train,control_only,FEV,0.0052233026021628135,0.01832219598082586,,
train,control_only,FOSB,0.002218514475570742,0.013533372720338971,,
train,control_only,FOXA1,0.001113442783780194,0.009911297854964722,,
train,control_only,FOXA3,0.001890602839063686,0.014041780778150336,,
train,control_only,FOXF1,0.000530985577465918,0.007328912423223989,,
train,control_only,FOXL2,0.0021424634560744758,0.014475732551103888,,
train,control_only,FOXO4,0.00337748518728175,0.017826977792023493,,
train,control_only,GLB1L2,0.0014232690735446246,0.009310095448719377,,
train,control_only,HES7,0.010334216924022642,0.03190619877991445,,
train,control_only,HK2,0.0006492419652591852,0.00798495742068258,,
train,control_only,HNF4A,0.004501503676864953,0.020582484925086186,,
train,control_only,HOXA13,0.00844388033316707,0.029530261095849546,,
train,control_only,HOXB9,0.0020788877308504853,0.014210771255468511,,
train,control_only,HOXC13,0.004558677860766189,0.021420922974122198,,
train,control_only,IER5L,0.0030930123584679754,0.015590840576393079,,
train,control_only,IGDCC3,0.0029606940533041808,0.014574713995870825,,
train,control_only,IKZF3,0.01174100961559179,0.02629043352607719,,
train,control_only,IRF1,0.005388296976150866,0.01958634694471029,,
train,control_only,ISL2,0.00041504137364311314,0.006495293676913596,,
train,control_only,JUN,0.003075994370930912,0.016231412866817552,,
train,control_only,KIAA1804,0.0009040623267582703,0.009391930497565528,,
train,control_only,KIF18B,0.0006958292575980355,0.008487256812749913,,
train,control_only,KIF2C,0.00037658743087266947,0.005122592654100406,,
train,control_only,KLF1,0.0032321268946472912,0.011512460798706596,,
train,control_only,KMT2A,0.0007510347083951375,0.00865290045143137,,
train,control_only,LHX1,0.002781172607183629,0.01355084503356486,,
train,control_only,LYL1,0.0009182322271793339,0.007877028019771226,,
train,control_only,MAML2,0.0004023967059222734,0.006119741093477383,,
train,control_only,MAP2K3,0.0009767373533751398,0.009147633873469896,,
train,control_only,MAP2K6,0.0005563181374244104,0.007052826659927527,,
train,control_only,MAP4K3,0.00039012790812164704,0.006674643552990754,,
train,control_only,MAP4K5,0.000445655549640741,0.0071401359560366185,,
train,control_only,MAP7D1,0.0004989942343595137,0.005502086893016472,,
train,control_only,MAPK1,0.004681988615485898,0.017970698617251743,,
train,control_only,MEIS1,0.0005732344159474159,0.007283341290579337,,
train,control_only,MIDN,0.00435844151250568,0.020790241839704206,,
train,control_only,NCL,0.0005238359815485509,0.0077605352940605865,,
train,control_only,NIT1,0.003595782954140349,0.019850622698020924,,
train,control_only,OSR2,0.0033507137394318707,0.016879656933137487,,
train,control_only,PLK4,0.0007214935586652311,0.009854591282576224,,
train,control_only,POU3F2,0.0016096418131573062,0.011993020744237881,,
train,control_only,PRDM1,0.007506321582557772,0.022636010123468935,,
train,control_only,PRTG,0.003760101622644615,0.015555366137168116,,
train,control_only,PTPN1,0.004484410671187845,0.01767571459924739,,
train,control_only,PTPN12,0.0018926903401317646,0.011456262689180746,,
train,control_only,PTPN13,0.0016959433950553254,0.012265144326448051,,
train,control_only,PTPN9,0.0012161612361223308,0.01026956933132281,,
train,control_only,RHOXF2BB,0.004934213881841758,0.020653926563585903,,
train,control_only,RREB1,0.001801229931510317,0.01227157345422971,,
train,control_only,RUNX1T1,0.00028103574425892604,0.0050287890441587,,
train,control_only,S1PR2,0.0031497541226826226,0.014723554622426357,,
train,control_only,SAMD1,0.002890110722281756,0.015696582875298074,,
train,control_only,SET,0.004926910502827411,0.019704011338808874,,
train,control_only,SGK1,0.002485428355048208,0.014183611063924267,,
train,control_only,SLC38A2,0.0004493493526672129,0.006618571488125988,,
train,control_only,SLC4A1,0.0027127149020959194,0.014051981805012607,,
train,control_only,SLC6A9,0.0012898672792560116,0.010232089208201503,,
train,control_only,SNAI1,0.002300017114924532,0.014742556447679224,,
train,control_only,SPI1,0.00835132212721688,0.02794282364393684,,
train,control_only,STIL,0.0007101653032518456,0.009017658213069919,,
train,control_only,TBX2,0.0032542981156323276,0.014125566682906562,,
train,control_only,TBX3,0.0040418200153433045,0.011033010562883595,,
train,control_only,TGFBR2,0.00033022801685799114,0.005217280727759831,,
train,control_only,TMSB4X,0.0013322456917748695,0.0061778493890764005,,
train,control_only,TP73,0.0164338660360897,0.03720438080492865,,
train,control_only,TSC22D1,0.0007053982861063384,0.0074483205506221456,,
train,control_only,UBASH3A,0.0003235617824846645,0.0056624896512313125,,
train,control_only,UBASH3B,0.0010217238180002966,0.008613997018241238,,
train,control_only,ZBTB1,0.003194795970427529,0.014449559613360698,,
train,control_only,ZBTB10,0.006941718758601309,0.02687489105526029,,
train,control_only,ZBTB25,0.0015960687750110883,0.010245231891857305,,
train,control_only,ZC3HAV1,0.0006260237179900797,0.0070970962564205365,,
train,control_only,ZNF318,0.000589256335625282,0.007118784909736009,,
train,control_only,AHR+FEV,0.015397486687063032,0.03602504721862407,,
train,control_only,BAK1+BCL2L11,0.0004077181898685536,0.006915665655038601,,
train,control_only,BCL2L11+TGFBR2,0.0008233587841196399,0.007349392665252983,,
train,control_only,BPGM+SAMD1,0.006242040939988203,0.020412751311100433,,
train,control_only,C19orf26+TGFBR2,0.0034397419702551584,0.016561154099981636,,
train,control_only,CBL+PTPN12,0.007399488807360016,0.021154637084937727,,
train,control_only,CBL+PTPN9,0.005925975242235287,0.020779858814718177,,
train,control_only,CBL+TGFBR2,0.0037191413007415905,0.01549013553470003,,
train,control_only,CBL+UBASH3A,0.006506778257541764,0.023909312833889716,,
train,control_only,CBL+UBASH3B,0.010281474311514851,0.026083705451780653,,
train,control_only,CDKN1A+CDKN1B,0.0063371952051521725,0.02286998747404922,,
train,control_only,CDKN1A+CDKN1C,0.006118244057768391,0.022884294548358126,,
train,control_only,CDKN1B+CDKN1C,0.004838763776895879,0.020216131170622865,,
train,control_only,CEBPA+JUN,0.03920910168425147,0.06466753106058426,,
train,control_only,CEBPA+KLF1,0.019400416307543474,0.04381248576912501,,
train,control_only,CEBPB+FOSB,0.021833663304147027,0.047475133550211455,,
train,control_only,CEBPB+JUN,0.0138031752168846,0.038862670081908995,,
train,control_only,CEBPB+MAPK1,0.008457118732426622,0.026827643817334552,,
train,control_only,CEBPB+OSR2,0.011070438403191022,0.03498413321529779,,
train,control_only,CEBPB+PTPN12,0.0037110982734328136,0.017857866011490992,,
train,control_only,CEBPE+CNN1,0.0034500866018727975,0.017173792395777855,,
train,control_only,CEBPE+ETS2,0.007835394802809781,0.02552461753706396,,
train,control_only,CEBPE+KLF1,0.0026108029552030588,0.012681158921655968,,
train,control_only,CEBPE+RUNX1T1,0.0035008478297961177,0.01721068067184819,,
train,control_only,CEBPE+SPI1,0.02703740645537374,0.052500724902547244,,
train,control_only,CLDN6+KLF1,0.008613815217179724,0.02378447937374302,,
train,control_only,CNN1+ETS2,0.001854935591421845,0.011088331721781282,,
train,control_only,CNN1+MAPK1,0.0025942212919554293,0.014445754279071294,,
train,control_only,CNN1+UBASH3A,0.012177953766592108,0.02910269770291565,,
train,control_only,CNN1+UBASH3B,0.01190240924409596,0.02646318416533797,,
train,control_only,DLX2+ZBTB10,0.01854744309598764,0.043539342159420964,,
train,control_only,DUSP9+IGDCC3,0.009130672233948558,0.026066074983982095,,
train,control_only,DUSP9+KLF1,0.010359345414294273,0.02330882180272291,,
train,control_only,DUSP9+MAPK1,0.001878019852379685,0.011968237056285904,,
train,control_only,DUSP9+PRTG,0.010106563490287438,0.026831821213667135,,
train,control_only,DUSP9+SNAI1,0.012401802788232507,0.03623482780740954,,
train,control_only,ELMSAN1+LHX1,0.003560771109147471,0.015453970670723344,,
train,control_only,ELMSAN1+MAP2K3,0.0025973934128117764,0.01430290789088506,,
train,control_only,ELMSAN1+MAP2K6,0.0014546502175126973,0.010726885549310132,,
train,control_only,ELMSAN1+ZBTB10,0.008863206891281205,0.03085906555233613,,
train,control_only,ETS2+IKZF3,0.011287783856537448,0.027684036908147535,,
train,control_only,ETS2+MAP7D1,0.004490504693396345,0.019120812871689832,,
train,control_only,ETS2+MAPK1,0.010267258843350372,0.02796286575956513,,
train,control_only,ETS2+TGFBR2,0.0012771521012112466,0.010394782487111011,,
train,control_only,FOSB+IKZF3,0.007133950933122391,0.021940506665416037,,
train,control_only,FOSB+OSR2,0.009378266771612938,0.02947241017060599,,
train,control_only,FOSB+PTPN12,0.0016514985813207335,0.011037340712882532,,
train,control_only,FOSB+UBASH3B,0.0012491461099950606,0.010803529462878436,,
train,control_only,FOXA1+FOXA3,0.006528318738776294,0.026084449802091247,,
train,control_only,FOXA1+FOXF1,0.004271371494225822,0.021451160775686172,,
train,control_only,FOXA1+HOXB9,0.007104900261110057,0.02724189626957116,,
train,control_only,FOXL2+ZNF318,0.002809584666678327,0.016741206122580288,,
train,control_only,HOXC13+ZC3HAV1,0.002786038912598395,0.01558830576564747,,
train,control_only,IGDCC3+PRTG,0.005579858490950777,0.021472260299523722,,
train,control_only,IGDCC3+TGFBR2,0.003624566446905842,0.016292169922449803,,
train,control_only,IKZF3+MAP2K3,0.009546769001252262,0.02048130168868183,,
train,control_only,IKZF3+MAP2K6,0.008921241456081468,0.02151588181231783,,
train,control_only,IRF1+SET,0.010219329126058923,0.029706900744668308,,
train,control_only,KIF18B+KIF2C,0.0012698349622120152,0.012948889640013228,,
train,control_only,KLF1+SET,0.005274688854049721,0.017373532251307094,,
train,control_only,MAP2K3+SLC38A2,0.0011085598320865423,0.009681454642451421,,
train,control_only,MAP2K6+SPI1,0.0022283641137346923,0.01382847656368363,,
train,control_only,MAPK1+TGFBR2,0.0034559676388851994,0.01620472365959081,,
train,control_only,OSR2+PTPN12,0.0012326227189297322,0.009997578741580854,,
train,control_only,PLK4+STIL,0.004839653154471754,0.024211024562692567,,
train,control_only,PRTG+TGFBR2,0.004775490768905622,0.01882241367101016,,
train,control_only,PTPN12+SAMD1,0.0073105434383922184,0.02224907358714185,,
train,control_only,PTPN12+SNAI1,0.002417418459308944,0.01513787800195758,,
train,control_only,PTPN12+ZBTB10,0.006046281670675508,0.024206019860499153,,
train,control_only,PTPN12+ZBTB25,0.007165075880033185,0.021463842659501752,,
train,control_only,PTPN9+UBASH3B,0.0058428063668701105,0.0206563514530452,,
train,control_only,RHOXF2BB+SET,0.008378432048554487,0.028099708892357876,,
train,control_only,RHOXF2BB+ZBTB25,0.00852046052211634,0.025403549389003004,,
train,control_only,S1PR2+SGK1,0.00814047171960949,0.026199750113491578,,
train,control_only,SAMD1+TGFBR2,0.005002997787445103,0.021835638072156265,,
train,control_only,SAMD1+ZBTB1,0.00854941513017179,0.025920883871017746,,
train,control_only,SGK1+TBX2,0.0064292518172736155,0.021843688853769822,,
train,control_only,UBASH3A+UBASH3B,0.002181660481210078,0.012275140318938667,,
train,control_only,UBASH3B+ZBTB25,0.005826875375879499,0.019864085403156942,,
train,train_condition_balanced_perturbed_mean,AHR,0.0012976851170706635,0.01030981544275469,0.7005140632557677,0.702456885142291
train,train_condition_balanced_perturbed_mean,ARID1A,0.0029747992851535733,0.017841237152399058,0.7377807503550095,0.7348386720967256
train,train_condition_balanced_perturbed_mean,ARRDC3,0.0007927710538107771,0.009749609087287477,0.6095590775345272,0.605617784584429
train,train_condition_balanced_perturbed_mean,ATL1,0.002385482058869962,0.014596660137845495,0.7874553191943952,0.7839972275919849
train,train_condition_balanced_perturbed_mean,BAK1,0.0015850413604744566,0.012494789287129786,-0.08606773410275144,-0.08726889441520234
train,train_condition_balanced_perturbed_mean,BCL2L11,0.0012514696290168727,0.01170408643666102,0.18763123663059425,0.1832146874729596
train,train_condition_balanced_perturbed_mean,BCORL1,0.001306670671793213,0.010766225637153199,0.3381123157544225,0.33707959736530213
train,train_condition_balanced_perturbed_mean,BPGM,0.0019398733891903808,0.013200205048300006,0.5523854392786594,0.5483480456951331
train,train_condition_balanced_perturbed_mean,C19orf26,0.0009643772983167555,0.01037242485872649,0.5577104314350927,0.5586085025006229
train,train_condition_balanced_perturbed_mean,C3orf72,0.0016285313615496434,0.012478985056346911,0.7206701999325925,0.7218801506397694
train,train_condition_balanced_perturbed_mean,CBFA2T3,0.001751776021553021,0.010468397787876416,0.3083812380318755,0.3094880659915287
train,train_condition_balanced_perturbed_mean,CBL,0.0012806907932578038,0.010745904312283873,0.6054415055027461,0.6011504395658928
train,train_condition_balanced_perturbed_mean,CDKN1A,0.0014888635406627314,0.011569619909769503,0.7662192970015573,0.7642700129898227
train,train_condition_balanced_perturbed_mean,CDKN1B,0.0007757957604476855,0.009151197790529109,0.7959361892087937,0.7931205699000736
train,train_condition_balanced_perturbed_mean,CDKN1C,0.001693576314052229,0.012948212874456045,0.7345551332477829,0.7340603083632057
train,train_condition_balanced_perturbed_mean,CEBPA,0.030440728975027465,0.055172355788784946,0.5111684237110128,0.5148404081729934
train,train_condition_balanced_perturbed_mean,CEBPB,0.005811434641105064,0.02235162978903125,0.5269106558234259,0.5304014510844849
train,train_condition_balanced_perturbed_mean,CEBPE,0.00751917732698627,0.024659340963973743,0.4505639310890823,0.4545670671327228
train,train_condition_balanced_perturbed_mean,CELF2,0.0018284432977818202,0.012519694338609381,0.26571724871208136,0.27075622500256086
train,train_condition_balanced_perturbed_mean,CITED1,0.0015911084912513312,0.013089725728165932,0.72801804247532,0.7288726559308502
train,train_condition_balanced_perturbed_mean,CKS1B,0.002411805993685906,0.014654015036358702,0.6105927660013651,0.6104340241019947
train,train_condition_balanced_perturbed_mean,CLDN6,0.0027490863087033576,0.01404984875596147,0.7492248019386084,0.7469664645199928
train,train_condition_balanced_perturbed_mean,CNN1,0.0025031142420067665,0.013922554590591866,0.4997620085697139,0.49533117243456487
train,train_condition_balanced_perturbed_mean,CNNM4,0.001732183482188207,0.011325885345469102,0.4603792378951037,0.4593712919662457
train,train_condition_balanced_perturbed_mean,COL1A1,0.005050094139687305,0.018694346218699684,0.3741778274579778,0.37390803428721703
train,train_condition_balanced_perturbed_mean,COL2A1,0.004950096465912497,0.018605990006036938,0.2054316973972719,0.20896198883658626
train,train_condition_balanced_perturbed_mean,CSRNP1,0.0025327335059084125,0.01591921427620839,-0.38120383034615385,-0.386414726953992
train,train_condition_balanced_perturbed_mean,DLX2,0.0023224086880784867,0.011867532256530124,0.2815750722756679,0.2758180226403753
train,train_condition_balanced_perturbed_mean,DUSP9,0.0037056049455105266,0.016128875584698138,0.6329400235975856,0.6338498156416861
train,train_condition_balanced_perturbed_mean,EGR1,0.0006976510333867364,0.009114969045121987,0.7443251387347574,0.7449902129110041
train,train_condition_balanced_perturbed_mean,ELMSAN1,0.002130454777565199,0.014874272063899473,-0.038252866691196305,-0.04002861556343018
train,train_condition_balanced_perturbed_mean,ETS2,0.00311894518823629,0.014841743403500382,0.11293573391432468,0.11816858616108394
train,train_condition_balanced_perturbed_mean,FEV,0.00431936444182545,0.017816779548911227,0.4178888458866461,0.42150899133370445
train,train_condition_balanced_perturbed_mean,FOSB,0.002702611563486078,0.014679484722580094,0.22411503303724642,0.23019537970132045
train,train_condition_balanced_perturbed_mean,FOXA1,0.0008225655487035456,0.008898814319626771,0.6535717120291835,0.6532356146781737
train,train_condition_balanced_perturbed_mean,FOXA3,0.0008087979596351221,0.009089047414249908,0.7579359269297525,0.7584397507289681
train,train_condition_balanced_perturbed_mean,FOXF1,0.0008669024411127651,0.008846028842946366,0.5631006143845362,0.5614302361050465
train,train_condition_balanced_perturbed_mean,FOXL2,0.00146969455297269,0.010002392517856206,0.5859961041562992,0.5875484029110725
train,train_condition_balanced_perturbed_mean,FOXO4,0.0018002743772684248,0.013959763737941184,0.6944750310240714,0.6879455348447591
train,train_condition_balanced_perturbed_mean,GLB1L2,0.0012948807220721965,0.009271987310925048,0.5159473491487077,0.5168933501842802
train,train_condition_balanced_perturbed_mean,HES7,0.007427063097004102,0.026549300306736814,0.575684231978483,0.5782225392017436
train,train_condition_balanced_perturbed_mean,HK2,0.0010868683249112328,0.011100962419894405,0.45490092470779714,0.4513052249004057
train,train_condition_balanced_perturbed_mean,HNF4A,0.0027714330819035146,0.016725783521126112,0.6293860206466019,0.6281039701964222
train,train_condition_balanced_perturbed_mean,HOXA13,0.0045056142827059045,0.021850151103582717,0.797092456489835,0.7982992532576038
train,train_condition_balanced_perturbed_mean,HOXB9,0.0011450239542715518,0.009197868361944313,0.6754146028483767,0.6774124085797584
train,train_condition_balanced_perturbed_mean,HOXC13,0.0020684454361520224,0.014616845600355945,0.7823696351792689,0.7833031135066314
train,train_condition_balanced_perturbed_mean,IER5L,0.0011241558328952007,0.009996782434163439,0.8178166758429298,0.8184318265454719
train,train_condition_balanced_perturbed_mean,IGDCC3,0.001507063082434726,0.011226084635440652,0.7056257242073427,0.7026694592466292
train,train_condition_balanced_perturbed_mean,IKZF3,0.006977725201059852,0.019065626854743164,0.7840499000599281,0.7846224242513548
train,train_condition_balanced_perturbed_mean,IRF1,0.005245270018009052,0.019501381029216478,0.26456584952709455,0.2684744246342036
train,train_condition_balanced_perturbed_mean,ISL2,0.0012810775036854304,0.010396171121197898,0.262141912894933,0.26719444542234705
train,train_condition_balanced_perturbed_mean,JUN,0.0018873097061819905,0.012436921489802067,0.621601863969786,0.6218459317885864
train,train_condition_balanced_perturbed_mean,KIAA1804,0.0008575109959038267,0.010383579983717786,0.6080530526018307,0.6100783094408676
train,train_condition_balanced_perturbed_mean,KIF18B,0.0007819688711282033,0.009935168662503352,0.6254104601889631,0.6242912133794203
train,train_condition_balanced_perturbed_mean,KIF2C,0.0011216071180090987,0.010350511295459842,0.3703050183550973,0.3686568092544286
train,train_condition_balanced_perturbed_mean,KLF1,0.0037754771444584996,0.0169390832337389,0.17367069014817327,0.1759815177484494
train,train_condition_balanced_perturbed_mean,KMT2A,0.0010703745414167942,0.011081995785752164,0.4806190604695561,0.4806214431701788
train,train_condition_balanced_perturbed_mean,LHX1,0.0027281541060151155,0.012418954516464156,0.3461869410974563,0.3495665031775203
train,train_condition_balanced_perturbed_mean,LYL1,0.0012843217619597845,0.011083453245407915,0.41667856756139776,0.4128588225131335
train,train_condition_balanced_perturbed_mean,MAML2,0.0019147841512893872,0.014097430087060055,-0.18334484314302965,-0.18411274718742957
train,train_condition_balanced_perturbed_mean,MAP2K3,0.0030498004213353556,0.01711715196904377,-0.37151552235727947,-0.3717708769760468
train,train_condition_balanced_perturbed_mean,MAP2K6,0.0024644138051975037,0.015383848021427803,-0.3946097164586533,-0.393740947221384
train,train_condition_balanced_perturbed_mean,MAP4K3,0.0007833456096520759,0.010146031824181008,0.6176078472225217,0.6139795300556034
train,train_condition_balanced_perturbed_mean,MAP4K5,0.0008143441555246281,0.010285846909360772,0.5986866354036218,0.5908821920583008
train,train_condition_balanced_perturbed_mean,MAP7D1,0.0017404042719565247,0.012100559237775218,0.001127956472368352,0.006142751571467002
train,train_condition_balanced_perturbed_mean,MAPK1,0.005245165283825953,0.018790622364481837,0.13739969443476432,0.1421204917260061
train,train_condition_balanced_perturbed_mean,MEIS1,0.0007757861742779785,0.008847568282020973,0.6167702011864263,0.6190851759285284
train,train_condition_balanced_perturbed_mean,MIDN,0.002527123944824974,0.014774281122398241,0.657730036567769,0.6600081406745192
train,train_condition_balanced_perturbed_mean,NCL,0.001303337672517727,0.011852930405780759,0.29586538245661975,0.29128047819642217
train,train_condition_balanced_perturbed_mean,NIT1,0.0028227217339555108,0.01729488444927698,0.47487329840931597,0.4771699220044668
train,train_condition_balanced_perturbed_mean,OSR2,0.0038079316984903433,0.01645904497589479,0.18567195040017484,0.19387316880515662
train,train_condition_balanced_perturbed_mean,PLK4,0.0009332479081537021,0.011639603884138058,0.5480385866354089,0.546980638292606
train,train_condition_balanced_perturbed_mean,POU3F2,0.0010128081202310261,0.009879952788374424,0.6498666721691508,0.6510986683022152
train,train_condition_balanced_perturbed_mean,PRDM1,0.004292017349705523,0.017629383047087586,0.7278761228847297,0.7285676451274781
train,train_condition_balanced_perturbed_mean,PRTG,0.0019686111156588205,0.012081192655040809,0.7024457373148006,0.701402288436367
train,train_condition_balanced_perturbed_mean,PTPN1,0.0021987726810724193,0.013516770564315413,0.7526876541529891,0.7465747900067166
train,train_condition_balanced_perturbed_mean,PTPN12,0.0014842423582778208,0.01239895159313745,0.5416399592691369,0.5392318470278901
train,train_condition_balanced_perturbed_mean,PTPN13,0.001233996891240545,0.010924357746924174,0.586569955723088,0.5880155882245984
train,train_condition_balanced_perturbed_mean,PTPN9,0.0009534080430012532,0.010671155714221166,0.6210151389445827,0.6136406448447257
train,train_condition_balanced_perturbed_mean,RHOXF2BB,0.002340327111376051,0.015184479451053026,0.7727088014587981,0.7737645305193231
train,train_condition_balanced_perturbed_mean,RREB1,0.0010973598416726467,0.0108472539950498,0.6537256533780182,0.6511489803466602
train,train_condition_balanced_perturbed_mean,RUNX1T1,0.0013949387740758857,0.011233576886081644,0.11408071628818373,0.1157015072882008
train,train_condition_balanced_perturbed_mean,S1PR2,0.002034366833947895,0.012725707041472184,0.5958965914709403,0.5960600466551647
train,train_condition_balanced_perturbed_mean,SAMD1,0.0009693230765860828,0.009345409270448343,0.8335306650088954,0.8340343141396747
train,train_condition_balanced_perturbed_mean,SET,0.004233709741692257,0.018301219789980668,0.39310346554196834,0.39156237632100577
train,train_condition_balanced_perturbed_mean,SGK1,0.0010436251725113655,0.009852200759378857,0.765241064768776,0.7635612791678242
train,train_condition_balanced_perturbed_mean,SLC38A2,0.0020700709395454014,0.014159068056226704,-0.24566999086689728,-0.2464711788921641
train,train_condition_balanced_perturbed_mean,SLC4A1,0.0032822813216116355,0.01608798050158945,0.19256434684392615,0.18497674073468495
train,train_condition_balanced_perturbed_mean,SLC6A9,0.0012486370361510556,0.011310082959372678,0.5064972504796273,0.5086602173643777
train,train_condition_balanced_perturbed_mean,SNAI1,0.002098284904165679,0.012498837469309965,0.4272068067121968,0.4282289928373471
train,train_condition_balanced_perturbed_mean,SPI1,0.004883170397092161,0.02169865873694776,0.7297348804827001,0.7299920332329605
train,train_condition_balanced_perturbed_mean,STIL,0.0006626109370728111,0.009064019538490564,0.6908641596008455,0.6888752864045031
train,train_condition_balanced_perturbed_mean,TBX2,0.002786358786127376,0.012906167061448714,0.427787289654087,0.42597341272762956
train,train_condition_balanced_perturbed_mean,TBX3,0.004116054472433822,0.011953220317528289,0.2649343765824349,0.2616770922078899
train,train_condition_balanced_perturbed_mean,TGFBR2,0.0011999282723147882,0.011916608616043786,0.3026698032070836,0.2966975605284906
train,train_condition_balanced_perturbed_mean,TMSB4X,0.0019910037030554544,0.01150381874239899,0.22982057168876663,0.22941084359766659
train,train_condition_balanced_perturbed_mean,TP73,0.010299538529106454,0.02882264800984001,0.81375141032372,0.8143813013787292
train,train_condition_balanced_perturbed_mean,TSC22D1,0.0011614573452032393,0.01054799748631624,0.42117577263533523,0.42315811527285513
train,train_condition_balanced_perturbed_mean,UBASH3A,0.0007093244521444195,0.009018820780005736,0.686977807192988,0.6800431180419256
train,train_condition_balanced_perturbed_mean,UBASH3B,0.000849120279651701,0.010081571904350682,0.6370736863278256,0.6296207780764069
train,train_condition_balanced_perturbed_mean,ZBTB1,0.001670532834034688,0.011795169520145931,0.6941192160820414,0.6940998506763868
train,train_condition_balanced_perturbed_mean,ZBTB10,0.004481945566249882,0.021404863176255746,0.6277377167516464,0.6296013201246908
train,train_condition_balanced_perturbed_mean,ZBTB25,0.0012646358282352524,0.011457250378553226,0.5666389344368191,0.5599544250737446
train,train_condition_balanced_perturbed_mean,ZC3HAV1,0.002283911272395293,0.015084475836087312,-0.2242245768295777,-0.22981320479873565
train,train_condition_balanced_perturbed_mean,ZNF318,0.0009046986443340693,0.01028418459547706,0.5498994231434894,0.5448711773599194
train,train_condition_balanced_perturbed_mean,AHR+FEV,0.010851888483211242,0.029295353410458816,0.6580685295119361,0.6603559157849708
train,train_condition_balanced_perturbed_mean,BAK1+BCL2L11,0.001758685638584515,0.014036282319519483,-0.06777941584047964,-0.06990212475527433
train,train_condition_balanced_perturbed_mean,BCL2L11+TGFBR2,0.001399634476284254,0.012735086181309542,0.337556742788847,0.33245142990453186
train,train_condition_balanced_perturbed_mean,BPGM+SAMD1,0.0033883147164110155,0.01530590388539038,0.736377366756545,0.7344365814557687
train,train_condition_balanced_perturbed_mean,C19orf26+TGFBR2,0.0016057084991426382,0.011833932883630495,0.7453391136762708,0.7435915653876766
train,train_condition_balanced_perturbed_mean,CBL+PTPN12,0.004707626311175946,0.01802250233764622,0.6511947754759507,0.6479547719261974
train,train_condition_balanced_perturbed_mean,CBL+PTPN9,0.003118021597352353,0.016737468259846972,0.7527100255987952,0.7453628203912996
train,train_condition_balanced_perturbed_mean,CBL+TGFBR2,0.00221648733770155,0.013506841772794613,0.6423341975069167,0.6383039269795174
train,train_condition_balanced_perturbed_mean,CBL+UBASH3A,0.0035829234108841358,0.019953305049877364,0.7337211158534052,0.7316301255610703
train,train_condition_balanced_perturbed_mean,CBL+UBASH3B,0.00617735543170925,0.02095189223845624,0.7508375657224885,0.7465724094505198
train,train_condition_balanced_perturbed_mean,CDKN1A+CDKN1B,0.0031870413203195025,0.017648128912410153,0.7840365056443327,0.7815388787700989
train,train_condition_balanced_perturbed_mean,CDKN1A+CDKN1C,0.003201032510688835,0.017833418980523357,0.753600034798433,0.7533027901108976
train,train_condition_balanced_perturbed_mean,CDKN1B+CDKN1C,0.00235106102304742,0.015359736680194445,0.7611392769530464,0.759780865051584
train,train_condition_balanced_perturbed_mean,CEBPA+JUN,0.033048577567989644,0.05900345312171392,0.5255241464996443,0.5291051163800616
train,train_condition_balanced_perturbed_mean,CEBPA+KLF1,0.015917070986227234,0.03843977270228067,0.47646372649091484,0.4804920096923894
train,train_condition_balanced_perturbed_mean,CEBPB+FOSB,0.017693306850107594,0.04204328333032489,0.5122989657705962,0.5157808283665868
train,train_condition_balanced_perturbed_mean,CEBPB+JUN,0.009487068992418432,0.03223055741310804,0.6676298255704097,0.669838588253193
train,train_condition_balanced_perturbed_mean,CEBPB+MAPK1,0.007548461907315902,0.023117507508797656,0.3266865334040729,0.33198472763712433
train,train_condition_balanced_perturbed_mean,CEBPB+OSR2,0.00863845062649175,0.029115702559313738,0.49069731209234313,0.49482621271841826
train,train_condition_balanced_perturbed_mean,CEBPB+PTPN12,0.0018612052010963654,0.012485375724318772,0.7179225448206226,0.719569896710059
train,train_condition_balanced_perturbed_mean,CEBPE+CNN1,0.0022822934083230806,0.013715710078160631,0.5806755124455382,0.5821377848058122
train,train_condition_balanced_perturbed_mean,CEBPE+ETS2,0.007332932800519612,0.02295663079349382,0.27403850907596194,0.28003734185612217
train,train_condition_balanced_perturbed_mean,CEBPE+KLF1,0.003098268850276164,0.015523131807705143,0.20570437213303072,0.2112657201796538
train,train_condition_balanced_perturbed_mean,CEBPE+RUNX1T1,0.003429368816485427,0.014883443326135327,0.31120489573896815,0.3159814997327497
train,train_condition_balanced_perturbed_mean,CEBPE+SPI1,0.021744188123248707,0.0466264494304084,0.559672441761365,0.5626056069682345
train,train_condition_balanced_perturbed_mean,CLDN6+KLF1,0.005357120970585357,0.018220746053265496,0.6853970497872222,0.6865765688535447
train,train_condition_balanced_perturbed_mean,CNN1+ETS2,0.001245876990769689,0.010295200421676703,0.6111514536979656,0.6105350153785134
train,train_condition_balanced_perturbed_mean,CNN1+MAPK1,0.0021690936983788955,0.013159966226487012,0.4650849205149382,0.465216312142258
train,train_condition_balanced_perturbed_mean,CNN1+UBASH3A,0.007645449461291813,0.02365354634388201,0.7445292949701683,0.740855852730512
train,train_condition_balanced_perturbed_mean,CNN1+UBASH3B,0.007873669721351022,0.02172347314153012,0.6888701591062057,0.6841096402240145
train,train_condition_balanced_perturbed_mean,DLX2+ZBTB10,0.014128057575046442,0.037747250993308244,0.5866200810627019,0.5885732935249676
train,train_condition_balanced_perturbed_mean,DUSP9+IGDCC3,0.005369395471015415,0.01965839396791437,0.7411315893877521,0.741506280351312
train,train_condition_balanced_perturbed_mean,DUSP9+KLF1,0.007223311546225764,0.01977276825717072,0.608057525967805,0.6093087901916767
train,train_condition_balanced_perturbed_mean,DUSP9+MAPK1,0.0016553525653511946,0.012224939431933143,0.4772445430845352,0.480734058246783
train,train_condition_balanced_perturbed_mean,DUSP9+PRTG,0.006144703790058851,0.020953053511389038,0.7324626358150043,0.7330018291747601
train,train_condition_balanced_perturbed_mean,DUSP9+SNAI1,0.007988274699250428,0.029173746592759245,0.7172471283691442,0.7190371384049781
train,train_condition_balanced_perturbed_mean,ELMSAN1+LHX1,0.0029431019354593043,0.013358947031546343,0.4406304465892154,0.4426990943888917
train,train_condition_balanced_perturbed_mean,ELMSAN1+MAP2K3,0.004349191425497549,0.02021990429126049,-0.14000578782481995,-0.13887150704014672
train,train_condition_balanced_perturbed_mean,ELMSAN1+MAP2K6,0.0031531411520302212,0.017266626711576104,-0.1674873270859706,-0.16581059136427198
train,train_condition_balanced_perturbed_mean,ELMSAN1+ZBTB10,0.00567059461838624,0.02465604375759715,0.6650009724425409,0.667226335776043
train,train_condition_balanced_perturbed_mean,ETS2+IKZF3,0.006679857756992041,0.020208489818570343,0.778201628855483,0.7795489266910526
train,train_condition_balanced_perturbed_mean,ETS2+MAP7D1,0.004774852650985195,0.019388323708254437,0.19850183696840942,0.20393709967654608
train,train_condition_balanced_perturbed_mean,ETS2+MAPK1,0.009586179421079753,0.025617968210807238,0.26476243475553696,0.26955355700043926
train,train_condition_balanced_perturbed_mean,ETS2+TGFBR2,0.00219620493984768,0.01414717366521193,0.1261847474907751,0.13134752620140247
train,train_condition_balanced_perturbed_mean,FOSB+IKZF3,0.003906578715088699,0.015702989862934447,0.7482326530547786,0.7495273847005255
train,train_condition_balanced_perturbed_mean,FOSB+OSR2,0.008751614380078302,0.026528062689350825,0.2666232300885752,0.2740955686530186
train,train_condition_balanced_perturbed_mean,FOSB+PTPN12,0.001195137938387827,0.011307225451686708,0.5951544305096399,0.5939323441843803
train,train_condition_balanced_perturbed_mean,FOSB+UBASH3B,0.0011275132651176775,0.010580165929454684,0.5475463243521379,0.5490423507673741
train,train_condition_balanced_perturbed_mean,FOXA1+FOXA3,0.003450952778916784,0.019065573427250154,0.755807498401846,0.7572792697405535
train,train_condition_balanced_perturbed_mean,FOXA1+FOXF1,0.0021445823751307432,0.014828414999637737,0.7288957210233967,0.7306088658845981
train,train_condition_balanced_perturbed_mean,FOXA1+HOXB9,0.0036591845188020324,0.0195680988900414,0.7864688938207836,0.78767512813183
train,train_condition_balanced_perturbed_mean,FOXL2+ZNF318,0.0010246381513266591,0.010998954332432835,0.8110785782798287,0.8096751832169213
train,train_condition_balanced_perturbed_mean,HOXC13+ZC3HAV1,0.0015879059195285869,0.011809603229519638,0.6554149772900031,0.6559346431855854
train,train_condition_balanced_perturbed_mean,IGDCC3+PRTG,0.0029244428355963558,0.016252444576876742,0.7398069788809165,0.7392662834860687
train,train_condition_balanced_perturbed_mean,IGDCC3+TGFBR2,0.001844545292828937,0.012515671424629027,0.7144512061334088,0.7117029004119587
train,train_condition_balanced_perturbed_mean,IKZF3+MAP2K3,0.006351527205090151,0.01581854258368903,0.6429154796105601,0.6432759705216631
train,train_condition_balanced_perturbed_mean,IKZF3+MAP2K6,0.005479181283525879,0.015998327745412592,0.701570587981049,0.7023851691829698
train,train_condition_balanced_perturbed_mean,IRF1+SET,0.008909439337476613,0.027151069910404058,0.35448253298445903,0.3581134047394292
train,train_condition_balanced_perturbed_mean,KIF18B+KIF2C,0.0012762073845842441,0.013556350381319608,0.49636190168928984,0.49377337625959566
train,train_condition_balanced_perturbed_mean,KLF1+SET,0.004510119594547323,0.01822781509577524,0.3925397591826546,0.3923246173234317
train,train_condition_balanced_perturbed_mean,MAP2K3+SLC38A2,0.003448858558673479,0.017691690407007486,-0.4631908045561304,-0.4624254606556633
train,train_condition_balanced_perturbed_mean,MAP2K6+SPI1,0.0018598372549604165,0.013722547309310771,0.48552064151192525,0.48500644063582676
train,train_condition_balanced_perturbed_mean,MAPK1+TGFBR2,0.004000929364603833,0.017238227030457434,0.16602383498474735,0.16979952773350102
train,train_condition_balanced_perturbed_mean,OSR2+PTPN12,0.0014227982397414245,0.011232713648893975,0.42379425155087813,0.42716673009885936
train,train_condition_balanced_perturbed_mean,PLK4+STIL,0.0023012062222003454,0.01806770021254073,0.7690338592561552,0.7700220340602816
train,train_condition_balanced_perturbed_mean,PRTG+TGFBR2,0.002529324104398466,0.01438050553297587,0.7167713150546086,0.7153900394785347
train,train_condition_balanced_perturbed_mean,PTPN12+SAMD1,0.003809469729129232,0.016486875584369034,0.78789243990603,0.7856698002551169
train,train_condition_balanced_perturbed_mean,PTPN12+SNAI1,0.0015011781151787864,0.012326007325314007,0.6233852164964935,0.6231256809261321
train,train_condition_balanced_perturbed_mean,PTPN12+ZBTB10,0.003214347486327564,0.018251949690722406,0.741760746826082,0.7422695906766734
train,train_condition_balanced_perturbed_mean,PTPN12+ZBTB25,0.004366576942929185,0.017819555809891845,0.6805029057530452,0.6762767738875283
train,train_condition_balanced_perturbed_mean,PTPN9+UBASH3B,0.0030169038465611194,0.015893882927237916,0.7586583010542027,0.7539682815816666
train,train_condition_balanced_perturbed_mean,RHOXF2BB+SET,0.005614302269834696,0.023574760873748914,0.6185097094074018,0.6200859610566289
train,train_condition_balanced_perturbed_mean,RHOXF2BB+ZBTB25,0.004401887561726677,0.018823545949541973,0.8235802373486856,0.8223159328156044
train,train_condition_balanced_perturbed_mean,S1PR2+SGK1,0.0045243224470367955,0.01904526401032453,0.7616851683068124,0.7625728685961092
train,train_condition_balanced_perturbed_mean,SAMD1+TGFBR2,0.0023130400286331594,0.016488552173430288,0.7879057133927372,0.7876269184275294
train,train_condition_balanced_perturbed_mean,SAMD1+ZBTB1,0.004292964691589271,0.018750809073036893,0.8416520346727483,0.8420010812719126
train,train_condition_balanced_perturbed_mean,SGK1+TBX2,0.00370058334454125,0.016284926367537342,0.7028751861485223,0.7016176033636907
train,train_condition_balanced_perturbed_mean,UBASH3A+UBASH3B,0.0009657591856033189,0.009906602914679334,0.751294468299566,0.7466203619375463
train,train_condition_balanced_perturbed_mean,UBASH3B+ZBTB25,0.0032066833685123843,0.015859757569549725,0.7217098077243553,0.7169040044099595
train,matching_single_mean,AHR,0.0,0.0,1.0,1.0000000000000002
train,matching_single_mean,ARID1A,0.0,0.0,0.9999999999999998,0.9999999999999999
train,matching_single_mean,ARRDC3,0.0,0.0,1.0,1.0
train,matching_single_mean,ATL1,0.0,0.0,0.9999999999999998,0.9999999999999999
train,matching_single_mean,BAK1,0.0,0.0,1.0,1.0
train,matching_single_mean,BCL2L11,0.0,0.0,1.0,1.0
train,matching_single_mean,BCORL1,0.0,0.0,1.0,0.9999999999999999
train,matching_single_mean,BPGM,0.0,0.0,1.0,1.0
train,matching_single_mean,C19orf26,0.0,0.0,1.0,1.0
train,matching_single_mean,C3orf72,0.0,0.0,1.0,1.0000000000000002
train,matching_single_mean,CBFA2T3,0.0,0.0,1.0,1.0
train,matching_single_mean,CBL,0.0,0.0,1.0,0.9999999999999998
train,matching_single_mean,CDKN1A,0.0,0.0,1.0,1.0000000000000002
train,matching_single_mean,CDKN1B,0.0,0.0,1.0,0.9999999999999998
train,matching_single_mean,CDKN1C,0.0,0.0,0.9999999999999999,1.0
train,matching_single_mean,CEBPA,0.0,0.0,1.0,1.0000000000000002
train,matching_single_mean,CEBPB,0.0,0.0,1.0,1.0
train,matching_single_mean,CEBPE,0.0,0.0,0.9999999999999999,1.0
train,matching_single_mean,CELF2,0.0,0.0,1.0,1.0000000000000002
train,matching_single_mean,CITED1,0.0,0.0,1.0,1.0
train,matching_single_mean,CKS1B,0.0,0.0,0.9999999999999999,1.0
train,matching_single_mean,CLDN6,0.0,0.0,0.9999999999999998,1.0
train,matching_single_mean,CNN1,0.0,0.0,1.0,0.9999999999999998
train,matching_single_mean,CNNM4,0.0,0.0,1.0,1.0
train,matching_single_mean,COL1A1,0.0,0.0,1.0,1.0000000000000002
train,matching_single_mean,COL2A1,0.0,0.0,1.0,1.0
train,matching_single_mean,CSRNP1,0.0,0.0,1.0,1.0
train,matching_single_mean,DLX2,0.0,0.0,1.0,1.0
train,matching_single_mean,DUSP9,0.0,0.0,1.0,1.0000000000000002
train,matching_single_mean,EGR1,0.0,0.0,1.0,1.0
train,matching_single_mean,ELMSAN1,0.0,0.0,1.0,1.0
train,matching_single_mean,ETS2,0.0,0.0,1.0,0.9999999999999999
train,matching_single_mean,FEV,0.0,0.0,1.0,1.0000000000000002
train,matching_single_mean,FOSB,0.0,0.0,1.0,0.9999999999999999
train,matching_single_mean,FOXA1,0.0,0.0,1.0,0.9999999999999999
train,matching_single_mean,FOXA3,0.0,0.0,0.9999999999999999,1.0
train,matching_single_mean,FOXF1,0.0,0.0,1.0,1.0
train,matching_single_mean,FOXL2,0.0,0.0,1.0,1.0
train,matching_single_mean,FOXO4,0.0,0.0,0.9999999999999999,1.0
train,matching_single_mean,GLB1L2,0.0,0.0,1.0,1.0
train,matching_single_mean,HES7,0.0,0.0,1.0,1.0
train,matching_single_mean,HK2,0.0,0.0,1.0,1.0
train,matching_single_mean,HNF4A,0.0,0.0,1.0,0.9999999999999999
train,matching_single_mean,HOXA13,0.0,0.0,1.0,1.0
train,matching_single_mean,HOXB9,0.0,0.0,1.0,1.0
train,matching_single_mean,HOXC13,0.0,0.0,1.0,0.9999999999999999
train,matching_single_mean,IER5L,0.0,0.0,0.9999999999999999,1.0
train,matching_single_mean,IGDCC3,0.0,0.0,1.0,0.9999999999999999
train,matching_single_mean,IKZF3,0.0,0.0,0.9999999999999999,0.9999999999999999
train,matching_single_mean,IRF1,0.0,0.0,1.0,1.0000000000000002
train,matching_single_mean,ISL2,0.0,0.0,0.9999999999999998,1.0
train,matching_single_mean,JUN,0.0,0.0,1.0,1.0000000000000002
train,matching_single_mean,KIAA1804,0.0,0.0,1.0,0.9999999999999998
train,matching_single_mean,KIF18B,0.0,0.0,1.0,1.0000000000000002
train,matching_single_mean,KIF2C,0.0,0.0,1.0,1.0
train,matching_single_mean,KLF1,0.0,0.0,1.0,1.0
train,matching_single_mean,KMT2A,0.0,0.0,0.9999999999999999,0.9999999999999999
train,matching_single_mean,LHX1,0.0,0.0,0.9999999999999999,1.0
train,matching_single_mean,LYL1,0.0,0.0,1.0,1.0
train,matching_single_mean,MAML2,0.0,0.0,1.0,1.0
train,matching_single_mean,MAP2K3,0.0,0.0,1.0,0.9999999999999998
train,matching_single_mean,MAP2K6,0.0,0.0,0.9999999999999999,1.0
train,matching_single_mean,MAP4K3,0.0,0.0,1.0,1.0000000000000002
train,matching_single_mean,MAP4K5,0.0,0.0,0.9999999999999999,1.0
train,matching_single_mean,MAP7D1,0.0,0.0,1.0,1.0
train,matching_single_mean,MAPK1,0.0,0.0,1.0,0.9999999999999999
train,matching_single_mean,MEIS1,0.0,0.0,1.0,0.9999999999999999
train,matching_single_mean,MIDN,0.0,0.0,1.0,1.0
train,matching_single_mean,NCL,0.0,0.0,1.0,1.0
train,matching_single_mean,NIT1,0.0,0.0,0.9999999999999999,1.0
train,matching_single_mean,OSR2,0.0,0.0,1.0,1.0
train,matching_single_mean,PLK4,0.0,0.0,0.9999999999999999,0.9999999999999999
train,matching_single_mean,POU3F2,0.0,0.0,1.0,0.9999999999999998
train,matching_single_mean,PRDM1,0.0,0.0,1.0,1.0
train,matching_single_mean,PRTG,0.0,0.0,1.0,1.0000000000000002
train,matching_single_mean,PTPN1,0.0,0.0,0.9999999999999998,0.9999999999999999
train,matching_single_mean,PTPN12,0.0,0.0,0.9999999999999999,0.9999999999999998
train,matching_single_mean,PTPN13,0.0,0.0,0.9999999999999998,1.0
train,matching_single_mean,PTPN9,0.0,0.0,1.0,0.9999999999999999
train,matching_single_mean,RHOXF2BB,0.0,0.0,1.0,1.0000000000000002
train,matching_single_mean,RREB1,0.0,0.0,0.9999999999999999,1.0
train,matching_single_mean,RUNX1T1,0.0,0.0,1.0,1.0000000000000002
train,matching_single_mean,S1PR2,0.0,0.0,0.9999999999999999,1.0
train,matching_single_mean,SAMD1,0.0,0.0,1.0,1.0
train,matching_single_mean,SET,0.0,0.0,1.0,0.9999999999999999
train,matching_single_mean,SGK1,0.0,0.0,1.0,0.9999999999999999
train,matching_single_mean,SLC38A2,0.0,0.0,1.0,1.0
train,matching_single_mean,SLC4A1,0.0,0.0,1.0,1.0
train,matching_single_mean,SLC6A9,0.0,0.0,1.0,1.0000000000000002
train,matching_single_mean,SNAI1,0.0,0.0,1.0,1.0
train,matching_single_mean,SPI1,0.0,0.0,1.0,0.9999999999999998
train,matching_single_mean,STIL,0.0,0.0,1.0,0.9999999999999999
train,matching_single_mean,TBX2,0.0,0.0,1.0,1.0000000000000002
train,matching_single_mean,TBX3,0.0,0.0,1.0,0.9999999999999998
train,matching_single_mean,TGFBR2,0.0,0.0,1.0,1.0
train,matching_single_mean,TMSB4X,0.0,0.0,1.0,1.0
train,matching_single_mean,TP73,0.0,0.0,1.0,1.0
train,matching_single_mean,TSC22D1,0.0,0.0,0.9999999999999999,1.0
train,matching_single_mean,UBASH3A,0.0,0.0,1.0,1.0000000000000002
train,matching_single_mean,UBASH3B,0.0,0.0,0.9999999999999998,1.0
train,matching_single_mean,ZBTB1,0.0,0.0,1.0,1.0000000000000002
train,matching_single_mean,ZBTB10,0.0,0.0,1.0,1.0
train,matching_single_mean,ZBTB25,0.0,0.0,1.0,1.0
train,matching_single_mean,ZC3HAV1,0.0,0.0,1.0,1.0000000000000002
train,matching_single_mean,ZNF318,0.0,0.0,1.0,0.9999999999999999
train,matching_single_mean,AHR+FEV,0.006450758836539207,0.024090299112019122,0.9000234868323004,0.9011292116262446
train,matching_single_mean,BAK1+BCL2L11,0.0003142089275898723,0.006529028708116123,0.48030737373289006,0.4810140099286094
train,matching_single_mean,BCL2L11+TGFBR2,0.00035623905517089146,0.005794050812197425,0.8480517831220108,0.8484627954371677
train,matching_single_mean,BPGM+SAMD1,0.0012809195390262177,0.010737858313259654,0.9614676540610945,0.9613872014794741
train,matching_single_mean,C19orf26+TGFBR2,0.0017755269565215741,0.012894400874875844,0.8464593011601667,0.8464549682201263
train,matching_single_mean,CBL+PTPN12,0.002428911239067081,0.013051291227937146,0.9445928666767891,0.9446064565254154
train,matching_single_mean,CBL+PTPN9,0.0021137991727879666,0.013425227067130143,0.9253464359994095,0.925534035198742
train,matching_single_mean,CBL+TGFBR2,0.0013696892467918937,0.010671384763194241,0.9195262493486859,0.9194920511937158
train,matching_single_mean,CBL+UBASH3A,0.0038166349347325294,0.019449869741630637,0.7752442098497847,0.7745936654805632
train,matching_single_mean,CBL+UBASH3B,0.004870850518712253,0.018295862966026408,0.9192280972703306,0.9191498065172348
train,matching_single_mean,CDKN1A+CDKN1B,0.001171166286658783,0.012051016834428573,0.9586514567926577,0.9586500568526456
train,matching_single_mean,CDKN1A+CDKN1C,0.0009621258227348522,0.011479473892159368,0.9415181245684091,0.9414339495516539
train,matching_single_mean,CDKN1B+CDKN1C,0.0008714222198512639,0.011070337234756384,0.9251980978160952,0.9252047834964274
train,matching_single_mean,CEBPA+JUN,0.010269831868663655,0.03485033531819755,0.9539891793285202,0.9545592286936495
train,matching_single_mean,CEBPA+KLF1,0.0031125987361780927,0.017633554158153437,0.9537420851590535,0.9543857854938594
train,matching_single_mean,CEBPB+FOSB,0.008778626284069448,0.031500690817897546,0.9014233455229563,0.9025581049642635
train,matching_single_mean,CEBPB+JUN,0.004652335084808769,0.02436906020879968,0.9063626274175951,0.9072777210764728
train,matching_single_mean,CEBPB+MAPK1,0.0010188314752323916,0.010454638345136835,0.9615503366100119,0.9620230669303396
train,matching_single_mean,CEBPB+OSR2,0.002131412627099034,0.016501111486764964,0.958077989992471,0.9589199030442589
train,matching_single_mean,CEBPB+PTPN12,0.0009699695413031933,0.010233524298894793,0.8627610182658224,0.8637073771663308
train,matching_single_mean,CEBPE+CNN1,0.0008725775389139974,0.010041983702934814,0.8641493051795173,0.864396253926489
train,matching_single_mean,CEBPE+ETS2,0.0010477833721727657,0.010352662452112568,0.96220596265901,0.9626721189144235
train,matching_single_mean,CEBPE+KLF1,0.0013270617253204938,0.01160410171292216,0.7401926802517079,0.7430180312256185
train,matching_single_mean,CEBPE+RUNX1T1,0.00027034378021205987,0.005376345083021094,0.9636712553267056,0.9640128626630008
train,matching_single_mean,CEBPE+SPI1,0.007614021848401913,0.028789041689864618,0.9485552192255253,0.948819467969709
train,matching_single_mean,CLDN6+KLF1,0.002378368847203356,0.014611956290353362,0.9251306300992477,0.9245971890207189
train,matching_single_mean,CNN1+ETS2,0.00044133464266761193,0.006242001282421491,0.9159324580128784,0.9158534704981495
train,matching_single_mean,CNN1+MAPK1,0.0007382562756262336,0.008545192793641477,0.870430870681846,0.8702979317841637
train,matching_single_mean,CNN1+UBASH3A,0.006816680238607723,0.022731838939151747,0.882531966105542,0.8823382814430083
train,matching_single_mean,CNN1+UBASH3B,0.00497261829195338,0.017844519016365207,0.9448493079900353,0.9448437535271158
train,matching_single_mean,DLX2+ZBTB10,0.008357575907285223,0.030341194349106683,0.879836952791454,0.8794236322469055
train,matching_single_mean,DUSP9+IGDCC3,0.00163460329204431,0.0126414745872858,0.9706452403000045,0.9705059039609508
train,matching_single_mean,DUSP9+KLF1,0.002805580637039874,0.013405875696911103,0.952454262582832,0.9525738985376658
train,matching_single_mean,DUSP9+MAPK1,0.0006747029763846901,0.008767270870391811,0.8163617842635377,0.818058845702468
train,matching_single_mean,DUSP9+PRTG,0.0017408110597938041,0.013077983213571596,0.9723835024189761,0.9723621662097243
train,matching_single_mean,DUSP9+SNAI1,0.0060731171810984,0.026332927720129202,0.8207635023896911,0.8209849373120321
train,matching_single_mean,ELMSAN1+LHX1,0.0013033885388548537,0.010560353653126001,0.9177135069526791,0.9179483828176837
train,matching_single_mean,ELMSAN1+MAP2K3,0.0008064677718226631,0.00849347906093553,0.9165108071917117,0.9159554966433564
train,matching_single_mean,ELMSAN1+MAP2K6,0.00040304189216666675,0.0063258062608028635,0.9145876085100637,0.9140216989585683
train,matching_single_mean,ELMSAN1+ZBTB10,0.0037338717985953038,0.020958040789018684,0.9206686814188919,0.9205969899409276
train,matching_single_mean,ETS2+IKZF3,0.003134228543540284,0.014058281201816406,0.9552007233475532,0.9555219416421663
train,matching_single_mean,ETS2+MAP7D1,0.0018945564718552464,0.013586732247619542,0.9158999830312367,0.9166612524556221
train,matching_single_mean,ETS2+MAPK1,0.002440000885079914,0.014731355207469326,0.955212509013606,0.9554577468066515
train,matching_single_mean,ETS2+TGFBR2,0.0003915207220826116,0.006636911269763543,0.8911954870139033,0.8916777931663212
train,matching_single_mean,FOSB+IKZF3,0.0013107566169285535,0.010148324395064483,0.9403855639835026,0.9405489355158756
train,matching_single_mean,FOSB+OSR2,0.0030337106279721697,0.017544616644460595,0.9441259271443925,0.9453589351382216
train,matching_single_mean,FOSB+PTPN12,0.0007043962587601112,0.008421932964589839,0.7654658540597976,0.7631301537244667
train,matching_single_mean,FOSB+UBASH3B,0.00033402540134688124,0.006158973277274939,0.8698248814012879,0.8701547395024248
train,matching_single_mean,FOXA1+FOXA3,0.0023517705671722514,0.01658955090979875,0.9261381909006975,0.9252318795712873
train,matching_single_mean,FOXA1+FOXF1,0.0019507510015192781,0.015325086498686856,0.8848165086122208,0.8819502958985361
train,matching_single_mean,FOXA1+HOXB9,0.0029328490591637242,0.01806158298958848,0.9303911606079998,0.9301701481836467
train,matching_single_mean,FOXL2+ZNF318,0.0009722036956258203,0.010535887211439322,0.8874805376115535,0.8874018409696589
train,matching_single_mean,HOXC13+ZC3HAV1,0.0006687480200995388,0.008143900448066576,0.9146319866141142,0.9146402578349095
train,matching_single_mean,IGDCC3+PRTG,0.0008786139596298341,0.010801286324121773,0.9360077673120083,0.9357782502973032
train,matching_single_mean,IGDCC3+TGFBR2,0.0009055118227150065,0.009346499999657242,0.948129882616509,0.9480098154013388
train,matching_single_mean,IKZF3+MAP2K3,0.0024586202370167425,0.01115409222133283,0.9519234799783142,0.9519288904352938
train,matching_single_mean,IKZF3+MAP2K6,0.0021322269607567486,0.011412906335749028,0.9667911302377414,0.9668661758278865
train,matching_single_mean,IRF1+SET,0.0029266072090176256,0.016265109499614537,0.9252704806451125,0.925020053784218
train,matching_single_mean,KIF18B+KIF2C,0.0007701077607544926,0.011028292588281493,0.6312678172421583,0.6311681557191112
train,matching_single_mean,KLF1+SET,0.0015431803702788446,0.009738323608370979,0.889515278414371,0.8895072790073514
train,matching_single_mean,MAP2K3+SLC38A2,0.00032445537478506493,0.006128279164730352,0.879086967164356,0.8789738256203677
train,matching_single_mean,MAP2K6+SPI1,0.0006251533398706793,0.00875602437897403,0.8501434963291973,0.8498789925799559
train,matching_single_mean,MAPK1+TGFBR2,0.0009904035803314272,0.009305531738282056,0.9479100517153611,0.9481156603479401
train,matching_single_mean,OSR2+PTPN12,0.0005170262927369332,0.007937775117301989,0.7612704310834749,0.7625135551206289
train,matching_single_mean,PLK4+STIL,0.002926958551569846,0.020045876828516013,0.7451275767982252,0.7438502713085461
train,matching_single_mean,PRTG+TGFBR2,0.0012667231826663167,0.011215872047998154,0.9492047775062146,0.9491243986494937
train,matching_single_mean,PTPN12+SAMD1,0.002088969773502348,0.01316108730842416,0.953435860020613,0.9530497301498319
train,matching_single_mean,PTPN12+SNAI1,0.0007526439782898071,0.009318859296526198,0.8704646927440784,0.8705050437733162
train,matching_single_mean,PTPN12+ZBTB10,0.001486286842145175,0.012952757809996666,0.9210474248211254,0.9211860075810883
train,matching_single_mean,PTPN12+ZBTB25,0.0023615743920535996,0.013314350261911934,0.9517835033280385,0.9518093703668365
train,matching_single_mean,PTPN9+UBASH3B,0.0022951602834366805,0.013346602950784962,0.9384139173486686,0.9380022163508854
train,matching_single_mean,RHOXF2BB+SET,0.0020800839560790605,0.015035267808002933,0.9167500578739759,0.9166949896067478
train,matching_single_mean,RHOXF2BB+ZBTB25,0.0023589348352296004,0.014588103052767728,0.9506627632864716,0.9506380857488401
train,matching_single_mean,S1PR2+SGK1,0.0027216258711390312,0.01583068922257893,0.9069300459335073,0.9063936528595555
train,matching_single_mean,SAMD1+TGFBR2,0.0020344830967674774,0.01599994493461785,0.8880560145302772,0.8881483021915256
train,matching_single_mean,SAMD1+ZBTB1,0.0021802208367177607,0.0147859394668513,0.9597442893748886,0.9598270878008724
train,matching_single_mean,SGK1+TBX2,0.00149025666966781,0.011511709609546311,0.9622065439579357,0.9621402125575425
train,matching_single_mean,UBASH3A+UBASH3B,0.000750443122180334,0.007496690581541892,0.9182781773972982,0.9179092507803235
train,matching_single_mean,UBASH3B+ZBTB25,0.0020359781715768464,0.012420213369508305,0.946166458967551,0.9458952663397437
train,additive,AHR,0.0,0.0,1.0,1.0000000000000002
train,additive,ARID1A,0.0,0.0,0.9999999999999998,0.9999999999999999
train,additive,ARRDC3,0.0,0.0,1.0,1.0
train,additive,ATL1,0.0,0.0,0.9999999999999998,0.9999999999999999
train,additive,BAK1,0.0,0.0,1.0,1.0
train,additive,BCL2L11,0.0,0.0,1.0,1.0
train,additive,BCORL1,0.0,0.0,1.0,0.9999999999999999
train,additive,BPGM,0.0,0.0,1.0,1.0
train,additive,C19orf26,0.0,0.0,1.0,1.0
train,additive,C3orf72,0.0,0.0,1.0,1.0000000000000002
train,additive,CBFA2T3,0.0,0.0,1.0,1.0
train,additive,CBL,0.0,0.0,1.0,0.9999999999999998
train,additive,CDKN1A,0.0,0.0,1.0,1.0000000000000002
train,additive,CDKN1B,0.0,0.0,1.0,0.9999999999999998
train,additive,CDKN1C,0.0,0.0,0.9999999999999999,1.0
train,additive,CEBPA,0.0,0.0,1.0,1.0000000000000002
train,additive,CEBPB,0.0,0.0,1.0,1.0
train,additive,CEBPE,0.0,0.0,0.9999999999999999,1.0
train,additive,CELF2,0.0,0.0,1.0,1.0000000000000002
train,additive,CITED1,0.0,0.0,1.0,1.0
train,additive,CKS1B,0.0,0.0,0.9999999999999999,1.0
train,additive,CLDN6,0.0,0.0,0.9999999999999998,1.0
train,additive,CNN1,0.0,0.0,1.0,0.9999999999999998
train,additive,CNNM4,0.0,0.0,1.0,1.0
train,additive,COL1A1,0.0,0.0,1.0,1.0000000000000002
train,additive,COL2A1,0.0,0.0,1.0,1.0
train,additive,CSRNP1,0.0,0.0,1.0,1.0
train,additive,DLX2,0.0,0.0,1.0,1.0
train,additive,DUSP9,0.0,0.0,1.0,1.0000000000000002
train,additive,EGR1,0.0,0.0,1.0,1.0
train,additive,ELMSAN1,0.0,0.0,1.0,1.0
train,additive,ETS2,0.0,0.0,1.0,0.9999999999999999
train,additive,FEV,0.0,0.0,1.0,1.0000000000000002
train,additive,FOSB,0.0,0.0,1.0,0.9999999999999999
train,additive,FOXA1,0.0,0.0,1.0,0.9999999999999999
train,additive,FOXA3,0.0,0.0,0.9999999999999999,1.0
train,additive,FOXF1,0.0,0.0,1.0,1.0
train,additive,FOXL2,0.0,0.0,1.0,1.0
train,additive,FOXO4,0.0,0.0,0.9999999999999999,1.0
train,additive,GLB1L2,0.0,0.0,1.0,1.0
train,additive,HES7,0.0,0.0,1.0,1.0
train,additive,HK2,0.0,0.0,1.0,1.0
train,additive,HNF4A,0.0,0.0,1.0,0.9999999999999999
train,additive,HOXA13,0.0,0.0,1.0,1.0
train,additive,HOXB9,0.0,0.0,1.0,1.0
train,additive,HOXC13,0.0,0.0,1.0,0.9999999999999999
train,additive,IER5L,0.0,0.0,0.9999999999999999,1.0
train,additive,IGDCC3,0.0,0.0,1.0,0.9999999999999999
train,additive,IKZF3,0.0,0.0,0.9999999999999999,0.9999999999999999
train,additive,IRF1,0.0,0.0,1.0,1.0000000000000002
train,additive,ISL2,0.0,0.0,0.9999999999999998,1.0
train,additive,JUN,0.0,0.0,1.0,1.0000000000000002
train,additive,KIAA1804,0.0,0.0,1.0,0.9999999999999998
train,additive,KIF18B,0.0,0.0,1.0,1.0000000000000002
train,additive,KIF2C,0.0,0.0,1.0,1.0
train,additive,KLF1,0.0,0.0,1.0,1.0
train,additive,KMT2A,0.0,0.0,0.9999999999999999,0.9999999999999999
train,additive,LHX1,0.0,0.0,0.9999999999999999,1.0
train,additive,LYL1,0.0,0.0,1.0,1.0
train,additive,MAML2,0.0,0.0,1.0,1.0
train,additive,MAP2K3,0.0,0.0,1.0,0.9999999999999998
train,additive,MAP2K6,0.0,0.0,0.9999999999999999,1.0
train,additive,MAP4K3,0.0,0.0,1.0,1.0000000000000002
train,additive,MAP4K5,0.0,0.0,0.9999999999999999,1.0
train,additive,MAP7D1,0.0,0.0,1.0,1.0
train,additive,MAPK1,0.0,0.0,1.0,0.9999999999999999
train,additive,MEIS1,0.0,0.0,1.0,0.9999999999999999
train,additive,MIDN,0.0,0.0,1.0,1.0
train,additive,NCL,0.0,0.0,1.0,1.0
train,additive,NIT1,0.0,0.0,0.9999999999999999,1.0
train,additive,OSR2,0.0,0.0,1.0,1.0
train,additive,PLK4,0.0,0.0,0.9999999999999999,0.9999999999999999
train,additive,POU3F2,0.0,0.0,1.0,0.9999999999999998
train,additive,PRDM1,0.0,0.0,1.0,1.0
train,additive,PRTG,0.0,0.0,1.0,1.0000000000000002
train,additive,PTPN1,0.0,0.0,0.9999999999999998,0.9999999999999999
train,additive,PTPN12,0.0,0.0,0.9999999999999999,0.9999999999999998
train,additive,PTPN13,0.0,0.0,0.9999999999999998,1.0
train,additive,PTPN9,0.0,0.0,1.0,0.9999999999999999
train,additive,RHOXF2BB,0.0,0.0,1.0,1.0000000000000002
train,additive,RREB1,0.0,0.0,0.9999999999999999,1.0
train,additive,RUNX1T1,0.0,0.0,1.0,1.0000000000000002
train,additive,S1PR2,0.0,0.0,0.9999999999999999,1.0
train,additive,SAMD1,0.0,0.0,1.0,1.0
train,additive,SET,0.0,0.0,1.0,0.9999999999999999
train,additive,SGK1,0.0,0.0,1.0,0.9999999999999999
train,additive,SLC38A2,0.0,0.0,1.0,1.0
train,additive,SLC4A1,0.0,0.0,1.0,1.0
train,additive,SLC6A9,0.0,0.0,1.0,1.0000000000000002
train,additive,SNAI1,0.0,0.0,1.0,1.0
train,additive,SPI1,0.0,0.0,1.0,0.9999999999999998
train,additive,STIL,0.0,0.0,1.0,0.9999999999999999
train,additive,TBX2,0.0,0.0,1.0,1.0000000000000002
train,additive,TBX3,0.0,0.0,1.0,0.9999999999999998
train,additive,TGFBR2,0.0,0.0,1.0,1.0
train,additive,TMSB4X,0.0,0.0,1.0,1.0
train,additive,TP73,0.0,0.0,1.0,1.0
train,additive,TSC22D1,0.0,0.0,0.9999999999999999,1.0
train,additive,UBASH3A,0.0,0.0,1.0,1.0000000000000002
train,additive,UBASH3B,0.0,0.0,0.9999999999999998,1.0
train,additive,ZBTB1,0.0,0.0,1.0,1.0000000000000002
train,additive,ZBTB10,0.0,0.0,1.0,1.0
train,additive,ZBTB25,0.0,0.0,1.0,1.0
train,additive,ZC3HAV1,0.0,0.0,1.0,1.0000000000000002
train,additive,ZNF318,0.0,0.0,1.0,0.9999999999999999
train,additive,AHR+FEV,0.0029497923270468173,0.017123738231382295,0.9000234868323004,0.9011292116262446
train,additive,BAK1+BCL2L11,0.0004463395257805242,0.007635529784459385,0.48030737373289006,0.4810140099286094
train,additive,BCL2L11+TGFBR2,0.00023436072521657218,0.0060248280398183356,0.8480517831220108,0.8484627954371677
train,additive,BPGM+SAMD1,0.0008375060761206531,0.010665921205614192,0.9614676540610945,0.9613872014794741
train,additive,C19orf26+TGFBR2,0.0010233170825586656,0.01098489272427922,0.8464593011601667,0.8464549682201263
train,additive,CBL+PTPN12,0.0007972772825554076,0.009677391512465666,0.9445928666767891,0.9446064565254154
train,additive,CBL+PTPN9,0.0008497258652060092,0.010199260827044278,0.9253464359994095,0.925534035198742
train,additive,CBL+TGFBR2,0.0005748342839375727,0.00877908103606814,0.9195262493486859,0.9194920511937158
train,additive,CBL+UBASH3A,0.00265457659600892,0.017742692922246915,0.7752442098497847,0.7745936654805632
train,additive,CBL+UBASH3B,0.002047514159816449,0.013079198981137996,0.9192280972703306,0.9191498065172348
train,additive,CDKN1A+CDKN1B,0.0011390008616788607,0.012512563512665524,0.9586514567926577,0.9586500568526456
train,additive,CDKN1A+CDKN1C,0.002375877481855835,0.016842009507651013,0.9415181245684091,0.9414339495516539
train,additive,CDKN1B+CDKN1C,0.0021351937942193137,0.01623442519786557,0.9251980978160952,0.9252047834964274
train,additive,CEBPA+JUN,0.004070171928540299,0.024533768666939147,0.9539891793285202,0.9545592286936495
train,additive,CEBPA+KLF1,0.005157842720267844,0.02403543309002935,0.9537420851590535,0.9543857854938594
train,additive,CEBPB+FOSB,0.004065351703224397,0.02276767704442647,0.9014233455229563,0.9025581049642635
train,additive,CEBPB+JUN,0.0025984214441738787,0.02034968247191723,0.9063626274175951,0.9072777210764728
train,additive,CEBPB+MAPK1,0.003035105331006694,0.01854401055696663,0.9615503366100119,0.9620230669303396
train,additive,CEBPB+OSR2,0.0018181370177311911,0.015232136597106073,0.958077989992471,0.9589199030442589
train,additive,CEBPB+PTPN12,0.0027203930826288324,0.017905618052893965,0.8627610182658224,0.8637073771663308
train,additive,CEBPE+CNN1,0.003568017311977526,0.020158016343790584,0.8641493051795173,0.864396253926489
train,additive,CEBPE+ETS2,0.002311452282652767,0.016205192647736552,0.96220596265901,0.9626721189144235
train,additive,CEBPE+KLF1,0.0051478487362210425,0.023321097830330376,0.7401926802517079,0.7430180312256185
train,additive,CEBPE+RUNX1T1,0.0025005055553676677,0.01679551865700262,0.9636712553267056,0.9640128626630008
train,additive,CEBPE+SPI1,0.002945398708537237,0.019296963735626217,0.9485552192255253,0.948819467969709
train,additive,CLDN6+KLF1,0.0015971573818818446,0.01280565651030832,0.9251306300992477,0.9245971890207189
train,additive,CNN1+ETS2,0.0005420020537934301,0.0075691155690099255,0.9159324580128784,0.9158534704981495
train,additive,CNN1+MAPK1,0.0011793000144847397,0.009993122822473565,0.870430870681846,0.8702979317841637
train,additive,CNN1+UBASH3A,0.0036580128579254204,0.017893660588645954,0.882531966105542,0.8823382814430083
train,additive,CNN1+UBASH3B,0.0016192535191415067,0.01174593072912924,0.9448493079900353,0.9448437535271158
train,additive,DLX2+ZBTB10,0.0042866959464842565,0.023471199056647626,0.879836952791454,0.8794236322469055
train,additive,DUSP9+IGDCC3,0.001221557316386197,0.011374862374568482,0.9706452403000045,0.9705059039609508
train,additive,DUSP9+KLF1,0.0010806849730006117,0.01023078754458412,0.952454262582832,0.9525738985376658
train,additive,DUSP9+MAPK1,0.003129132994900841,0.017959265949705074,0.8163617842635377,0.818058845702468
train,additive,DUSP9+PRTG,0.0013782687972187018,0.011660218760611317,0.9723835024189761,0.9723621662097243
train,additive,DUSP9+SNAI1,0.0040445001410069565,0.02108014669232311,0.8207635023896911,0.8209849373120321
train,additive,ELMSAN1+LHX1,0.000560428330759519,0.008681708526556274,0.9177135069526791,0.9179483828176837
train,additive,ELMSAN1+MAP2K3,0.00047116756488356336,0.0075604469628927605,0.9165108071917117,0.9159554966433564
train,additive,ELMSAN1+MAP2K6,0.000325406769736722,0.006609767106505495,0.9145876085100637,0.9140216989585683
train,additive,ELMSAN1+ZBTB10,0.0014714816881959024,0.014974831305937379,0.9206686814188919,0.9205969899409276
train,additive,ETS2+IKZF3,0.0010579932106119822,0.010622303381361962,0.9552007233475532,0.9555219416421663
train,additive,ETS2+MAP7D1,0.0007690659688428508,0.009946801732922431,0.9158999830312367,0.9166612524556221
train,additive,ETS2+MAPK1,0.001224901139418509,0.010759680030816933,0.955212509013606,0.9554577468066515
train,additive,ETS2+TGFBR2,0.0003441219389719014,0.007126048119324768,0.8911954870139033,0.8916777931663212
train,additive,FOSB+IKZF3,0.0020671514430854005,0.015292101856523674,0.9403855639835026,0.9405489355158756
train,additive,FOSB+OSR2,0.000998534026813691,0.011627460231255002,0.9441259271443925,0.9453589351382216
train,additive,FOSB+PTPN12,0.0012349629603091174,0.011938677706725437,0.7654658540597976,0.7631301537244667
train,additive,FOSB+UBASH3B,0.0006903820528854789,0.009239354358861456,0.8698248814012879,0.8701547395024248
train,additive,FOXA1+FOXA3,0.0009398831641633153,0.011834713528327412,0.9261381909006975,0.9252318795712873
train,additive,FOXA1+FOXF1,0.0009810038391501995,0.011788237776209512,0.8848165086122208,0.8819502958985361
train,additive,FOXA1+HOXB9,0.0010675050879048714,0.012130730332745168,0.9303911606079998,0.9301701481836467
train,additive,FOXL2+ZNF318,0.0006659995678721922,0.009430120522596471,0.8874805376115535,0.8874018409696589
train,additive,HOXC13+ZC3HAV1,0.0008186080509889085,0.0104362408500963,0.9146319866141142,0.9146402578349095
train,additive,IGDCC3+PRTG,0.0025172551172022413,0.015322954308636533,0.9360077673120083,0.9357782502973032
train,additive,IGDCC3+TGFBR2,0.0004808577391344189,0.008063325013115784,0.948129882616509,0.9480098154013388
train,additive,IKZF3+MAP2K3,0.0010902572943441537,0.010944716087117676,0.9519234799783142,0.9519288904352938
train,additive,IKZF3+MAP2K6,0.0007391883463656402,0.009825372287000856,0.9667911302377414,0.9668661758278865
train,additive,IRF1+SET,0.0017747402541988008,0.01457833151171967,0.9252704806451125,0.925020053784218
train,additive,KIF18B+KIF2C,0.0010714527356427105,0.012817061696283553,0.6312678172421583,0.6311681557191112
train,additive,KLF1+SET,0.0016100593828909918,0.011892536527403191,0.889515278414371,0.8895072790073514
train,additive,MAP2K3+SLC38A2,0.0004022071240005081,0.0073780219270538445,0.879086967164356,0.8789738256203677
train,additive,MAP2K6+SPI1,0.002657215664175823,0.0174183758199563,0.8501434963291973,0.8498789925799559
train,additive,MAPK1+TGFBR2,0.00037530723566613295,0.007143637055910524,0.9479100517153611,0.9481156603479401
train,additive,OSR2+PTPN12,0.0013484272834077275,0.013135642097923134,0.7612704310834749,0.7625135551206289
train,additive,PLK4+STIL,0.0021745881188210015,0.018612514578039356,0.7451275767982252,0.7438502713085461
train,additive,PRTG+TGFBR2,0.0005593464137490546,0.008500378323045876,0.9492047775062146,0.9491243986494937
train,additive,PTPN12+SAMD1,0.0007082728887800856,0.010037962986572254,0.953435860020613,0.9530497301498319
train,additive,PTPN12+SNAI1,0.0008727613864129942,0.010575636499679672,0.8704646927440784,0.8705050437733162
train,additive,PTPN12+ZBTB10,0.0014842037094324179,0.014419882757730762,0.9210474248211254,0.9211860075810883
train,additive,PTPN12+ZBTB25,0.0006764804132358573,0.009165469794427901,0.9517835033280385,0.9518093703668365
train,additive,PTPN9+UBASH3B,0.0007681041694466116,0.009360294532982106,0.9384139173486686,0.9380022163508854
train,additive,RHOXF2BB+SET,0.0022032224450631317,0.015804778077920238,0.9167500578739759,0.9166949896067478
train,additive,RHOXF2BB+ZBTB25,0.0009069367820322273,0.011482997173317277,0.9506627632864716,0.9506380857488401
train,additive,S1PR2+SGK1,0.001563641052722194,0.012691547508309899,0.9069300459335073,0.9063936528595555
train,additive,SAMD1+TGFBR2,0.0010566733734222362,0.013254242825405476,0.8880560145302772,0.8881483021915256
train,additive,SAMD1+ZBTB1,0.0007964453283192443,0.010584650720018601,0.9597442893748886,0.9598270878008724
train,additive,SGK1+TBX2,0.0006599231960942803,0.009488956054121696,0.9622065439579357,0.9621402125575425
train,additive,UBASH3A+UBASH3B,0.0003498750379857713,0.006582583236821793,0.9182781773972982,0.9179092507803235
train,additive,UBASH3B+ZBTB25,0.0006238889550898041,0.008672794897066958,0.946166458967551,0.9458952663397437
train,ridge_multihot_main_effects,AHR,0.0003057377963694769,0.005750397239945081,0.9644143460198611,0.9647152856045583
train,ridge_multihot_main_effects,ARID1A,3.596816070844738e-05,0.0019119963216722062,0.9998936078369659,0.9998934412869729
train,ridge_multihot_main_effects,ARRDC3,2.211582116471988e-06,0.0005240702311826191,0.9988759596020417,0.9988731348120385
train,ridge_multihot_main_effects,ATL1,3.019211800810023e-05,0.0015864367237933051,0.9999180475908178,0.9999178014036406
train,ridge_multihot_main_effects,BAK1,8.320099318134307e-05,0.0031800033081416696,0.8078479313078573,0.80775915431252
train,ridge_multihot_main_effects,BCL2L11,6.839880655049693e-05,0.0031449385531677867,0.8106252275107746,0.8108712264230237
train,ridge_multihot_main_effects,BCORL1,5.629604122823321e-06,0.000654629911280225,0.9985360198469022,0.9985351839861075
train,ridge_multihot_main_effects,BPGM,0.00010240782104551905,0.0039013174326813773,0.9840091596499879,0.9839907076862542
train,ridge_multihot_main_effects,C19orf26,0.00021870762354390648,0.004957854589251406,0.928217511243416,0.9282492452378788
train,ridge_multihot_main_effects,C3orf72,1.9829495382894393e-05,0.0014517784843810703,0.9998195641299521,0.9998201262791666
train,ridge_multihot_main_effects,CBFA2T3,9.454662197046527e-06,0.0007965473992545673,0.9992585892911652,0.999259055461629
train,ridge_multihot_main_effects,CBL,0.0004649554918665943,0.006932986501576388,0.924500646456997,0.9243471388949315
train,ridge_multihot_main_effects,CDKN1A,0.00020365226049483823,0.005496154366921689,0.9744755040114169,0.9744487881213668
train,ridge_multihot_main_effects,CDKN1B,0.00015000646730985634,0.004992677185682921,0.9664367811039003,0.9664364477837347
train,ridge_multihot_main_effects,CDKN1C,0.00037721628767437156,0.007136283103775848,0.9666324065244551,0.9665877430543601
train,ridge_multihot_main_effects,CEBPA,0.000979812815433137,0.01139029080186775,0.9917167175692371,0.9918149238657048
train,ridge_multihot_main_effects,CEBPB,0.000520487993713817,0.007898424261602635,0.9718332253143931,0.9721955167307814
train,ridge_multihot_main_effects,CEBPE,0.0010284582196020443,0.010568865639492626,0.9846930891981805,0.9848598423042306
train,ridge_multihot_main_effects,CELF2,9.738226333311455e-06,0.0008940478600703886,0.9992008996357424,0.9992080354295004
train,ridge_multihot_main_effects,CITED1,1.948206189462968e-05,0.0014536532082651992,0.9998263230421077,0.9998267260880062
train,ridge_multihot_main_effects,CKS1B,2.3808949711376507e-05,0.0014162565077805152,0.9998333696081286,0.9998334347024482
train,ridge_multihot_main_effects,CLDN6,0.0003988413796634617,0.006906647950380657,0.962879132587611,0.9622362076761807
train,ridge_multihot_main_effects,CNN1,0.0002872950170130758,0.005792405104919626,0.95978995060764,0.9598396577163522
train,ridge_multihot_main_effects,CNNM4,1.289727657160891e-05,0.0007634868209246833,0.9995372612338372,0.9995370150782918
train,ridge_multihot_main_effects,COL1A1,4.4379020391506426e-05,0.0018429439237559076,0.9998278484543998,0.9998277969230673
train,ridge_multihot_main_effects,COL2A1,3.894763204540616e-05,0.0016726930194135411,0.999767828523601,0.9997686410374946
train,ridge_multihot_main_effects,CSRNP1,8.769795839309543e-06,0.0009264467606560437,0.9982679924390476,0.9982959352715208
train,ridge_multihot_main_effects,DLX2,0.0007143500063193616,0.00923718474661266,0.867212040015969,0.8660578904850905
train,ridge_multihot_main_effects,DUSP9,0.00031486989741724046,0.006161399010854641,0.9757386093075321,0.9757276359690297
train,ridge_multihot_main_effects,EGR1,7.307295759809375e-06,0.0008578720594489366,0.9996338931002089,0.999634633365536
train,ridge_multihot_main_effects,ELMSAN1,0.0003382909710322232,0.006463106553835489,0.7804219323738745,0.7786317443050093
train,ridge_multihot_main_effects,ETS2,0.00024433073319727125,0.0046968132994797225,0.9503073999258028,0.950394642067598
train,ridge_multihot_main_effects,FEV,0.00039579860811632704,0.00633135526411253,0.9615448107362975,0.9618293219539994
train,ridge_multihot_main_effects,FOSB,0.00027870410884074263,0.006098661264543487,0.9345951367907286,0.9353163391891406
train,ridge_multihot_main_effects,FOXA1,0.00039048335443766775,0.007178132181818247,0.9119499298456947,0.9102693740358333
train,ridge_multihot_main_effects,FOXA3,9.826638727967976e-05,0.003992295061746299,0.9740738443473984,0.9740408722234619
train,ridge_multihot_main_effects,FOXF1,0.00010143520451070701,0.003909129989244524,0.9357090252091737,0.9345268443001218
train,ridge_multihot_main_effects,FOXL2,0.0001118452272292079,0.0035041768858372424,0.9736339908584847,0.9736885146295098
train,ridge_multihot_main_effects,FOXO4,1.9462350858417438e-05,0.0014046740601374253,0.9998476985841199,0.9998469592056533
train,ridge_multihot_main_effects,GLB1L2,8.44850447387409e-06,0.0006458695480405781,0.9994825546482723,0.9994832439285397
train,ridge_multihot_main_effects,HES7,7.457327522852234e-05,0.002717832767187379,0.9999208344523351,0.9999213295452065
train,ridge_multihot_main_effects,HK2,3.9962843571808425e-06,0.0006520866509714515,0.99881240497951,0.9988110254291314
train,ridge_multihot_main_effects,HNF4A,2.7761638653321506e-05,0.0016561419978284586,0.9998723666570364,0.9998722890654449
train,ridge_multihot_main_effects,HOXA13,5.5629703326870355e-05,0.002428567661674688,0.999935444447055,0.9999357205687069
train,ridge_multihot_main_effects,HOXB9,0.00010560221133023438,0.0039804118877099235,0.9775841069920068,0.9777316524609179
train,ridge_multihot_main_effects,HOXC13,9.801014227416904e-05,0.0036161337653759337,0.9923538479856553,0.9923769248759736
train,ridge_multihot_main_effects,IER5L,1.6934544781628748e-05,0.0011563928018806012,0.9998563494818749,0.9998566469033076
train,ridge_multihot_main_effects,IGDCC3,0.00023305063141005765,0.005345303247546104,0.970526520961194,0.9703839515811938
train,ridge_multihot_main_effects,IKZF3,0.00023499921282966888,0.0056467102815260925,0.9911560486527731,0.9911461189654116
train,ridge_multihot_main_effects,IRF1,0.0002909112363126304,0.005811301492229884,0.9736454905994137,0.9737123238076965
train,ridge_multihot_main_effects,ISL2,4.316315099220435e-06,0.000620296662935932,0.9974790455457275,0.9975016254818823
train,ridge_multihot_main_effects,JUN,0.0006363851458178194,0.009991417446644127,0.8941983114397091,0.8936469320605183
train,ridge_multihot_main_effects,KIAA1804,5.11985893987758e-06,0.0007298670150151181,0.999207470361173,0.9992109690040163
train,ridge_multihot_main_effects,KIF18B,0.00010648022997382729,0.004128544219889268,0.9217146191613405,0.9217112468854677
train,ridge_multihot_main_effects,KIF2C,0.00010815789207034223,0.004087664843917076,0.8518750669894878,0.8518852389193662
train,ridge_multihot_main_effects,KLF1,0.0003286460853985486,0.006325130790851505,0.9497019699662868,0.9492712767439957
train,ridge_multihot_main_effects,KMT2A,4.871708283052125e-06,0.0007167588720697998,0.9989069438744665,0.9989070998973033
train,ridge_multihot_main_effects,LHX1,0.0001257548217416364,0.004033162631278294,0.9773016173123391,0.977326102586906
train,ridge_multihot_main_effects,LYL1,5.770469120701457e-06,0.0006203127085723792,0.9991260073013901,0.9991251421936416
train,ridge_multihot_main_effects,MAML2,6.225101591155872e-06,0.0007837367251007849,0.9972965111748836,0.9972962268579196
train,ridge_multihot_main_effects,MAP2K3,0.00016380893527726708,0.004396998160653254,0.9195472677755749,0.9195525963399817
train,ridge_multihot_main_effects,MAP2K6,0.00017273418504773144,0.004828585117330646,0.8324646226862867,0.8320244906994938
train,ridge_multihot_main_effects,MAP4K3,2.02973041502532e-06,0.0005282286119007183,0.998418393889005,0.9984154618016824
train,ridge_multihot_main_effects,MAP4K5,2.259839967565947e-06,0.000549816019566461,0.998620473859362,0.9986163748694027
train,ridge_multihot_main_effects,MAP7D1,0.00019918106876974588,0.0048651325717743495,0.8530030920400142,0.8536820638862653
train,ridge_multihot_main_effects,MAPK1,0.00031212806442742233,0.005773207404826219,0.9821259715858839,0.9821365513115247
train,ridge_multihot_main_effects,MEIS1,3.3375441156321664e-06,0.0005631300733781884,0.9987297291364734,0.9987373097238578
train,ridge_multihot_main_effects,MIDN,2.8130506071662136e-05,0.0016689299196871977,0.9998396655841101,0.9998409171232613
train,ridge_multihot_main_effects,NCL,4.3909138378854415e-06,0.0007071571216737545,0.9981716158659117,0.998172452942418
train,ridge_multihot_main_effects,NIT1,2.5138252730577005e-05,0.0016715837881052947,0.9997541974792202,0.9997550949912516
train,ridge_multihot_main_effects,OSR2,0.0002941257388280165,0.0061792128709704935,0.958178818032185,0.9590862883855559
train,ridge_multihot_main_effects,PLK4,0.0003012071086606679,0.00682740735942698,0.8443143163804249,0.8435397309295326
train,ridge_multihot_main_effects,POU3F2,8.911019365618003e-06,0.0008971007519791961,0.9996025526752803,0.9996035781562618
train,ridge_multihot_main_effects,PRDM1,5.009848022850421e-05,0.0018488994842799959,0.9999155212449989,0.9999156988072475
train,ridge_multihot_main_effects,PRTG,0.000245976822367172,0.005188684070556485,0.9761408974335265,0.9760912334587669
train,ridge_multihot_main_effects,PTPN1,2.6044383753998163e-05,0.0013834282843429022,0.9999068161378828,0.9999061972144366
train,ridge_multihot_main_effects,PTPN12,0.0002323115505475929,0.005898222444856197,0.9409623805107314,0.9400515261577047
train,ridge_multihot_main_effects,PTPN13,1.0320770713000235e-05,0.0009492732301794642,0.9995571185646802,0.9995582875405952
train,ridge_multihot_main_effects,PTPN9,0.00015762794354737348,0.004588863960347865,0.9500166719967075,0.9501146817769521
train,ridge_multihot_main_effects,RHOXF2BB,0.00024879249850446694,0.006007832104447638,0.9779966129579089,0.9780818462397771
train,ridge_multihot_main_effects,RREB1,9.569010319236799e-06,0.0009254534639855212,0.9996883708674547,0.999687879152461
train,ridge_multihot_main_effects,RUNX1T1,0.0001103681594839195,0.0035977835961218565,0.7839170205425819,0.7823840582665916
train,ridge_multihot_main_effects,S1PR2,0.00016539234768762388,0.00435938663736525,0.9747855216433478,0.9746459839868925
train,ridge_multihot_main_effects,SAMD1,0.00020285953663032362,0.005582773840846355,0.9680028000601978,0.9680719601401617
train,ridge_multihot_main_effects,SET,0.00035824854521618137,0.006484654214570468,0.9729148421491938,0.972621902779249
train,ridge_multihot_main_effects,SGK1,0.0001831147882264579,0.004724641597846996,0.962783427320681,0.962475541922099
train,ridge_multihot_main_effects,SLC38A2,9.371263270852751e-05,0.003591347777409899,0.8929034403842654,0.8926983221830805
train,ridge_multihot_main_effects,SLC4A1,2.1397760940863867e-05,0.0012278239774432711,0.999614341725325,0.9996164488090459
train,ridge_multihot_main_effects,SLC6A9,8.068923358357512e-06,0.0008400213239731287,0.999379612070549,0.9993818338319841
train,ridge_multihot_main_effects,SNAI1,0.00047802506416833116,0.00794059782420669,0.9437325675409604,0.9433132980585043
train,ridge_multihot_main_effects,SPI1,0.00041838964140557744,0.007446067737984303,0.9762765659852364,0.9762151867935468
train,ridge_multihot_main_effects,STIL,0.0002772540697333505,0.006546134683784219,0.8978655006309832,0.8970759466875532
train,ridge_multihot_main_effects,TBX2,9.332803295294078e-05,0.0033701241979244767,0.9866535139481231,0.986654119088292
train,ridge_multihot_main_effects,TBX3,3.0164874381336112e-05,0.000870284478650307,0.9997581769634011,0.9997581288038287
train,ridge_multihot_main_effects,TGFBR2,0.00023117700699572144,0.005340925442089373,0.754372201198773,0.7540949818890582
train,ridge_multihot_main_effects,TMSB4X,1.107409677818636e-05,0.000590811704266243,0.9992136266641437,0.9992132448157562
train,ridge_multihot_main_effects,TP73,0.0001145219548779873,0.0031080773538279417,0.9999692004149792,0.9999692725756549
train,ridge_multihot_main_effects,TSC22D1,4.63226201827406e-06,0.0005901823500037457,0.998826224392785,0.9988290982646408
train,ridge_multihot_main_effects,UBASH3A,0.000520075340101245,0.007219946008631823,0.73727262066942,0.7358264910187838
train,ridge_multihot_main_effects,UBASH3B,0.0002686716052313433,0.00501281778005746,0.9444857992618511,0.944144375722596
train,ridge_multihot_main_effects,ZBTB1,0.00011951720569791386,0.004256386053960112,0.9816635133406354,0.9816682632992426
train,ridge_multihot_main_effects,ZBTB10,0.00037406250580529076,0.007852285319212103,0.9749333561961051,0.974932094697151
train,ridge_multihot_main_effects,ZBTB25,0.00031086901614784914,0.006136217499664881,0.9322858657088807,0.9319146039155665
train,ridge_multihot_main_effects,ZC3HAV1,6.84644497322105e-05,0.0030217335549408584,0.9438915746944114,0.9443179936142091
train,ridge_multihot_main_effects,ZNF318,8.894320248066e-05,0.00337643555750328,0.9441456068797812,0.944226100015423
train,ridge_multihot_main_effects,AHR+FEV,0.0004517867051577451,0.00671573282425928,0.991277320233051,0.9913633037267684
train,ridge_multihot_main_effects,BAK1+BCL2L11,7.335425971514311e-05,0.0031154382570602827,0.9063939372880564,0.9064474279440065
train,ridge_multihot_main_effects,BCL2L11+TGFBR2,7.465022853121835e-05,0.0032800487324051108,0.9566620682975973,0.9567783015613881
train,ridge_multihot_main_effects,BPGM+SAMD1,9.459164592216436e-05,0.003951526457801101,0.9927869147796098,0.9927689371949948
train,ridge_multihot_main_effects,C19orf26+TGFBR2,0.00026797636102560737,0.0054196080405048315,0.9779323811306244,0.9779320972807374
train,ridge_multihot_main_effects,CBL+PTPN12,0.0002995206706532732,0.006807785746279535,0.9799721915768598,0.979705887839988
train,ridge_multihot_main_effects,CBL+PTPN9,0.0001267151290193327,0.004441410440297521,0.9893856703072376,0.9892605761753845
train,ridge_multihot_main_effects,CBL+TGFBR2,0.00023018963092594406,0.005944041092833479,0.9702590747528516,0.9702710657812181
train,ridge_multihot_main_effects,CBL+UBASH3A,0.0005448338104925751,0.009146221414415283,0.9596382173134037,0.9595944243766574
train,ridge_multihot_main_effects,CBL+UBASH3B,0.00047476672581254586,0.007000804021970061,0.9904885756560081,0.9904954169744774
train,ridge_multihot_main_effects,CDKN1A+CDKN1B,0.00010182624317953376,0.004294061130102038,0.9923580860011538,0.9923580822805786
train,ridge_multihot_main_effects,CDKN1A+CDKN1C,0.00015283127770469545,0.0050230515382863414,0.9891200835134759,0.9891045279756013
train,ridge_multihot_main_effects,CDKN1B+CDKN1C,0.00014492965900541788,0.0049218407683606245,0.9860278314673606,0.986028909234359
train,ridge_multihot_main_effects,CEBPA+JUN,0.0008388173430474415,0.011336820691943732,0.9895111959103956,0.989655381688048
train,ridge_multihot_main_effects,CEBPA+KLF1,0.0010076475585640056,0.010853822188282156,0.9805254237942969,0.980786800775599
train,ridge_multihot_main_effects,CEBPB+FOSB,0.00252137892130957,0.01751197856081542,0.9648943545851801,0.9652262893517768
train,ridge_multihot_main_effects,CEBPB+JUN,0.0006936300399733291,0.010978766201513411,0.9771794757270839,0.97748794094282
train,ridge_multihot_main_effects,CEBPB+MAPK1,0.0007390168329586328,0.009728621175051641,0.9742792080921109,0.9746019162406517
train,ridge_multihot_main_effects,CEBPB+OSR2,0.00035013997585587215,0.0074452025158534,0.9857280470280643,0.98602562575221
train,ridge_multihot_main_effects,CEBPB+PTPN12,0.0008679657302457553,0.010510214155885645,0.9078175088790429,0.9084425363664899
train,ridge_multihot_main_effects,CEBPE+CNN1,0.0008072405974781898,0.009930870217136147,0.9229816278793505,0.9231729884880258
train,ridge_multihot_main_effects,CEBPE+ETS2,0.00032118057661981056,0.006649645818355267,0.9813658939150995,0.9816232160081544
train,ridge_multihot_main_effects,CEBPE+KLF1,0.0009196925260726863,0.010133399576146514,0.8783194271766606,0.8794805112913868
train,ridge_multihot_main_effects,CEBPE+RUNX1T1,0.00010894350681695516,0.003673933996793258,0.9905613127353237,0.9906356775773937
train,ridge_multihot_main_effects,CEBPE+SPI1,0.0017331250644752828,0.01420154818789956,0.9844670869688799,0.9845654748478928
train,ridge_multihot_main_effects,CLDN6+KLF1,0.00041677409626381313,0.0072231884166041125,0.9759226711075225,0.9755585455901635
train,ridge_multihot_main_effects,CNN1+ETS2,0.0003416864012134058,0.005985143738317677,0.9431764681381949,0.943135088625803
train,ridge_multihot_main_effects,CNN1+MAPK1,0.0005515793470830768,0.006761446477863933,0.8961003909162437,0.8960752734979357
train,ridge_multihot_main_effects,CNN1+UBASH3A,0.0015238571676920959,0.011724048683099765,0.9768328505309322,0.9767386921180617
train,ridge_multihot_main_effects,CNN1+UBASH3B,0.0006859483370494112,0.007872507690016984,0.9833642450214035,0.9833087222459059
train,ridge_multihot_main_effects,DLX2+ZBTB10,0.0008768501466808535,0.010239517371487717,0.9837931782752991,0.9838218593025263
train,ridge_multihot_main_effects,DUSP9+IGDCC3,0.0001846618053300754,0.005341927187416313,0.9898211293613552,0.9898361792116859
train,ridge_multihot_main_effects,DUSP9+KLF1,0.0006160921472276979,0.00836313735991641,0.972086618541589,0.9721288434585297
train,ridge_multihot_main_effects,DUSP9+MAPK1,0.0010896890427860178,0.011149714183687282,0.8643359702742966,0.8656158091863613
train,ridge_multihot_main_effects,DUSP9+PRTG,0.00021960781693344965,0.005853317805329566,0.9891845689819423,0.9892022179181791
train,ridge_multihot_main_effects,DUSP9+SNAI1,0.0012285364974246183,0.01218540507309616,0.9666765315081961,0.966922874978295
train,ridge_multihot_main_effects,ELMSAN1+LHX1,0.00012363935755096734,0.004024704246981162,0.9842609543326589,0.9842295420723286
train,ridge_multihot_main_effects,ELMSAN1+MAP2K3,0.0001326564350320382,0.004138569921748372,0.9794242789560136,0.9794236962406357
train,ridge_multihot_main_effects,ELMSAN1+MAP2K6,0.00016190493404367938,0.004819070960674473,0.9487428915377727,0.9485864515064877
train,ridge_multihot_main_effects,ELMSAN1+ZBTB10,0.0003979235481142318,0.007806353498102506,0.9814772272599792,0.9816500347422161
train,ridge_multihot_main_effects,ETS2+IKZF3,0.0003415645379162516,0.005944960227046218,0.9864054512009298,0.9864967737104866
train,ridge_multihot_main_effects,ETS2+MAP7D1,0.00023470602851772605,0.005251719872215095,0.9858622075557506,0.9859379832342531
train,ridge_multihot_main_effects,ETS2+MAPK1,0.0009125542536022302,0.010147119058365725,0.9549112884443872,0.9551863254567715
train,ridge_multihot_main_effects,ETS2+TGFBR2,0.00030971803328566655,0.0061288204560320326,0.8839587090496529,0.884762558156189
train,ridge_multihot_main_effects,FOSB+IKZF3,0.0006752856483480657,0.009012548958938122,0.9709734880447817,0.9710055337813782
train,ridge_multihot_main_effects,FOSB+OSR2,0.000519524964658104,0.008033209198127271,0.9774574667686788,0.9778670299656729
train,ridge_multihot_main_effects,FOSB+PTPN12,0.0004905861522517774,0.007579828733685076,0.8483913748577921,0.8477666331908509
train,ridge_multihot_main_effects,FOSB+UBASH3B,0.0004845650006623635,0.007760924433532686,0.8857746304354241,0.8860403707074773
train,ridge_multihot_main_effects,FOXA1+FOXA3,0.00011705736334657637,0.004253279158710503,0.9924310729344171,0.9924661051107715
train,ridge_multihot_main_effects,FOXA1+FOXF1,0.00012322031799263876,0.004247591212698571,0.9909721425453033,0.990957367512571
train,ridge_multihot_main_effects,FOXA1+HOXB9,0.00014677659416596393,0.0045915478054095165,0.994376837732114,0.994439960876995
train,ridge_multihot_main_effects,FOXL2+ZNF318,0.00010591092960826155,0.0035855756050541224,0.9850057657146799,0.9849960064306329
train,ridge_multihot_main_effects,HOXC13+ZC3HAV1,6.562142964973254e-05,0.0030001637903517495,0.9881501453819467,0.9881551941260144
train,ridge_multihot_main_effects,IGDCC3+PRTG,0.0003202663432366338,0.0064041743684932345,0.9799226874912492,0.9798778264846084
train,ridge_multihot_main_effects,IGDCC3+TGFBR2,0.0001282546653551881,0.004501190008653241,0.9847237658596063,0.9847242928561043
train,ridge_multihot_main_effects,IKZF3+MAP2K3,0.00029885020369892657,0.005405389490950288,0.9843073624369235,0.98431413378897
train,ridge_multihot_main_effects,IKZF3+MAP2K6,0.0003222144138640713,0.006476815324577866,0.9821017987397451,0.9820613497856274
train,ridge_multihot_main_effects,IRF1+SET,0.00028685078413448787,0.005742513161061032,0.9868976519645846,0.9869422465654728
train,ridge_multihot_main_effects,KIF18B+KIF2C,0.00011363806209789882,0.004271411951231522,0.9598592646941542,0.959868329839725
train,ridge_multihot_main_effects,KLF1+SET,0.0006151496357000153,0.0075130507804092184,0.9399362162874251,0.9399355054963049
train,ridge_multihot_main_effects,MAP2K3+SLC38A2,7.825932849971098e-05,0.003346088362688384,0.9717372809493028,0.971682783843926
train,ridge_multihot_main_effects,MAP2K6+SPI1,0.0009600947690869576,0.010594449196891212,0.8953269040106523,0.8946895408410335
train,ridge_multihot_main_effects,MAPK1+TGFBR2,0.00024967411367042363,0.005731158106079256,0.9713171598518074,0.9713650480600089
train,ridge_multihot_main_effects,OSR2+PTPN12,0.00037993543065494636,0.006955249899024415,0.8754350624671013,0.875939964505911
train,ridge_multihot_main_effects,PLK4+STIL,0.0003435086445420867,0.0071991353308214,0.9838945306939351,0.9838699968724861
train,ridge_multihot_main_effects,PRTG+TGFBR2,0.00017698248392220383,0.005223451385748059,0.9849973669733738,0.9849955324722345
train,ridge_multihot_main_effects,PTPN12+SAMD1,0.0002892584995980573,0.006718375127402939,0.9822981173676315,0.9822981209071057
train,ridge_multihot_main_effects,PTPN12+SNAI1,0.00031059959250540856,0.006765142728936963,0.9445238793603107,0.9445486731376992
train,ridge_multihot_main_effects,PTPN12+ZBTB10,0.0005001139003666354,0.008170646313032822,0.9662100834804265,0.9662418467651803
train,ridge_multihot_main_effects,PTPN12+ZBTB25,0.00035754156308650365,0.00687998167553266,0.9783214635881964,0.9780451378630257
train,ridge_multihot_main_effects,PTPN9+UBASH3B,0.00018826086729235582,0.00496117274929253,0.9894428513651539,0.9892016137031724
train,ridge_multihot_main_effects,RHOXF2BB+SET,0.0003226548318625765,0.006563641491339987,0.9805373788797622,0.9805683515975842
train,ridge_multihot_main_effects,RHOXF2BB+ZBTB25,0.0002160401461874965,0.005691093027050085,0.9878452411632095,0.9877711751601823
train,ridge_multihot_main_effects,S1PR2+SGK1,0.00022051766289083144,0.00492967683585995,0.988511188121494,0.9884762818817104
train,ridge_multihot_main_effects,SAMD1+TGFBR2,0.0004218938716620159,0.008557709330264592,0.9597028988114302,0.9597393489395081
train,ridge_multihot_main_effects,SAMD1+ZBTB1,0.00012182346358612977,0.004475517519779133,0.9931129057590172,0.9931265072331127
train,ridge_multihot_main_effects,SGK1+TBX2,8.473048331977615e-05,0.003344630323092644,0.9938009281111899,0.9938013894571164
train,ridge_multihot_main_effects,UBASH3A+UBASH3B,0.00047497920547132896,0.007014768033394014,0.9511359526996712,0.951150286186351
train,ridge_multihot_main_effects,UBASH3B+ZBTB25,0.00011591859502550009,0.0044211893972415615,0.9901023926388484,0.9901069346456681
validation,control_only,BAK1+KLF1,0.0030840216578437987,0.012426997233520946,,
validation,control_only,BAK1+TMSB4X,0.00153311611358299,0.007476186642373451,,
validation,control_only,BPGM+ZBTB1,0.0058637805045877,0.01897040235500599,,
validation,control_only,CBFA2T3+FEV,0.01601957708405882,0.038804750733671865,,
validation,control_only,CEBPA+CEBPE,0.03644777716212404,0.060531360092960715,,
validation,control_only,CEBPA+ZC3HAV1,0.02749661014629957,0.0526500824424002,,
validation,control_only,CEBPB+CEBPE,0.02013704943264648,0.04675149724055119,,
validation,control_only,COL2A1+KLF1,0.005652434524204954,0.02029938603237553,,
validation,control_only,ETS2+IGDCC3,0.002381931449944846,0.01390838354091704,,
validation,control_only,ETS2+PRTG,0.003111073837665772,0.016063200713730633,,
validation,control_only,FEV+ISL2,0.010080081347390206,0.02915338298664267,,
validation,control_only,FEV+MAP7D1,0.00752785068427582,0.02434212199876365,,
validation,control_only,FOXA1+KLF1,0.004237270733102939,0.01862842203876872,,
validation,control_only,FOXA3+FOXF1,0.004713604347114183,0.02285743058311763,,
validation,control_only,FOXL2+HOXB9,0.009891459492669669,0.03302816445837958,,
validation,control_only,IER5L+LYL1,0.005520074346675824,0.02149400207735111,,
validation,control_only,IGDCC3+MAPK1,0.0023791011284189202,0.01434874034348392,,
validation,control_only,IGDCC3+ZBTB25,0.009018170341642089,0.026227238553516573,,
validation,control_only,KLF1+TGFBR2,0.0038863682720988997,0.013382283194779706,,
validation,control_only,MAPK1+PRTG,0.0028234004230936883,0.015892943230590546,,
validation,control_only,OSR2+UBASH3B,0.001112443210848906,0.008592617479200294,,
validation,control_only,PTPN12+PTPN9,0.005935936251702749,0.020087520509794964,,
validation,control_only,PTPN12+UBASH3A,0.007888749095111303,0.022559623561732346,,
validation,control_only,PTPN12+UBASH3B,0.006895512967091732,0.021151587466293285,,
validation,control_only,SAMD1+UBASH3B,0.006728225840437133,0.022738608728268966,,
validation,control_only,SNAI1+ZBTB10,0.01583532355319164,0.04096586931816777,,
validation,train_condition_balanced_perturbed_mean,BAK1+KLF1,0.0036323111382715488,0.01742539230187946,0.17710360926683988,0.17890033480309497
validation,train_condition_balanced_perturbed_mean,BAK1+TMSB4X,0.002217575423233213,0.012308749391282875,0.20538404410235908,0.20457586156528318
validation,train_condition_balanced_perturbed_mean,BPGM+ZBTB1,0.0032496343219049545,0.014623653798068638,0.7138286983119786,0.7135283782245546
validation,train_condition_balanced_perturbed_mean,CBFA2T3+FEV,0.011735631003043982,0.03256881375124676,0.6155050117639723,0.6181844545170405
validation,train_condition_balanced_perturbed_mean,CEBPA+CEBPE,0.030727607055946786,0.0549108216110046,0.5125620569513717,0.5161767887533547
validation,train_condition_balanced_perturbed_mean,CEBPA+ZC3HAV1,0.023281249781281717,0.04776240626658749,0.46190226916768373,0.4660033131632891
validation,train_condition_balanced_perturbed_mean,CEBPB+CEBPE,0.016069339881648548,0.041020620012131324,0.5262326497935278,0.5298329198518045
validation,train_condition_balanced_perturbed_mean,COL2A1+KLF1,0.0056514173692611665,0.02053459278517299,0.23161789749692968,0.23542585604694963
validation,train_condition_balanced_perturbed_mean,ETS2+IGDCC3,0.001515150585435371,0.011558360359385332,0.6122909212125031,0.6134249402574391
validation,train_condition_balanced_perturbed_mean,ETS2+PRTG,0.001658612428809693,0.012320779092732718,0.6844534489042121,0.6851802718230104
validation,train_condition_balanced_perturbed_mean,FEV+ISL2,0.007133788073294304,0.024355850820903222,0.5880999425537652,0.5909768032750238
validation,train_condition_balanced_perturbed_mean,FEV+MAP7D1,0.0055570587578355575,0.02113476510651867,0.5218094724384497,0.5249268628951771
validation,train_condition_balanced_perturbed_mean,FOXA1+KLF1,0.0029479420800500996,0.015426665586488414,0.5484270026082079,0.5516807665630572
validation,train_condition_balanced_perturbed_mean,FOXA3+FOXF1,0.0025036553788082335,0.016462670631091886,0.7107498871509114,0.7126139981442849
validation,train_condition_balanced_perturbed_mean,FOXL2+HOXB9,0.006087716572522136,0.02621249636376587,0.7166553860592356,0.718455652239561
validation,train_condition_balanced_perturbed_mean,IER5L+LYL1,0.002461455493719423,0.013953768228876317,0.8194473897145157,0.8199723738837082
validation,train_condition_balanced_perturbed_mean,IGDCC3+MAPK1,0.0021814563921775587,0.013782766122632021,0.41891545028520494,0.419866838789268
validation,train_condition_balanced_perturbed_mean,IGDCC3+ZBTB25,0.005082403699425645,0.020887906235533552,0.7764788269934813,0.7720906929256341
validation,train_condition_balanced_perturbed_mean,KLF1+TGFBR2,0.003672560060894047,0.01672748155722383,0.3310527173743327,0.3321731587792604
validation,train_condition_balanced_perturbed_mean,MAPK1+PRTG,0.0022829702933307885,0.014317391010987494,0.4748171696581361,0.4766098913654341
validation,train_condition_balanced_perturbed_mean,OSR2+UBASH3B,0.0018715861432904975,0.01180507857992682,0.2025262645523615,0.20850881912849617
validation,train_condition_balanced_perturbed_mean,PTPN12+PTPN9,0.0034440902146639736,0.01656493588162499,0.6918130940883557,0.6867393890231163
validation,train_condition_balanced_perturbed_mean,PTPN12+UBASH3A,0.004669924579825627,0.01833276679877373,0.7157445206739553,0.7114080907237752
validation,train_condition_balanced_perturbed_mean,PTPN12+UBASH3B,0.004119732780524887,0.017295581737944564,0.6896280426757462,0.6855013021714691
validation,train_condition_balanced_perturbed_mean,SAMD1+UBASH3B,0.00307633388494479,0.016050247427607026,0.8465743144798673,0.8449547190701984
validation,train_condition_balanced_perturbed_mean,SNAI1+ZBTB10,0.011981829670521181,0.03539116771608766,0.5710086750526703,0.5734165196312632
validation,matching_single_mean,BAK1+KLF1,0.0007501362581596679,0.00722520736545472,0.9723498441716126,0.9723789697701652
validation,matching_single_mean,BAK1+TMSB4X,0.0005115976214410539,0.005970559819900867,0.9214923814600842,0.9214924300461776
validation,matching_single_mean,BPGM+ZBTB1,0.0010490862420110374,0.009242460391677197,0.9633481546690973,0.9630507179241972
validation,matching_single_mean,CBFA2T3+FEV,0.009383007402272455,0.0303528738950851,0.8478190837522964,0.8493522738550632
validation,matching_single_mean,CEBPA+CEBPE,0.0036415641115030034,0.01988877521407795,0.9799155251617331,0.9801712839725799
validation,matching_single_mean,CEBPA+ZC3HAV1,0.005811089246153624,0.025236952012867072,0.9755717356306493,0.9757931317139786
validation,matching_single_mean,CEBPB+CEBPE,0.004153197470026484,0.022991413263911253,0.9420451730443334,0.942793432036618
validation,matching_single_mean,COL2A1+KLF1,0.001948213902629009,0.013061130744130792,0.8609214832437936,0.8616068597314578
validation,matching_single_mean,ETS2+IGDCC3,0.0007343190805551663,0.00828293538417921,0.8603358067657473,0.8606607985438914
validation,matching_single_mean,ETS2+PRTG,0.0009246175767996086,0.009448838947730529,0.8885888953378731,0.8886472049972738
validation,matching_single_mean,FEV+ISL2,0.004401579064344092,0.0204692915502607,0.9249110720222824,0.925747193872373
validation,matching_single_mean,FEV+MAP7D1,0.0027881385578986152,0.016146875798970502,0.9260399729674035,0.9266836120466116
validation,matching_single_mean,FOXA1+KLF1,0.0016535353439949055,0.013081184113268111,0.8599593859631478,0.8589108518745556
validation,matching_single_mean,FOXA3+FOXF1,0.001857410235088554,0.015314610176873432,0.8963427822339091,0.894435793314587
validation,matching_single_mean,FOXL2+HOXB9,0.0039523299994314,0.021919465922675307,0.9199127473856601,0.9203446055098812
validation,matching_single_mean,IER5L+LYL1,0.0018420659224176285,0.013571523796725582,0.9182903501589756,0.9181303855773123
validation,matching_single_mean,IGDCC3+MAPK1,0.0007169701738675388,0.008568553846598423,0.8377807652753277,0.8377803470993364
validation,matching_single_mean,IGDCC3+ZBTB25,0.0031289068501445644,0.01706943910665215,0.9451115109319096,0.9451360695364789
validation,matching_single_mean,KLF1+TGFBR2,0.0010211429430544907,0.008615079646831577,0.9580122952368162,0.957959377221653
validation,matching_single_mean,MAPK1+PRTG,0.0009375834151816785,0.00957268223143222,0.8208771407919659,0.8212952768335456
validation,matching_single_mean,OSR2+UBASH3B,0.00042794848811020687,0.006512693461154815,0.7817730755111251,0.7844246495633735
validation,matching_single_mean,PTPN12+PTPN9,0.0019944385295599374,0.012538295560073324,0.9428379361967574,0.9429176167003936
validation,matching_single_mean,PTPN12+UBASH3A,0.004272026425479506,0.017043003422366018,0.9049772544981859,0.9050550125308282
validation,matching_single_mean,PTPN12+UBASH3B,0.0025495152876622296,0.013578384122502025,0.9412703782692843,0.941301505258861
validation,matching_single_mean,SAMD1+UBASH3B,0.0021028456176643085,0.013751506024141432,0.9530746202532681,0.9530773766223066
validation,matching_single_mean,SNAI1+ZBTB10,0.005731062330006652,0.025850433446921266,0.9065171722149878,0.9068335794423625
validation,additive,BAK1+KLF1,0.00020102766394163306,0.005545071016950535,0.9723498441716126,0.9723789697701652
validation,additive,BAK1+TMSB4X,0.00023800863056451984,0.006225496961963698,0.9214923814600842,0.9214924300461776
validation,additive,BPGM+ZBTB1,0.0009915345264469525,0.010271157123259805,0.9633481546690973,0.9630507179241972
validation,additive,CBFA2T3+FEV,0.005537815446002957,0.023865590936469325,0.8478190837522964,0.8493522738550632
validation,additive,CEBPA+CEBPE,0.010097995831433396,0.03351938441952581,0.9799155251617331,0.9801712839725799
validation,additive,CEBPA+ZC3HAV1,0.0020825440159396714,0.017811269141878326,0.9755717356306493,0.9757931317139786
validation,additive,CEBPB+CEBPE,0.0043782343200201145,0.022501761228367237,0.9420451730443334,0.942793432036618
validation,additive,COL2A1+KLF1,0.0018731401421018291,0.01333707894195685,0.8609214832437936,0.8616068597314578
validation,additive,ETS2+IGDCC3,0.0010333935332065846,0.01062941988728267,0.8603358067657473,0.8606607985438914
validation,additive,ETS2+PRTG,0.0009325690642003622,0.009916962225796612,0.8885888953378731,0.8886472049972738
validation,additive,FEV+ISL2,0.0016932580584918908,0.01411006153411367,0.9249110720222824,0.925747193872373
validation,additive,FEV+MAP7D1,0.0010704342283876817,0.011684143281370253,0.9260399729674035,0.9266836120466116
validation,additive,FOXA1+KLF1,0.001198536924605994,0.011509864621772838,0.8599593859631478,0.8589108518745556
validation,additive,FOXA3+FOXF1,0.0009434911474707022,0.012114882276405165,0.8963427822339091,0.894435793314587
validation,additive,FOXL2+HOXB9,0.00156553652917206,0.015208126216142785,0.9199127473856601,0.9203446055098812
validation,additive,IER5L+LYL1,0.0009000052805206901,0.01077527489339608,0.9182903501589756,0.9181303855773123
validation,additive,IGDCC3+MAPK1,0.001956261941993489,0.01402969162715638,0.8377807652753277,0.8377803470993364
validation,additive,IGDCC3+ZBTB25,0.0009735387400578537,0.011673578092440854,0.9451115109319096,0.9451360695364789
validation,additive,KLF1+TGFBR2,0.00036557223493600044,0.007234718192917641,0.9580122952368162,0.957959377221653
validation,additive,MAPK1+PRTG,0.0021443158509424584,0.014527499004710343,0.8208771407919659,0.8212952768335456
validation,additive,OSR2+UBASH3B,0.00112578360844998,0.011659353909495941,0.7817730755111251,0.7844246495633735
validation,additive,PTPN12+PTPN9,0.0006585432958992368,0.009458391369517179,0.9428379361967574,0.9429176167003936
validation,additive,PTPN12+UBASH3A,0.002118258728799579,0.013226867562543631,0.9049772544981859,0.9050550125308282
validation,additive,PTPN12+UBASH3B,0.0008197354487361985,0.009498384747728121,0.9412703782692843,0.941301505258861
validation,additive,SAMD1+UBASH3B,0.0006177498932904824,0.00915911297934014,0.9530746202532681,0.9530773766223066
validation,additive,SNAI1+ZBTB10,0.002850155728583449,0.020494658995962197,0.9065171722149878,0.9068335794423625
validation,ridge_multihot_main_effects,BAK1+KLF1,0.0004842726455901331,0.008390511303683125,0.9191066580582649,0.9186764313897087
validation,ridge_multihot_main_effects,BAK1+TMSB4X,0.00037220294536868077,0.007326337033331027,0.8707569347913223,0.870754112094486
validation,ridge_multihot_main_effects,BPGM+ZBTB1,0.0005280499230181404,0.009123749957436537,0.9583636611179399,0.9579336884978177
validation,ridge_multihot_main_effects,CBFA2T3+FEV,0.005688051802391901,0.024236335658636844,0.8566863098958278,0.8582714383616123
validation,ridge_multihot_main_effects,CEBPA+CEBPE,0.004005677143476582,0.020520448254862843,0.9681654534446873,0.9685719432067288
validation,ridge_multihot_main_effects,CEBPA+ZC3HAV1,0.0017452579728765808,0.01627443167259133,0.9675690493785826,0.9678593064721812
validation,ridge_multihot_main_effects,CEBPB+CEBPE,0.0017494434441789504,0.0160084847157108,0.9551209420052568,0.9557788321802596
validation,ridge_multihot_main_effects,COL2A1+KLF1,0.0017520275194683494,0.014060838517758453,0.8392805217562054,0.8398041850648383
validation,ridge_multihot_main_effects,ETS2+IGDCC3,0.000935746218064205,0.009871253407563256,0.8151662312902783,0.8154201402318072
validation,ridge_multihot_main_effects,ETS2+PRTG,0.0009282367605772198,0.0099208457322929,0.8495258792119463,0.849094576913823
validation,ridge_multihot_main_effects,FEV+ISL2,0.0018708846567416927,0.01479135403078414,0.9248772342920306,0.9257458100783558
validation,ridge_multihot_main_effects,FEV+MAP7D1,0.0007655136422822843,0.009999991519111478,0.948874883505468,0.9492888238641338
validation,ridge_multihot_main_effects,FOXA1+KLF1,0.001128871716086809,0.011566936708909282,0.8626829657720807,0.8626522553165614
validation,ridge_multihot_main_effects,FOXA3+FOXF1,0.0007149483395226028,0.010668306936609787,0.9267576942180836,0.9265525022106632
validation,ridge_multihot_main_effects,FOXL2+HOXB9,0.001537442063764637,0.015116958744730942,0.9328147639940797,0.9332939830303479
validation,ridge_multihot_main_effects,IER5L+LYL1,0.0010836963359509573,0.011958071188469852,0.9045631710096593,0.9044167168394596
validation,ridge_multihot_main_effects,IGDCC3+MAPK1,0.0009970807887441334,0.01022124526541591,0.8361911106316289,0.8362045176249004
validation,ridge_multihot_main_effects,IGDCC3+ZBTB25,0.0009979195680099942,0.011624859303792676,0.9592259153606314,0.9592112298874124
validation,ridge_multihot_main_effects,KLF1+TGFBR2,0.000499226521959238,0.008484000015301842,0.9343074432021217,0.9336942502269291
validation,ridge_multihot_main_effects,MAPK1+PRTG,0.0011812656398023686,0.01096142710137802,0.8142429040672805,0.8146991486238772
validation,ridge_multihot_main_effects,OSR2+UBASH3B,0.0010847030701468766,0.011116430858355978,0.7226196667520363,0.7260884107612244
validation,ridge_multihot_main_effects,PTPN12+PTPN9,0.0006521590996505985,0.009404204012335493,0.9465106146931547,0.9460738727123633
validation,ridge_multihot_main_effects,PTPN12+UBASH3A,0.00144289117964351,0.012123525140127843,0.9449905697123633,0.9449335107919904
validation,ridge_multihot_main_effects,PTPN12+UBASH3B,0.0007108963629734265,0.010056823888240852,0.9487357865107119,0.9484161006176122
validation,ridge_multihot_main_effects,SAMD1+UBASH3B,0.0003407185441988451,0.007746753698427149,0.9747417608687958,0.9747379694040091
validation,ridge_multihot_main_effects,SNAI1+ZBTB10,0.002606753141895263,0.019488352448448338,0.9209546833034843,0.9214382720145006
test,control_only,AHR+KLF1,0.004283381335147478,0.01499957382240557,,
test,control_only,C3orf72+FOXL2,0.005938927209904181,0.02638573430967064,,
test,control_only,CBFA2T3+POU3F2,0.00451304508255929,0.021759879799557996,,
test,control_only,CBFA2T3+PRDM1,0.013466859244105312,0.03651137252667059,,
test,control_only,CBL+CNN1,0.012436365152139613,0.027495955628290186,,
test,control_only,CEBPA+CEBPB,0.03282782049705606,0.05966500142237741,,
test,control_only,CEBPB+LYL1,0.004538889508013196,0.020495431109508883,,
test,control_only,CEBPE+FOSB,0.017846860552300732,0.04245312982152592,,
test,control_only,CEBPE+PTPN12,0.0024444159571353936,0.014674387463466212,,
test,control_only,CEBPE+SET,0.004200455423063008,0.017928848370280425,,
test,control_only,CEBPE+ZC3HAV1,0.001778520705355142,0.011677853639499391,,
test,control_only,DLX2+SNAI1,0.009413914076099249,0.03014789143711341,,
test,control_only,DUSP9+ETS2,0.004152217458053925,0.016549303288420306,,
test,control_only,FOXA1+FOXL2,0.005879311678354914,0.025470604588318683,,
test,control_only,FOXA3+FOXL2,0.01307491754917376,0.038635619116374115,,
test,control_only,FOXA3+HOXB9,0.009533998982914247,0.032377176713364014,,
test,control_only,FOXF1+FOXL2,0.008633016812998735,0.030943294108242033,,
test,control_only,FOXF1+HOXB9,0.005639072665947941,0.024655558122204515,,
test,control_only,FOXL2+MEIS1,0.004745239936635247,0.02258423639516052,,
test,control_only,FOXL2+POU3F2,0.007670075080100493,0.027959601148448837,,
test,control_only,IKZF3+MAPK1,0.00761871380128362,0.024682263202968763,,
test,control_only,KLF1+MAP2K6,0.002944189006848929,0.01301741447435844,,
test,control_only,MAP2K3+MAP2K6,0.0009168683911417747,0.008858417739081229,,
test,control_only,SGK1+TBX3,0.006861413782279424,0.018977326683327907,,
test,control_only,SNAI1+UBASH3B,0.0026050678009574358,0.015425101005206119,,
test,control_only,TBX2+TBX3,0.005640300149076015,0.016510530001933612,,
test,train_condition_balanced_perturbed_mean,AHR+KLF1,0.004155129829729098,0.017725030957307864,0.29353380197317097,0.2979257199417049
test,train_condition_balanced_perturbed_mean,C3orf72+FOXL2,0.003563139567928477,0.021327417014117937,0.6653152648512164,0.6652780124650155
test,train_condition_balanced_perturbed_mean,CBFA2T3+POU3F2,0.002189024527925583,0.015353676469574225,0.7507854786317132,0.7522790275003316
test,train_condition_balanced_perturbed_mean,CBFA2T3+PRDM1,0.007844603728792893,0.028974672177231594,0.8364083492728249,0.8372549956825222
test,train_condition_balanced_perturbed_mean,CBL+CNN1,0.008234366902560337,0.02263012611637094,0.6945035819833335,0.6912242599906745
test,train_condition_balanced_perturbed_mean,CEBPA+CEBPB,0.027718432716845723,0.054229176146844776,0.49229775165274076,0.49623979082242453
test,train_condition_balanced_perturbed_mean,CEBPB+LYL1,0.002908593334091267,0.015449061631140688,0.6020153193250384,0.6045772078980277
test,train_condition_balanced_perturbed_mean,CEBPE+FOSB,0.014393648478931887,0.0370952066388791,0.4937948950538465,0.4977804185975916
test,train_condition_balanced_perturbed_mean,CEBPE+PTPN12,0.0016030204853719086,0.011730463342308664,0.5966516046220199,0.5982759521415175
test,train_condition_balanced_perturbed_mean,CEBPE+SET,0.003932625868459954,0.0162468050749615,0.32983916841670885,0.3312953655957495
test,train_condition_balanced_perturbed_mean,CEBPE+ZC3HAV1,0.002812396629014019,0.015127366182624398,0.07009914753918636,0.07281716792717793
test,train_condition_balanced_perturbed_mean,DLX2+SNAI1,0.006810980183528399,0.02538647279278443,0.5627138144629307,0.561504657880578
test,train_condition_balanced_perturbed_mean,DUSP9+ETS2,0.0023461837048552184,0.012866350972591624,0.6692193012657114,0.6706529622884015
test,train_condition_balanced_perturbed_mean,FOXA1+FOXL2,0.003229714203849566,0.018720477645275225,0.7173078369219489,0.7191209692619172
test,train_condition_balanced_perturbed_mean,FOXA3+FOXL2,0.008586599108370632,0.03164164462296807,0.7076427077421615,0.709529935814725
test,train_condition_balanced_perturbed_mean,FOXA3+HOXB9,0.0054620686862723875,0.024496502120616576,0.769379193029217,0.7706262582242694
test,train_condition_balanced_perturbed_mean,FOXF1+FOXL2,0.00529689555399221,0.023783403115062773,0.6959200852230975,0.6978965234720581
test,train_condition_balanced_perturbed_mean,FOXF1+HOXB9,0.0030406922909266406,0.017577189959119034,0.7228694508275961,0.7246381847200517
test,train_condition_balanced_perturbed_mean,FOXL2+MEIS1,0.002383692805296558,0.015946749058334753,0.7397167563315503,0.7413435833239798
test,train_condition_balanced_perturbed_mean,FOXL2+POU3F2,0.003988676765233786,0.020368472201219488,0.7949217437527542,0.7961404030716682
test,train_condition_balanced_perturbed_mean,IKZF3+MAPK1,0.004224750464767229,0.01851420121261114,0.7508019403883451,0.7522694583225622
test,train_condition_balanced_perturbed_mean,KLF1+MAP2K6,0.0036393564089090887,0.01793805000704483,0.14269066441365427,0.1448350604899702
test,train_condition_balanced_perturbed_mean,MAP2K3+MAP2K6,0.002920376785215843,0.016481848378492574,-0.3530528631026364,-0.3512458924059333
test,train_condition_balanced_perturbed_mean,SGK1+TBX3,0.004613667950364503,0.013330009036710005,0.5981706501416021,0.5970918541139707
test,train_condition_balanced_perturbed_mean,SNAI1+UBASH3B,0.0013095096477870405,0.011886669075347597,0.7106706004768029,0.7053181778755097
test,train_condition_balanced_perturbed_mean,TBX2+TBX3,0.00463341078361397,0.014487203565577903,0.42894956182885274,0.4250060364346369
test,matching_single_mean,AHR+KLF1,0.0010679395120861597,0.009355891629349,0.9126199200646296,0.9132804930437891
test,matching_single_mean,C3orf72+FOXL2,0.0022181769378064957,0.017700999610067384,0.8049998320554554,0.8048903561740812
test,matching_single_mean,CBFA2T3+POU3F2,0.002032518557133335,0.015384840976992819,0.878498909554336,0.8787665299790709
test,matching_single_mean,CBFA2T3+PRDM1,0.0063788217781978705,0.02645334744035834,0.8751888432783417,0.8756073559478128
test,matching_single_mean,CBL+CNN1,0.004995154402373548,0.018525766248830663,0.920509083785941,0.9203845363394249
test,matching_single_mean,CEBPA+CEBPB,0.003916447545593707,0.02340302453384309,0.9639072168436349,0.9644240780145418
test,matching_single_mean,CEBPB+LYL1,0.0012129589223443147,0.011152782089791483,0.8701031584942748,0.8712148034256822
test,matching_single_mean,CEBPE+FOSB,0.00531577878846506,0.024450340017853445,0.9400210865168354,0.9407695749700459
test,matching_single_mean,CEBPE+PTPN12,0.0006829246302268308,0.00926703182903548,0.8617763543615947,0.8618818963864561
test,matching_single_mean,CEBPE+SET,0.0013544142297047122,0.012156986413913516,0.8373417913348837,0.8370545009789699
test,matching_single_mean,CEBPE+ZC3HAV1,0.0006806109446594676,0.009281856887142975,0.8470684850263017,0.8469395948186866
test,matching_single_mean,DLX2+SNAI1,0.00412840009670303,0.021319018026524694,0.8787642991445159,0.8786172217549771
test,matching_single_mean,DUSP9+ETS2,0.001282033387932892,0.009349789866971044,0.8771116365592465,0.8773495660225435
test,matching_single_mean,FOXA1+FOXL2,0.0022641870579320996,0.016802793368385492,0.8980871300632159,0.8971453241512862
test,matching_single_mean,FOXA3+FOXL2,0.006505726911832624,0.02818293226200579,0.8784741465492744,0.8780108298283436
test,matching_single_mean,FOXA3+HOXB9,0.003859616153306022,0.0212092875654803,0.9301514796155702,0.929904777656764
test,matching_single_mean,FOXF1+FOXL2,0.004258981057908407,0.022539959830038838,0.8968319562969015,0.8954792659503902
test,matching_single_mean,FOXF1+HOXB9,0.0022873260712022478,0.016458471538348465,0.926911588514165,0.9267430155739682
test,matching_single_mean,FOXL2+MEIS1,0.0017960093892591487,0.014811273311567896,0.9226996675450919,0.9228656507036901
test,matching_single_mean,FOXL2+POU3F2,0.003107183964307353,0.018452970697944344,0.9148800168387057,0.9151187358635724
test,matching_single_mean,IKZF3+MAPK1,0.0015013383592365603,0.011332287770141124,0.9307150089266762,0.9311975625243197
test,matching_single_mean,KLF1+MAP2K6,0.000659151732328968,0.007031784948712073,0.9492314470946942,0.949291824012098
test,matching_single_mean,MAP2K3+MAP2K6,0.00012251844704795262,0.0041267077255163955,0.934981897500778,0.9347145695286198
test,matching_single_mean,SGK1+TBX3,0.001746059979609281,0.010382541149889435,0.9560494737655043,0.9556790950692448
test,matching_single_mean,SNAI1+UBASH3B,0.000739803056675234,0.009110622904068224,0.9259667730791714,0.9255057623941761
test,matching_single_mean,TBX2+TBX3,0.0008969475020074542,0.007075792585696834,0.9792237516510389,0.9792158112554663
test,additive,AHR+KLF1,0.0011933762603880268,0.011595934841467297,0.9126199200646296,0.9132804930437891
test,additive,C3orf72+FOXL2,0.003652407878882252,0.021894732972649555,0.8049998320554554,0.8048903561740812
test,additive,CBFA2T3+POU3F2,0.001046904286006137,0.011896677712053756,0.878498909554336,0.8787665299790709
test,additive,CBFA2T3+PRDM1,0.003290210347362509,0.020235012043536484,0.8751888432783417,0.8756073559478128
test,additive,CBL+CNN1,0.001975431956751268,0.013683027778324308,0.920509083785941,0.9203845363394249
test,additive,CEBPA+CEBPB,0.011164970384663955,0.036358769736093186,0.9639072168436349,0.9644240780145418
test,additive,CEBPB+LYL1,0.0024526961801246455,0.017180381039223015,0.8701031584942748,0.8712148034256822
test,additive,CEBPE+FOSB,0.0021817870169676653,0.016756047120534277,0.9400210865168354,0.9407695749700459
test,additive,CEBPE+PTPN12,0.003917937293079264,0.021327838828515848,0.8617763543615947,0.8618818963864561
test,additive,CEBPE+SET,0.006726432602565313,0.02739972517342461,0.8373417913348837,0.8370545009789699
test,additive,CEBPE+ZC3HAV1,0.004395104459774863,0.022116172304207572,0.8470684850263017,0.8469395948186866
test,additive,DLX2+SNAI1,0.002160998513632268,0.01680406088664438,0.8787642991445159,0.8786172217549771
test,additive,DUSP9+ETS2,0.001373303429186933,0.011438030754065931,0.8771116365592465,0.8773495660225435
test,additive,FOXA1+FOXL2,0.0011510277288153772,0.012702802446114273,0.8980871300632159,0.8971453241512862
test,additive,FOXA3+FOXL2,0.0033229956373658108,0.02143936158577664,0.8784741465492744,0.8780108298283436
test,additive,FOXA3+HOXB9,0.0014018821411042163,0.01396074699853925,0.9301514796155702,0.929904777656764
test,additive,FOXF1+FOXL2,0.0020259565932534375,0.016574920070222734,0.8968319562969015,0.8954792659503902
test,additive,FOXF1+HOXB9,0.0008543758272405693,0.011247643904796741,0.926911588514165,0.9267430155739682
test,additive,FOXL2+MEIS1,0.0007101830870356037,0.010331380583194633,0.9226996675450919,0.9228656507036901
test,additive,FOXL2+POU3F2,0.0012842657466200773,0.012770362294761646,0.9148800168387057,0.9151187358635724
test,additive,IKZF3+MAPK1,0.002385134912695384,0.015832076754984433,0.9307150089266762,0.9311975625243197
test,additive,KLF1+MAP2K6,0.00046355555505848034,0.007636885228287027,0.9492314470946942,0.949291824012098
test,additive,MAP2K3+MAP2K6,0.0006504474611028636,0.008648359655985852,0.934981897500778,0.9347145695286198
test,additive,SGK1+TBX3,0.0007224172675897988,0.009824226330628308,0.9560494737655043,0.9556790950692448
test,additive,SNAI1+UBASH3B,0.00045410083279093504,0.00848518245295712,0.9259667730791714,0.9255057623941761
test,additive,TBX2+TBX3,0.0007146447450644482,0.008701475904480342,0.9792237516510389,0.9792158112554663
test,ridge_multihot_main_effects,AHR+KLF1,0.0015517587552747198,0.013080089689507838,0.865629201771966,0.866387735444861
test,ridge_multihot_main_effects,C3orf72+FOXL2,0.0027147207208193247,0.019345588555309448,0.8029088491145449,0.8028237186127102
test,ridge_multihot_main_effects,CBFA2T3+POU3F2,0.001535844053307975,0.01396378515526808,0.838102946159128,0.8387063740184811
test,ridge_multihot_main_effects,CBFA2T3+PRDM1,0.004235752480749053,0.022520822357789665,0.8605810781194279,0.8611252197353164
test,ridge_multihot_main_effects,CBL+CNN1,0.0007167884861144588,0.009125629622187471,0.9740174478278952,0.9738746929575659
test,ridge_multihot_main_effects,CEBPA+CEBPB,0.005526387134671774,0.02703336983180007,0.9650934105624717,0.9655837619877403
test,ridge_multihot_main_effects,CEBPB+LYL1,0.0015057281822467507,0.014161806184723466,0.8611459556405057,0.8623784107606668
test,ridge_multihot_main_effects,CEBPE+FOSB,0.0027320871302337923,0.018919076567413685,0.9299808483269312,0.9308623817314461
test,ridge_multihot_main_effects,CEBPE+PTPN12,0.0005828741319089816,0.009229317773812097,0.9109162842348252,0.9111076339134072
test,ridge_multihot_main_effects,CEBPE+SET,0.0022569886257237837,0.016616393289268942,0.8645889758113847,0.8636616768992891
test,ridge_multihot_main_effects,CEBPE+ZC3HAV1,0.0011257828217154015,0.011558991201760004,0.9107782481833642,0.9104602888606471
test,ridge_multihot_main_effects,DLX2+SNAI1,0.0016005063858258006,0.015383132784361733,0.9148354656834218,0.9144501943611671
test,ridge_multihot_main_effects,DUSP9+ETS2,0.001003150289699895,0.01022411509964813,0.8837492531188449,0.8831306550447109
test,ridge_multihot_main_effects,FOXA1+FOXL2,0.0006319044473018686,0.010074292882190411,0.9445787975916482,0.9447404312972414
test,ridge_multihot_main_effects,FOXA3+FOXL2,0.0036201864893884252,0.022075479097691406,0.8916773874908025,0.8915288782099071
test,ridge_multihot_main_effects,FOXA3+HOXB9,0.001118273690244986,0.012482550266093078,0.9619648737499653,0.9621209300920494
test,ridge_multihot_main_effects,FOXF1+FOXL2,0.0020422176247570597,0.01643547958871256,0.9170380436148303,0.9164508766969713
test,ridge_multihot_main_effects,FOXF1+HOXB9,0.0006544948539097857,0.010006006651722459,0.9485395815806911,0.948966157300894
test,ridge_multihot_main_effects,FOXL2+MEIS1,0.0008879159771599548,0.01135402770571351,0.9230115242138353,0.9231589380407703
test,ridge_multihot_main_effects,FOXL2+POU3F2,0.001558902364999369,0.013845129193881273,0.9170961694469698,0.9172821432890893
test,ridge_multihot_main_effects,IKZF3+MAPK1,0.0006703437623432673,0.009205599579305916,0.9595452031137998,0.9598115213209859
test,ridge_multihot_main_effects,KLF1+MAP2K6,0.0009521667336909207,0.011452465801253106,0.8633654079323007,0.8624057214956166
test,ridge_multihot_main_effects,MAP2K3+MAP2K6,0.0007961232893028517,0.009783035784586468,0.8767851032845173,0.8760800383462116
test,ridge_multihot_main_effects,SGK1+TBX3,0.00045190038605391624,0.00793474695213699,0.9678797450239495,0.9677408426709926
test,ridge_multihot_main_effects,SNAI1+UBASH3B,0.0007707456862293897,0.010469370574804899,0.9019616363348026,0.8991325388423406
test,ridge_multihot_main_effects,TBX2+TBX3,0.0003511049678161545,0.006799020816147724,0.9758246731846513,0.9758479401502448
