gene_id,gene_name,gene_index
ENSG00000239945,RP11-34P13.8,0
ENSG00000223764,RP11-54O7.3,1
ENSG00000187634,SAMD11,2
ENSG00000187642,PERM1,3
ENSG00000188290,HES4,4
ENSG00000187608,ISG15,5
ENSG00000273443,RP11-54O7.18,6
ENSG00000237330,RNF223,7
ENSG00000223823,LINC01342,8
ENSG00000205231,TTLL10-AS1,9
ENSG00000186891,TNFRSF18,10
ENSG00000186827,TNFRSF4,11
ENSG00000169962,TAS1R3,12
ENSG00000235098,ANKRD65,13
ENSG00000189409,MMP23B,14
ENSG00000269737,RP11-345P4.7,15
ENSG00000169885,CALML6,16
ENSG00000271806,RP5-892K4.1,17
ENSG00000234396,RP11-181G12.4,18
ENSG00000149527,PLCH2,19
ENSG00000272449,RP3-395M20.12,20
ENSG00000238164,RP3-395M20.8,21
ENSG00000157873,TNFRSF14,22
ENSG00000215912,TTC34,23
ENSG00000078900,TP73,24
ENSG00000235169,SMIM1,25
ENSG00000272153,RP1-286D6.5,26
ENSG00000116254,CHD5,27
ENSG00000225077,LINC00337,28
ENSG00000158292,GPR153,29
ENSG00000069812,HES2,30
ENSG00000187017,ESPN,31
ENSG00000173662,TAS1R1,32
ENSG00000270171,RP11-338N10.1,33
ENSG00000049249,TNFRSF9,34
ENSG00000232912,RP5-1115A15.1,35
ENSG00000228423,RP4-633I8.4,36
ENSG00000074800,ENO1,37
ENSG00000131686,CA6,38
ENSG00000180758,GPR157,39
ENSG00000228526,MIR34AHG,40
ENSG00000234546,RP3-510D11.2,41
ENSG00000049239,H6PD,42
ENSG00000179840,PIK3CD-AS1,43
ENSG00000280113,AL357140.1,44
ENSG00000142657,PGD,45
ENSG00000175262,C1orf127,46
ENSG00000277726,RP4-635E18.9,47
ENSG00000009724,MASP2,48
ENSG00000271895,RP4-635E18.8,49
ENSG00000116649,SRM,50
ENSG00000162490,DRAXIN,51
ENSG00000177000,MTHFR,52
ENSG00000162493,PDPN,53
ENSG00000175147,TMEM51-AS1,54
ENSG00000233485,RP3-467K16.2,55
ENSG00000228140,RP3-467K16.4,56
ENSG00000142634,EFHD2,57
ENSG00000142615,CELA2A,58
ENSG00000215704,CELA2B,59
ENSG00000271742,RP4-680D5.9,60
ENSG00000224621,RP11-276H7.3,61
ENSG00000261135,RP4-798A10.7,62
ENSG00000271732,RP5-1182A14.5,63
ENSG00000280226,AC004824.2,64
ENSG00000230424,RP1-43E13.2,65
ENSG00000188257,PLA2G2A,66
ENSG00000117215,PLA2G2D,67
ENSG00000187980,PLA2G2C,68
ENSG00000117242,PINK1-AS,69
ENSG00000236936,RP3-329E20.2,70
ENSG00000142789,CELA3A,71
ENSG00000070831,CDC42,72
ENSG00000162552,WNT4,73
ENSG00000173369,C1QB,74
ENSG00000249087,ZNF436-AS1,75
ENSG00000235052,RP1-150O5.3,76
ENSG00000117318,ID3,77
ENSG00000197880,MDS2,78
ENSG00000117305,HMGCL,79
ENSG00000179163,FUCA1,80
ENSG00000188822,CNR2,81
ENSG00000142677,IL22RA1,82
ENSG00000230023,RP11-10N16.2,83
ENSG00000020633,RUNX3,84
ENSG00000233755,RP4-799D16.1,85
ENSG00000231953,RP4-706G24.1,86
ENSG00000117614,SYF2,87
ENSG00000117616,RSRP1,88
ENSG00000233478,RP1-187B23.1,89
ENSG00000182749,PAQR7,90
ENSG00000117632,STMN1,91
ENSG00000158008,EXTL1,92
ENSG00000158022,TRIM63,93
ENSG00000142669,SH3BGRL3,94
ENSG00000169442,CD52,95
ENSG00000176083,ZNF683,96
ENSG00000198830,HMGN2,97
ENSG00000117713,ARID1A,98
ENSG00000226698,RP1-50O24.6,99
ENSG00000090273,NUDC,100
ENSG00000142765,SYTL1,101
ENSG00000000938,FGR,102
ENSG00000126709,IFI6,103
ENSG00000130775,THEMIS2,104
ENSG00000227050,RP11-460I13.2,105
ENSG00000169403,PTAFR,106
ENSG00000271398,RP5-1092A3.5,107
ENSG00000130766,SESN2,108
ENSG00000116329,OPRD1,109
ENSG00000233427,RP1-212P9.3,110
ENSG00000162511,LAPTM5,111
ENSG00000121769,FABP3,112
ENSG00000223907,LINC01226,113
ENSG00000235790,RP11-73M7.6,114
ENSG00000134668,SPOCD1,115
ENSG00000224066,RP4-622L5.7,116
ENSG00000222046,DCDC2B,117
ENSG00000183615,FAM167B,118
ENSG00000182866,LCK,119
ENSG00000175130,MARCKSL1,120
ENSG00000162526,TSSK3,121
ENSG00000160058,BSDC1,122
ENSG00000224409,RP11-114B7.6,123
ENSG00000121900,TMEM54,124
ENSG00000255811,RP1-34M23.5,125
ENSG00000271741,RP11-244H3.4,126
ENSG00000126067,PSMB2,127
ENSG00000092853,CLSPN,128
ENSG00000232335,RP11-435D7.3,129
ENSG00000116871,MAP7D1,130
ENSG00000214193,SH3D21,131
ENSG00000119535,CSF3R,132
ENSG00000233621,LINC01137,133
ENSG00000134690,CDCA8,134
ENSG00000158315,RHBDL2,135
ENSG00000127603,MACF1,136
ENSG00000226438,RP11-420K8.1,137
ENSG00000183682,BMP8A,138
ENSG00000168389,MFSD2A,139
ENSG00000131236,CAP1,140
ENSG00000049089,COL9A2,141
ENSG00000179862,CITED4,142
ENSG00000229528,RP5-1066H13.4,143
ENSG00000171790,SLFNL1,144
ENSG00000044012,GUCA2B,145
ENSG00000197273,GUCA2A,146
ENSG00000066185,ZMYND12,147
ENSG00000127125,PPCS,148
ENSG00000186409,CCDC30,149
ENSG00000065978,YBX1,150
ENSG00000164007,CLDN19,151
ENSG00000117394,SLC2A1,152
ENSG00000227533,SLC2A1-AS1,153
ENSG00000186973,FAM183A,154
ENSG00000243710,CFAP57,155
ENSG00000179178,TMEM125,156
ENSG00000253313,C1orf210,157
ENSG00000117399,CDC20,158
ENSG00000229444,RP11-184I16.4,159
ENSG00000117410,ATP6V0B,160
ENSG00000196517,SLC6A9,161
ENSG00000198520,C1orf228,162
ENSG00000142945,KIF2C,163
ENSG00000222009,BTBD19,164
ENSG00000070759,TESK2,165
ENSG00000117450,PRDX1,166
ENSG00000226957,RP4-533D7.4,167
ENSG00000117480,FAAH,168
ENSG00000269956,MKNK1-AS1,169
ENSG00000186118,TEX38,170
ENSG00000162366,PDZK1IP1,171
ENSG00000123473,STIL,172
ENSG00000123080,CDKN2C,173
ENSG00000203356,LINC01562,174
ENSG00000261664,TTC39A-AS1,175
ENSG00000169213,RAB3B,176
ENSG00000223390,RP11-91A18.4,177
ENSG00000228369,TXNDC12-AS1,178
ENSG00000116157,GPX7,179
ENSG00000182183,FAM159A,180
ENSG00000226754,RP5-1024G6.5,181
ENSG00000230138,RP11-117D22.2,182
ENSG00000116209,TMEM59,183
ENSG00000225632,RP5-997D24.3,184
ENSG00000143001,TMEM61,185
ENSG00000162399,BSND,186
ENSG00000162407,PLPP3,187
ENSG00000177606,JUN,188
ENSG00000232453,RP4-794H19.1,189
ENSG00000237352,LINC01358,190
ENSG00000132849,INADL,191
ENSG00000132855,ANGPTL3,192
ENSG00000228734,RP11-335E6.3,193
ENSG00000079739,PGM1,194
ENSG00000118473,SGIP1,195
ENSG00000203963,C1orf141,196
ENSG00000116717,GADD45A,197
ENSG00000237919,RP11-181B18.1,198
ENSG00000229051,RP5-952N6.1,199
ENSG00000235782,RP3-333A15.1,200
ENSG00000259030,FPGT-TNNI3K,201
ENSG00000137968,SLC44A5,202
ENSG00000178193,RP4-682C21.5,203
ENSG00000057468,MSH4,204
ENSG00000233099,RP11-375A5.1,205
ENSG00000235927,NEXN-AS1,206
ENSG00000137960,GIPC2,207
ENSG00000137959,IFI44L,208
ENSG00000137941,TTLL7,209
ENSG00000137976,DNASE2B,210
ENSG00000171502,COL24A1,211
ENSG00000016490,CLCA1,212
ENSG00000267272,LINC01140,213
ENSG00000143013,LMO4,214
ENSG00000117226,GBP3,215
ENSG00000117228,GBP1,216
ENSG00000162645,GBP2,217
ENSG00000231999,FLJ27354,218
ENSG00000189195,BTBD8,219
ENSG00000069712,KIAA1107,220
ENSG00000198691,ABCA4,221
ENSG00000117525,F3,222
ENSG00000235501,RP4-639F20.1,223
ENSG00000156869,FRRS1,224
ENSG00000122477,LRRC39,225
ENSG00000181656,GPR88,226
ENSG00000170989,S1PR1,227
ENSG00000260879,RP11-483I13.5,228
ENSG00000238122,RP11-483I13.2,229
ENSG00000143107,FNDC7,230
ENSG00000203897,SPATA42,231
ENSG00000273382,RP5-1065J22.8,232
ENSG00000270066,SCARNA2,233
ENSG00000179902,C1orf194,234
ENSG00000221986,MYBPHL,235
ENSG00000156097,GPR61,236
ENSG00000213366,GSTM2,237
ENSG00000134202,GSTM3,238
ENSG00000198758,EPS8L3,239
ENSG00000261055,RP11-195M16.3,240
ENSG00000143125,PROK1,241
ENSG00000143119,CD53,242
ENSG00000232811,RP11-96K19.2,243
ENSG00000064886,CHI3L2,244
ENSG00000143110,C1orf162,245
ENSG00000121933,TMIGD3,246
ENSG00000282608,ADORA3,247
ENSG00000197852,FAM212B,248
ENSG00000116489,CAPZA1,249
ENSG00000155366,RHOC,250
ENSG00000215866,LINC01356,251
ENSG00000134242,PTPN22,252
ENSG00000235527,HIPK1-AS1,253
ENSG00000116774,OLFML3,254
ENSG00000233154,RP4-655J12.4,255
ENSG00000224950,RP5-1086K13.1,256
ENSG00000116824,CD2,257
ENSG00000134256,CD101,258
ENSG00000236866,AL157902.3,259
ENSG00000183508,FAM46C,260
ENSG00000155761,SPAG17,261
ENSG00000092621,PHGDH,262
ENSG00000198019,FCGR1B,263
ENSG00000233029,RP11-439A17.9,264
ENSG00000230806,SRGAP2-AS1,265
ENSG00000263590,RP11-403I13.7,266
ENSG00000234571,RP5-998N21.4,267
ENSG00000277199,CH17-125A10.2,268
ENSG00000236140,RP11-89F3.2,269
ENSG00000174827,PDZK1,270
ENSG00000117281,CD160,271
ENSG00000198483,ANKRD35,272
ENSG00000121851,POLR3GL,273
ENSG00000265972,TXNIP,274
ENSG00000168509,HFE2,275
ENSG00000276509,CH17-353B19.1,276
ENSG00000131781,FMO5,277
ENSG00000227733,RP4-565E6.1,278
ENSG00000234283,RP11-495P10.6,279
ENSG00000231551,RP11-495P10.1,280
ENSG00000280649,AC245100.1,281
ENSG00000236334,PPIAL4G,282
ENSG00000178104,PDE4DIP,283
ENSG00000274265,CH17-189H20.1,284
ENSG00000150337,FCGR1A,285
ENSG00000233030,RP11-196G18.3,286
ENSG00000184260,HIST2H2AC,287
ENSG00000014914,MTMR11,288
ENSG00000023902,PLEKHO1,289
ENSG00000143401,ANP32E,290
ENSG00000276110,RP4-790G17.7,291
ENSG00000143369,ECM1,292
ENSG00000143382,ADAMTSL4,293
ENSG00000163131,CTSS,294
ENSG00000143387,CTSK,295
ENSG00000143409,FAM63A,296
ENSG00000163141,BNIPL,297
ENSG00000143443,C1orf56,298
ENSG00000197622,CDC42SE1,299
ENSG00000213190,MLLT11,300
ENSG00000143458,GABPB2,301
ENSG00000163155,LYSMD1,302
ENSG00000224645,RP11-126K1.8,303
ENSG00000250734,RP11-404E16.1,304
ENSG00000159409,CELF3,305
ENSG00000178796,RIIAD1,306
ENSG00000225556,C2CD4D,307
ENSG00000197747,S100A10,308
ENSG00000163191,S100A11,309
ENSG00000163216,SPRR2D,310
ENSG00000244094,SPRR2F,311
ENSG00000203783,PRR9,312
ENSG00000203782,LOR,313
ENSG00000163218,PGLYRP4,314
ENSG00000163220,S100A9,315
ENSG00000143546,S100A8,316
ENSG00000184330,S100A7A,317
ENSG00000143556,S100A7,318
ENSG00000197956,S100A6,319
ENSG00000196420,S100A5,320
ENSG00000196154,S100A4,321
ENSG00000188015,S100A3,322
ENSG00000189171,S100A13,323
ENSG00000160678,S100A1,324
ENSG00000279767,AL513523.2,325
ENSG00000282386,RP11-422P24.12,326
ENSG00000160712,IL6R,327
ENSG00000169291,SHE,328
ENSG00000143603,KCNN3,329
ENSG00000163346,PBXIP1,330
ENSG00000173207,CKS1B,331
ENSG00000163357,DCST1,332
ENSG00000169231,THBS3,333
ENSG00000236263,RP11-263K19.6,334
ENSG00000132718,SYT11,335
ENSG00000143622,RIT1,336
ENSG00000116584,ARHGEF2,337
ENSG00000132698,RAB25,338
ENSG00000160789,LMNA,339
ENSG00000183856,IQGAP3,340
ENSG00000143320,CRABP2,341
ENSG00000027869,SH2D2A,342
ENSG00000198400,NTRK1,343
ENSG00000027644,INSRR,344
ENSG00000160838,LRRC71,345
ENSG00000229961,RP11-71G12.1,346
ENSG00000132704,FCRL2,347
ENSG00000176320,RP11-404O13.5,348
ENSG00000163563,MNDA,349
ENSG00000163565,IFI16,350
ENSG00000213088,ACKR1,351
ENSG00000188004,C1orf204,352
ENSG00000243284,VSIG8,353
ENSG00000132681,ATP1A4,354
ENSG00000143318,CASQ1,355
ENSG00000258465,RP11-574F21.3,356
ENSG00000162739,SLAMF6,357
ENSG00000066294,CD84,358
ENSG00000117090,SLAMF1,359
ENSG00000228863,RP11-404F10.2,360
ENSG00000117091,CD48,361
ENSG00000122224,LY9,362
ENSG00000122223,CD244,363
ENSG00000179914,ITLN1,364
ENSG00000232188,RP11-312J18.6,365
ENSG00000158764,ITLN2,366
ENSG00000186517,ARHGAP30,367
ENSG00000143217,PVRL4,368
ENSG00000228917,RP11-544M22.8,369
ENSG00000162755,KLHDC9,370
ENSG00000158793,NIT1,371
ENSG00000158859,ADAMTS4,372
ENSG00000158869,FCER1G,373
ENSG00000188931,CFAP126,374
ENSG00000143226,FCGR2A,375
ENSG00000173110,HSPA6,376
ENSG00000203747,FCGR3A,377
ENSG00000072694,FCGR2B,378
ENSG00000132185,FCRLA,379
ENSG00000198929,NOS1AP,380
ENSG00000227094,RP11-565P22.2,381
ENSG00000185860,CCDC190,382
ENSG00000185630,PBX1,383
ENSG00000233693,RP11-506O24.1,384
ENSG00000234142,RP11-276E17.2,385
ENSG00000143194,MAEL,386
ENSG00000143162,CREG1,387
ENSG00000198771,RCSD1,388
ENSG00000197965,MPZL1,389
ENSG00000143158,MPC2,390
ENSG00000143184,XCL1,391
ENSG00000235736,RP1-10C16.1,392
ENSG00000225826,LINC00626,393
ENSG00000143153,ATP1B1,394
ENSG00000010932,FMO1,395
ENSG00000117586,TNFSF4,396
ENSG00000224977,RP11-160H22.3,397
ENSG00000152061,RABGAP1L,398
ENSG00000203737,GPR52,399
ENSG00000116161,CACYBP,400
ENSG00000236021,RP11-195C7.1,401
ENSG00000116194,ANGPTL1,402
ENSG00000186283,TOR3A,403
ENSG00000143322,ABL2,404
ENSG00000229407,RP11-12M5.3,405
ENSG00000169905,TOR1AIP2,406
ENSG00000116260,QSOX1,407
ENSG00000153029,MR1,408
ENSG00000162783,IER5,409
ENSG00000198216,CACNA1E,410
ENSG00000121446,RGSL1,411
ENSG00000135828,RNASEL,412
ENSG00000143333,RGS16,413
ENSG00000135824,RGS8,414
ENSG00000116701,NCF2,415
ENSG00000162704,ARPC5,416
ENSG00000143344,RGL1,417
ENSG00000198756,COLGALT2,418
ENSG00000135842,FAM129A,419
ENSG00000261024,GS1-279B7.1,420
ENSG00000116703,PDC,421
ENSG00000273198,GS1-304P7.3,422
ENSG00000150681,RGS18,423
ENSG00000232498,RP5-1011O1.2,424
ENSG00000090104,RGS1,425
ENSG00000116741,RGS2,426
ENSG00000234871,LINC01032,427
ENSG00000227240,RP11-563D10.1,428
ENSG00000227421,RP11-476B1.1,429
ENSG00000162687,KCNT2,430
ENSG00000000971,CFH,431
ENSG00000116785,CFHR3,432
ENSG00000134389,CFHR5,433
ENSG00000143278,F13B,434
ENSG00000066279,ASPM,435
ENSG00000134376,CRB1,436
ENSG00000081237,PTPRC,437
ENSG00000203721,LINC00862,438
ENSG00000118193,KIF14,439
ENSG00000081248,CACNA1S,440
ENSG00000232237,ASCL5,441
ENSG00000118194,TNNT2,442
ENSG00000159173,TNNI1,443
ENSG00000174307,PHLDA3,444
ENSG00000163431,LMOD1,445
ENSG00000234678,RP11-465N4.4,446
ENSG00000163435,ELF3,447
ENSG00000143851,PTPN7,448
ENSG00000117139,KDM5B,449
ENSG00000260021,RP11-480I12.10,450
ENSG00000143847,PPFIA4,451
ENSG00000122180,MYOG,452
ENSG00000133063,CHIT1,453
ENSG00000231507,LINC01353,454
ENSG00000159388,BTG2,455
ENSG00000122176,FMOD,456
ENSG00000058668,ATP2B4,457
ENSG00000122188,LAX1,458
ENSG00000257315,ZBED6,459
ENSG00000261065,RP11-74C13.4,460
ENSG00000143839,REN,461
ENSG00000170498,KISS1,462
ENSG00000174567,GOLT1A,463
ENSG00000226330,RP11-739N20.2,464
ENSG00000198625,MDM4,465
ENSG00000240710,RP11-430C7.4,466
ENSG00000240219,RP11-430C7.5,467
ENSG00000163531,NFASC,468
ENSG00000184144,CNTN2,469
ENSG00000186007,LEMD1,470
ENSG00000117266,CDK18,471
ENSG00000158715,SLC45A3,472
ENSG00000069275,NUCKS1,473
ENSG00000276600,RAB7B,474
ENSG00000196188,CTSE,475
ENSG00000263961,C1orf186,476
ENSG00000226780,RP11-38J22.3,477
ENSG00000261000,RP11-534L20.5,478
ENSG00000162889,MAPKAPK2,479
ENSG00000142224,IL19,480
ENSG00000162891,IL20,481
ENSG00000162892,IL24,482
ENSG00000162894,FCMR,483
ENSG00000196352,CD55,484
ENSG00000203710,CR1,485
ENSG00000236911,RP11-78B10.2,486
ENSG00000117335,CD46,487
ENSG00000203709,C1orf132,488
ENSG00000076356,PLXNA2,489
ENSG00000009790,TRAF3IP3,490
ENSG00000143473,KCNH1,491
ENSG00000153363,LINC00467,492
ENSG00000229258,RP11-552D8.1,493
ENSG00000226251,RP11-15I11.3,494
ENSG00000117691,NENF,495
ENSG00000162772,ATF3,496
ENSG00000237980,RP11-338C15.3,497
ENSG00000123685,BATF3,498
ENSG00000143494,VASH2,499
ENSG00000117707,PROX1,500
ENSG00000152104,PTPN14,501
ENSG00000117724,CENPF,502
ENSG00000228063,LYPLAL1-AS1,503
ENSG00000117791,MARC2,504
ENSG00000186205,MARC1,505
ENSG00000272823,RP11-295M18.6,506
ENSG00000238078,LINC01352,507
ENSG00000136630,HLX,508
ENSG00000234754,C1orf140,509
ENSG00000143498,TAF1A,510
ENSG00000197520,FAM177B,511
ENSG00000242861,RP11-285F7.2,512
ENSG00000243709,LEFTY1,513
ENSG00000143768,LEFTY2,514
ENSG00000185155,MIXL1,515
ENSG00000143772,ITPKB,516
ENSG00000228548,ITPKB-AS1,517
ENSG00000185888,PRSS38,518
ENSG00000143816,WNT9A,519
ENSG00000270104,RP11-245P10.6,520
ENSG00000237481,RP4-803J11.2,521
ENSG00000177614,PGBD5,522
ENSG00000135773,CAPN9,523
ENSG00000182118,FAM89A,524
ENSG00000119283,TRIM67,525
ENSG00000143674,KIAA1804,526
ENSG00000183780,SLC35F3,527
ENSG00000168264,IRF2BP2,528
ENSG00000228044,RP4-781K5.4,529
ENSG00000230628,RP4-781K5.6,530
ENSG00000237520,RP11-443B7.2,531
ENSG00000280587,LINC01348,532
ENSG00000054267,ARID4B,533
ENSG00000086619,ERO1B,534
ENSG00000215808,LINC01139,535
ENSG00000259776,RP11-544D21.2,536
ENSG00000117009,KMO,537
ENSG00000054282,SDCCAG8,538
ENSG00000117020,AKT3,539
ENSG00000179456,ZBTB18,540
ENSG00000185420,SMYD3,541
ENSG00000235096,RP11-83A16.1,542
ENSG00000235749,RP11-634B7.4,543
ENSG00000196071,OR2L13,544
ENSG00000203663,OR2L2,545
ENSG00000196944,OR2T4,546
ENSG00000233296,AC092159.2,547
ENSG00000272342,RP13-539J13.1,548
ENSG00000235078,AC142528.1,549
ENSG00000151360,ALLC,550
ENSG00000231532,LINC01249,551
ENSG00000205837,LINC00487,552
ENSG00000134321,RSAD2,553
ENSG00000231083,AC011747.6,554
ENSG00000235092,ID2-AS1,555
ENSG00000115738,ID2,556
ENSG00000143797,MBOAT2,557
ENSG00000151693,ASAP2,558
ENSG00000134330,IAH1,559
ENSG00000151694,ADAM17,560
ENSG00000240687,RP11-521D12.1,561
ENSG00000134317,GRHL1,562
ENSG00000171848,RRM2,563
ENSG00000115758,ODC1,564
ENSG00000243819,RN7SL832P,565
ENSG00000224184,MIR3681HG,566
ENSG00000223850,MYCNUT,567
ENSG00000197872,FAM49A,568
ENSG00000236204,LINC01376,569
ENSG00000219626,FAM228B,570
ENSG00000157856,DRC1,571
ENSG00000115155,OTOF,572
ENSG00000171303,KCNK3,573
ENSG00000115163,CENPA,574
ENSG00000084764,MAPRE3,575
ENSG00000231636,AGBL5-AS1,576
ENSG00000143994,ABHD1,577
ENSG00000163792,TCF23,578
ENSG00000163793,DNAJC5G,579
ENSG00000157992,KRTCAP3,580
ENSG00000075426,FOSL2,581
ENSG00000270210,RP11-373D23.3,582
ENSG00000163803,PLB1,583
ENSG00000213639,PPP1CB,584
ENSG00000163811,WDR43,585
ENSG00000233862,AC016907.3,586
ENSG00000119801,YPEL5,587
ENSG00000213626,LBH,588
ENSG00000158125,XDH,589
ENSG00000091106,NLRC4,590
ENSG00000152689,RASGRP3,591
ENSG00000237133,AC020594.5,592
ENSG00000228262,LINC01320,593
ENSG00000150938,CRIM1,594
ENSG00000115828,QPCT,595
ENSG00000163171,CDC42EP3,596
ENSG00000235848,RMDN2-AS1,597
ENSG00000138061,CYP1B1,598
ENSG00000232973,CYP1B1-AS1,599
ENSG00000214694,ARHGEF33,600
ENSG00000011566,MAP4K3,601
ENSG00000231312,AC007246.3,602
ENSG00000152154,TMEM178A,603
ENSG00000183023,SLC8A1,604
ENSG00000234362,AC104654.2,605
ENSG00000205086,C2orf91,606
ENSG00000162878,PKDCC,607
ENSG00000162881,OXER1,608
ENSG00000162882,HAAO,609
ENSG00000231826,AC016735.2,610
ENSG00000230587,AC093609.1,611
ENSG00000152518,ZFP36L2,612
ENSG00000152527,PLEKHH2,613
ENSG00000138079,SLC3A1,614
ENSG00000236502,SIX3-AS1,615
ENSG00000225156,AC012354.6,616
ENSG00000116016,EPAS1,617
ENSG00000187600,TMEM247,618
ENSG00000260977,RP11-333I13.1,619
ENSG00000222005,LINC01118,620
ENSG00000273269,RP11-761B3.1,621
ENSG00000143933,CALM2,622
ENSG00000236824,BCYRN1,623
ENSG00000230773,AC079807.4,624
ENSG00000282828,RP11-443F4.1,625
ENSG00000272156,RP11-477N3.1,626
ENSG00000234943,AC092839.4,627
ENSG00000214595,EML6,628
ENSG00000115310,RTN4,629
ENSG00000272180,RP11-481J13.1,630
ENSG00000222030,AC007131.1,631
ENSG00000270820,RP11-355B11.2,632
ENSG00000226622,AC092155.4,633
ENSG00000231609,AC009501.4,634
ENSG00000169764,UGP2,635
ENSG00000225889,AC074289.1,636
ENSG00000119862,LGALSL,637
ENSG00000260101,RP11-568N6.1,638
ENSG00000234572,AC007880.1,639
ENSG00000143995,MEIS1,640
ENSG00000230749,MEIS1-AS2,641
ENSG00000232046,AC007392.3,642
ENSG00000236780,AC078941.1,643
ENSG00000115956,PLEK,644
ENSG00000163219,ARHGAP25,645
ENSG00000163217,BMP10,646
ENSG00000183607,GKN2,647
ENSG00000115977,AAK1,648
ENSG00000231024,AC092431.3,649
ENSG00000059728,MXD1,650
ENSG00000116039,ATP6V1B1,651
ENSG00000124357,NAGK,652
ENSG00000272735,RP11-467P9.1,653
ENSG00000187833,C2orf78,654
ENSG00000235499,AC073046.25,655
ENSG00000144045,DQX1,656
ENSG00000159374,M1AP,657
ENSG00000159399,HK2,658
ENSG00000270571,RP11-355F16.1,659
ENSG00000115363,EVA1A,660
ENSG00000176204,LRRTM4,661
ENSG00000066032,CTNNA2,662
ENSG00000034510,TMSB10,663
ENSG00000042493,CAPG,664
ENSG00000118640,VAMP8,665
ENSG00000168899,VAMP5,666
ENSG00000115525,ST3GAL5,667
ENSG00000232504,ST3GAL5-AS1,668
ENSG00000272564,RP11-548P2.2,669
ENSG00000068615,REEP1,670
ENSG00000273445,RP11-1399P15.1,671
ENSG00000172086,KRCC1,672
ENSG00000211592,IGKC,673
ENSG00000233757,AC092835.2,674
ENSG00000274286,ADRA2B,675
ENSG00000158158,CNNM4,676
ENSG00000273265,RP11-353K11.1,677
ENSG00000168754,FAM178B,678
ENSG00000168658,VWA3B,679
ENSG00000196872,KIAA1211L,680
ENSG00000185674,LYG2,681
ENSG00000230393,AC092667.2,682
ENSG00000196460,RFX8,683
ENSG00000281162,LINC01127,684
ENSG00000115590,IL1R2,685
ENSG00000224850,AC108051.3,686
ENSG00000224509,AC010884.1,687
ENSG00000233339,AC018878.3,688
ENSG00000232001,AC108868.6,689
ENSG00000144057,ST6GAL2,690
ENSG00000198203,SULT1C2,691
ENSG00000198075,SULT1C4,692
ENSG00000169756,LIMS1,693
ENSG00000282033,RP11-506F3.1,694
ENSG00000015568,RGPD5,695
ENSG00000256977,LIMS3,696
ENSG00000144061,NPHP1,697
ENSG00000261760,RP11-1223D19.1,698
ENSG00000153094,BCL2L11,699
ENSG00000225744,AC017002.4,700
ENSG00000188177,ZC3H6,701
ENSG00000169629,RGPD8,702
ENSG00000228251,AC012442.6,703
ENSG00000144136,SLC20A1,704
ENSG00000125538,IL1B,705
ENSG00000136689,IL1RN,706
ENSG00000234997,AC016745.3,707
ENSG00000272563,RP11-480C16.1,708
ENSG00000227359,AC017074.2,709
ENSG00000244063,AC024704.2,710
ENSG00000228857,AC104653.1,711
ENSG00000259094,RP11-77A13.1,712
ENSG00000229867,STEAP3-AS1,713
ENSG00000155368,DBI,714
ENSG00000080293,SCTR,715
ENSG00000074047,GLI2,716
ENSG00000265451,RP11-204L24.2,717
ENSG00000224655,AC018737.3,718
ENSG00000136732,GYPC,719
ENSG00000186684,CYP27C1,720
ENSG00000115718,PROC,721
ENSG00000272789,RP11-286H15.1,722
ENSG00000152076,CCDC74B,723
ENSG00000178171,AMER3,724
ENSG00000183840,GPR39,725
ENSG00000226806,AC011893.3,726
ENSG00000121966,CXCR4,727
ENSG00000144229,THSD7B,728
ENSG00000150540,HNMT,729
ENSG00000115919,KYNU,730
ENSG00000169554,ZEB2,731
ENSG00000226674,TEX41,732
ENSG00000168280,KIF5C,733
ENSG00000231969,AC144449.1,734
ENSG00000123610,TNFAIP6,735
ENSG00000183091,NEB,736
ENSG00000162989,KCNJ3,737
ENSG00000226383,AC093375.1,738
ENSG00000153234,NR4A2,739
ENSG00000136541,ERMN,740
ENSG00000115165,CYTIP,741
ENSG00000271320,RP11-1152H14.1,742
ENSG00000153237,CCDC148,743
ENSG00000123636,BAZ2B,744
ENSG00000224152,AC009506.1,745
ENSG00000115271,GCA,746
ENSG00000184611,KCNH7,747
ENSG00000115339,GALNT3,748
ENSG00000169432,SCN9A,749
ENSG00000235335,AC016723.4,750
ENSG00000152253,SPC25,751
ENSG00000073734,ABCB11,752
ENSG00000073737,DHRS9,753
ENSG00000235321,AC007556.3,754
ENSG00000154479,CCDC173,755
ENSG00000231898,AC012594.1,756
ENSG00000213981,AC007277.3,757
ENSG00000222033,LINC01124,758
ENSG00000128683,GAD1,759
ENSG00000071967,CYBRD1,760
ENSG00000115844,DLX2,761
ENSG00000232788,AC078883.3,762
ENSG00000224638,AC106900.6,763
ENSG00000271151,RP11-394I13.2,764
ENSG00000231453,LINC01305,765
ENSG00000115935,WIPF1,766
ENSG00000128645,HOXD1,767
ENSG00000116044,NFE2L2,768
ENSG00000237655,AC073834.3,769
ENSG00000128655,PDE11A,770
ENSG00000229941,AC012499.1,771
ENSG00000271011,RP11-171I2.5,772
ENSG00000163492,CCDC141,773
ENSG00000115232,ITGA4,774
ENSG00000162992,NEUROD1,775
ENSG00000162998,FRZB,776
ENSG00000188738,FSIP2,777
ENSG00000231646,FSIP2-AS1,778
ENSG00000237877,LINC01473,779
ENSG00000144369,FAM171B,780
ENSG00000003436,TFPI,781
ENSG00000138449,SLC40A1,782
ENSG00000235852,AC005540.3,783
ENSG00000138378,STAT4,784
ENSG00000128641,MYO1B,785
ENSG00000173559,NABP1,786
ENSG00000235056,AC010983.1,787
ENSG00000223466,AC064834.2,788
ENSG00000272211,RP11-347P5.1,789
ENSG00000138411,HECW2,790
ENSG00000229056,AC020571.3,791
ENSG00000187944,C2orf66,792
ENSG00000065413,ANKRD44,793
ENSG00000225979,AC010746.3,794
ENSG00000144381,HSPD1,795
ENSG00000270757,HSPE1-MOB4,796
ENSG00000115896,PLCL1,797
ENSG00000163535,SGOL2,798
ENSG00000232719,RP11-13J8.1,799
ENSG00000003402,CFLAR,800
ENSG00000226312,CFLAR-AS1,801
ENSG00000155749,ALS2CR12,802
ENSG00000155754,ALS2CR11,803
ENSG00000138395,CDK15,804
ENSG00000273209,RP11-107N15.1,805
ENSG00000155760,FZD7,806
ENSG00000182329,KIAA2012,807
ENSG00000222035,AC079354.3,808
ENSG00000272966,RP11-686O6.1,809
ENSG00000138380,CARF,810
ENSG00000178562,CD28,811
ENSG00000204186,ZDBF2,812
ENSG00000260171,RP11-95H11.1,813
ENSG00000144410,CPO,814
ENSG00000118263,KLF7,815
ENSG00000234902,AC007879.2,816
ENSG00000224137,AC079767.4,817
ENSG00000144407,PTH2R,818
ENSG00000144406,UNC80,819
ENSG00000229127,AC007038.7,820
ENSG00000030419,IKZF2,821
ENSG00000144451,SPAG16,822
ENSG00000115414,FN1,823
ENSG00000163449,TMEM169,824
ENSG00000241520,AC098820.4,825
ENSG00000115457,IGFBP2,826
ENSG00000115461,IGFBP5,827
ENSG00000118245,TNP1,828
ENSG00000259855,RP11-574O16.1,829
ENSG00000079308,TNS1,830
ENSG00000180871,CXCR2,831
ENSG00000179921,GPBAR1,832
ENSG00000127831,VIL1,833
ENSG00000144580,RQCD1,834
ENSG00000115596,WNT6,835
ENSG00000135925,WNT10A,836
ENSG00000171450,CDK5R2,837
ENSG00000163497,FEV,838
ENSG00000163499,CRYBA2,839
ENSG00000135924,DNAJB2,840
ENSG00000230432,AC114803.3,841
ENSG00000144591,GMPPA,842
ENSG00000072182,ASIC4,843
ENSG00000114923,SLC4A3,844
ENSG00000163082,SGPP2,845
ENSG00000152049,KCNE4,846
ENSG00000144460,NYAP2,847
ENSG00000232023,AC009410.1,848
ENSG00000226125,AC098823.3,849
ENSG00000232520,AC012507.3,850
ENSG00000115053,NCL,851
ENSG00000187514,PTMA,852
ENSG00000196811,CHRNG,853
ENSG00000115474,KCNJ13,854
ENSG00000072080,SPP2,855
ENSG00000232893,IQCA1-AS1,856
ENSG00000124835,AC105760.3,857
ENSG00000163359,COL6A3,858
ENSG00000234949,AC104667.3,859
ENSG00000132329,RAMP1,860
ENSG00000168427,KLHL30,861
ENSG00000280260,AC017028.10,862
ENSG00000063660,GPC1,863
ENSG00000178623,GPR35,864
ENSG00000185176,AQP12B,865
ENSG00000219159,AC011298.2,866
ENSG00000172482,AGXT,867
ENSG00000091181,IL5RA,868
ENSG00000223727,AC026188.1,869
ENSG00000231249,ITPR1-AS1,870
ENSG00000150995,ITPR1,871
ENSG00000235947,EGOT,872
ENSG00000235978,AC018816.3,873
ENSG00000134107,BHLHE40,874
ENSG00000233912,AC026202.3,875
ENSG00000268509,RP11-572B2.1,876
ENSG00000196277,GRM7,877
ENSG00000071282,LMCD1,878
ENSG00000196220,SRGAP3,879
ENSG00000206573,THUMPD3-AS1,880
ENSG00000269886,RP11-266J6.2,881
ENSG00000163703,CRELD1,882
ENSG00000206567,AC022007.5,883
ENSG00000163705,FANCD2OS,884
ENSG00000157017,GHRL,885
ENSG00000132164,SLC6A11,886
ENSG00000157150,TIMP4,887
ENSG00000132170,PPARG,888
ENSG00000163520,FBLN2,889
ENSG00000224514,LINC00620,890
ENSG00000251576,LINC01267,891
ENSG00000144596,GRIP2,892
ENSG00000154783,FGD5,893
ENSG00000249786,EAF1-AS1,894
ENSG00000206561,COLQ,895
ENSG00000206560,ANKRD28,896
ENSG00000233153,UBE2E2-AS1,897
ENSG00000224074,LINC00691,898
ENSG00000077092,RARB,899
ENSG00000163491,NEK10,900
ENSG00000225548,AC098973.2,901
ENSG00000144642,RBMS3,902
ENSG00000163513,TGFBR2,903
ENSG00000144645,OSBPL10,904
ENSG00000091317,CMTM6,905
ENSG00000183813,CCR4,906
ENSG00000236452,AC123023.1,907
ENSG00000172995,ARPP21,908
ENSG00000163673,DCLK3,909
ENSG00000279727,RP11-640L9.1,910
ENSG00000168016,TRANK1,911
ENSG00000271993,RP11-285J16.1,912
ENSG00000271653,RP11-259K5.1,913
ENSG00000060971,ACAA1,914
ENSG00000172940,SLC22A13,915
ENSG00000168356,SCN11A,916
ENSG00000144655,CSRNP1,917
ENSG00000168334,XIRP1,918
ENSG00000168314,MOBP,919
ENSG00000114784,EIF1B,920
ENSG00000177842,ZNF620,921
ENSG00000168036,CTNNB1,922
ENSG00000157093,LYZL4,923
ENSG00000280571,RP4-613B23.5,924
ENSG00000225611,RP11-70C1.1,925
ENSG00000234617,SNRK-AS1,926
ENSG00000225873,LINC00694,927
ENSG00000163815,CLEC3B,928
ENSG00000163814,CDCP1,929
ENSG00000249992,TMEM158,930
ENSG00000163817,SLC6A20,931
ENSG00000173585,CCR9,932
ENSG00000163823,CCR1,933
ENSG00000223552,RP11-24F11.2,934
ENSG00000121797,CCRL2,935
ENSG00000178038,ALS2CL,936
ENSG00000160801,PTH1R,937
ENSG00000260236,RP11-708J19.1,938
ENSG00000164047,CAMP,939
ENSG00000145040,UCN2,940
ENSG00000221883,ARIH2OS,941
ENSG00000235236,RP13-131K19.1,942
ENSG00000272434,RP13-131K19.6,943
ENSG00000226913,BSN-AS2,944
ENSG00000187492,CDHR4,945
ENSG00000182179,UBA7,946
ENSG00000228008,CTD-2330K9.3,947
ENSG00000281691,RBM5-AS1,948
ENSG00000235016,SEMA3F-AS1,949
ENSG00000001617,SEMA3F,950
ENSG00000114353,GNAI2,951
ENSG00000230454,U73166.2,952
ENSG00000012171,SEMA3B,953
ENSG00000186792,HYAL3,954
ENSG00000114735,HEMK1,955
ENSG00000114737,CISH,956
ENSG00000145050,MANF,957
ENSG00000184345,IQCF2,958
ENSG00000023330,ALAS1,959
ENSG00000055955,ITIH4,960
ENSG00000272305,RP11-894J14.5,961
ENSG00000163931,TKT,962
ENSG00000157388,CACNA1D,963
ENSG00000186451,SPATA12,964
ENSG00000163666,HESX1,965
ENSG00000163687,DNASE1L3,966
ENSG00000273493,RP11-80H18.4,967
ENSG00000168297,PXK,968
ENSG00000272182,RP11-802O23.3,969
ENSG00000168309,FAM107A,970
ENSG00000163632,C3orf49,971
ENSG00000243410,RP11-245J9.4,972
ENSG00000144746,ARL6IP5,973
ENSG00000163380,LMOD3,974
ENSG00000114541,FRMD4B,975
ENSG00000270562,RP11-154H23.3,976
ENSG00000241163,LINC00877,977
ENSG00000172969,FRG2C,978
ENSG00000169855,ROBO1,979
ENSG00000175161,CADM2,980
ENSG00000184500,PROS1,981
ENSG00000064225,ST3GAL6,982
ENSG00000144810,COL8A1,983
ENSG00000168386,FILIP1L,984
ENSG00000154175,ABI3BP,985
ENSG00000081148,IMPG2,986
ENSG00000144815,NXPE3,987
ENSG00000144802,NFKBIZ,988
ENSG00000170017,ALCAM,989
ENSG00000114423,CBLB,990
ENSG00000239828,RP11-446H18.5,991
ENSG00000273125,RP11-115H18.1,992
ENSG00000241469,LINC00635,993
ENSG00000196776,CD47,994
ENSG00000144821,MYH15,995
ENSG00000228980,LINC01205,996
ENSG00000206532,RP11-553A10.1,997
ENSG00000239482,RP11-90K6.1,998
ENSG00000243081,RP11-231E6.1,999
ENSG00000186265,BTLA,1000
ENSG00000091986,CCDC80,1001
ENSG00000206531,CD200R1L,1002
ENSG00000273394,RP11-255E6.6,1003
ENSG00000241490,RP11-553L6.2,1004
ENSG00000259976,RP11-553L6.5,1005
ENSG00000181722,ZBTB20,1006
ENSG00000242767,ZBTB20-AS4,1007
ENSG00000185565,LSAMP,1008
ENSG00000240922,LSAMP-AS1,1009
ENSG00000243276,RP11-384F7.1,1010
ENSG00000144837,PLA1A,1011
ENSG00000121577,POPDC2,1012
ENSG00000138495,COX17,1013
ENSG00000282950,RP11-174O3.6,1014
ENSG00000163430,FSTL1,1015
ENSG00000186103,ARGFX,1016
ENSG00000180353,HCLS1,1017
ENSG00000163406,SLC15A2,1018
ENSG00000114013,CD86,1019
ENSG00000121552,CSTA,1020
ENSG00000065534,MYLK,1021
ENSG00000221955,SLC12A8,1022
ENSG00000248787,RP11-666A20.4,1023
ENSG00000144908,ALDH1L1,1024
ENSG00000159650,UROC1,1025
ENSG00000163870,TPRA1,1026
ENSG00000114626,ABTB1,1027
ENSG00000074416,MGLL,1028
ENSG00000179348,GATA2,1029
ENSG00000184897,H1FX,1030
ENSG00000172771,EFCAB12,1031
ENSG00000129071,MBD4,1032
ENSG00000172752,COL6A5,1033
ENSG00000014257,ACPP,1034
ENSG00000170819,BFSP2,1035
ENSG00000249993,BFSP2-AS1,1036
ENSG00000272832,RP11-91K8.5,1037
ENSG00000091513,TF,1038
ENSG00000174640,SLCO2A1,1039
ENSG00000243832,RP11-202A13.1,1040
ENSG00000154928,EPHB1,1041
ENSG00000261758,RP11-102M11.2,1042
ENSG00000273486,RP11-731C17.2,1043
ENSG00000066405,CLDN18,1044
ENSG00000272609,RP11-461M2.2,1045
ENSG00000183770,FOXL2,1046
ENSG00000206262,C3orf72,1047
ENSG00000114113,RBP2,1048
ENSG00000158258,CLSTN2,1049
ENSG00000177311,ZBTB38,1050
ENSG00000114124,GRK7,1051
ENSG00000243733,RP11-80H8.3,1052
ENSG00000174963,ZIC4,1053
ENSG00000242440,RP11-501O2.5,1054
ENSG00000047457,CP,1055
ENSG00000169908,TM4SF1,1056
ENSG00000240541,TM4SF1-AS1,1057
ENSG00000206199,ANKUB1,1058
ENSG00000070087,PFN2,1059
ENSG00000243944,RP11-167H9.4,1060
ENSG00000244541,LINC01213,1061
ENSG00000174944,P2RY14,1062
ENSG00000198829,SUCNR1,1063
ENSG00000239941,RP11-246A10.1,1064
ENSG00000221962,TMEM14EP,1065
ENSG00000241220,RP11-292E2.1,1066
ENSG00000114790,ARHGEF26,1067
ENSG00000196549,MME,1068
ENSG00000169282,KCNAB1,1069
ENSG00000240875,LINC00886,1070
ENSG00000241544,RP11-6F2.5,1071
ENSG00000163660,CCNL1,1072
ENSG00000163661,PTX3,1073
ENSG00000242536,RP11-290K4.2,1074
ENSG00000243150,RP11-538P18.2,1075
ENSG00000272247,RP11-379F4.9,1076
ENSG00000113810,SMC4,1077
ENSG00000244128,LINC01322,1078
ENSG00000174776,WDR49,1079
ENSG00000173905,GOLIM4,1080
ENSG00000269889,RP11-816J6.3,1081
ENSG00000269984,RP11-362K14.5,1082
ENSG00000270135,RP11-362K14.7,1083
ENSG00000187033,SAMD7,1084
ENSG00000240373,SEC62-AS1,1085
ENSG00000136603,SKIL,1086
ENSG00000163584,RPL22L1,1087
ENSG00000075651,PLD1,1088
ENSG00000075420,FNDC3B,1089
ENSG00000121858,TNFSF10,1090
ENSG00000228221,LINC00578,1091
ENSG00000172667,ZMAT3,1092
ENSG00000242522,KLHL6-AS1,1093
ENSG00000114796,KLHL24,1094
ENSG00000238020,HTR3E-AS1,1095
ENSG00000175182,FAM131A,1096
ENSG00000272970,RP11-329B9.4,1097
ENSG00000073803,MAP3K13,1098
ENSG00000163898,LIPH,1099
ENSG00000058866,DGKG,1100
ENSG00000263826,RP11-573D15.9,1101
ENSG00000156976,EIF4A2,1102
ENSG00000127241,MASP1,1103
ENSG00000136514,RTP4,1104
ENSG00000113916,BCL6,1105
ENSG00000224855,OPA1-AS1,1106
ENSG00000114315,HES1,1107
ENSG00000238097,RP11-513G11.3,1108
ENSG00000178772,CPN2,1109
ENSG00000172061,LRRC15,1110
ENSG00000185112,FAM43A,1111
ENSG00000230401,AC090505.4,1112
ENSG00000114331,ACAP2,1113
ENSG00000223711,AC091633.3,1114
ENSG00000189058,APOD,1115
ENSG00000176945,MUC20,1116
ENSG00000145113,MUC4,1117
ENSG00000223783,AC124944.5,1118
ENSG00000226155,AC124944.3,1119
ENSG00000072274,TFRC,1120
ENSG00000163961,RNF168,1121
ENSG00000232065,LINC01063,1122
ENSG00000225578,NCBP2-AS1,1123
ENSG00000161267,BDH1,1124
ENSG00000236833,AC024560.2,1125
ENSG00000133256,PDE6B,1126
ENSG00000272927,RP11-1191J2.5,1127
ENSG00000272588,RP11-440L14.4,1128
ENSG00000127415,IDUA,1129
ENSG00000280927,CTBP1-AS,1130
ENSG00000272783,RP13-1016M1.2,1131
ENSG00000244459,RP11-1398P2.1,1132
ENSG00000068078,FGFR3,1133
ENSG00000243449,C4orf48,1134
ENSG00000130997,POLN,1135
ENSG00000175920,DOK7,1136
ENSG00000163956,LRPAP1,1137
ENSG00000270090,RP11-529E10.7,1138
ENSG00000248516,RP11-265O12.1,1139
ENSG00000163132,MSX1,1140
ENSG00000170891,CYTL1,1141
ENSG00000072840,EVC,1142
ENSG00000074211,PPP2R2C,1143
ENSG00000246526,RP11-539L10.2,1144
ENSG00000163993,S100P,1145
ENSG00000245468,RP11-367J11.3,1146
ENSG00000178597,PSAPL1,1147
ENSG00000163995,ABLIM2,1148
ENSG00000125089,SH3TC1,1149
ENSG00000248986,RP11-774O3.1,1150
ENSG00000251615,RP11-774O3.3,1151
ENSG00000205959,RP11-689P11.2,1152
ENSG00000109625,CPZ,1153
ENSG00000109684,CLNK,1154
ENSG00000251210,RP11-168E17.1,1155
ENSG00000248360,LINC00504,1156
ENSG00000247624,CPEB2-AS1,1157
ENSG00000249252,RP11-665G4.1,1158
ENSG00000273133,RP11-799M12.2,1159
ENSG00000137440,FGFBP1,1160
ENSG00000137441,FGFBP2,1161
ENSG00000263327,TAPT1-AS1,1162
ENSG00000248138,RP11-446J8.1,1163
ENSG00000047662,FAM184B,1164
ENSG00000145147,SLIT2,1165
ENSG00000185774,KCNIP4,1166
ENSG00000272995,RP11-362J17.1,1167
ENSG00000251292,ERVH-1,1168
ENSG00000109610,SOD3,1169
ENSG00000181982,CCDC149,1170
ENSG00000153012,LGI2,1171
ENSG00000271172,RP11-660M5.1,1172
ENSG00000109689,STIM2,1173
ENSG00000047365,ARAP2,1174
ENSG00000154274,C4orf19,1175
ENSG00000248227,RP11-83C7.1,1176
ENSG00000174125,TLR1,1177
ENSG00000121895,TMEM156,1178
ENSG00000134962,KLB,1179
ENSG00000163683,SMIM14,1180
ENSG00000168421,RHOH,1181
ENSG00000249241,AC195454.1,1182
ENSG00000174343,CHRNA9,1183
ENSG00000124406,ATP8A1,1184
ENSG00000260519,RP11-109E24.2,1185
ENSG00000251350,LVCAT1,1186
ENSG00000151834,GABRA2,1187
ENSG00000145246,ATP10D,1188
ENSG00000250302,LINC01618,1189
ENSG00000248115,RP11-752D24.2,1190
ENSG00000072201,LNX1,1191
ENSG00000134853,PDGFRA,1192
ENSG00000251264,RP11-545H22.1,1193
ENSG00000157404,KIT,1194
ENSG00000270147,RP11-646I6.6,1195
ENSG00000163453,IGFBP7,1196
ENSG00000249892,RP11-525J21.1,1197
ENSG00000205682,RP11-798L4.1,1198
ENSG00000250125,RP11-707A18.1,1199
ENSG00000249413,RP11-25H12.1,1200
ENSG00000035720,STAP1,1201
ENSG00000187054,TMPRSS11A,1202
ENSG00000198092,TMPRSS11F,1203
ENSG00000185873,TMPRSS11B,1204
ENSG00000213759,UGT2B11,1205
ENSG00000250696,RP11-704M14.1,1206
ENSG00000178522,AMBN,1207
ENSG00000132464,ENAM,1208
ENSG00000132465,JCHAIN,1209
ENSG00000080493,SLC4A4,1210
ENSG00000169429,CXCL8,1211
ENSG00000109321,AREG,1212
ENSG00000260265,RP11-44F21.5,1213
ENSG00000250735,RP11-567N4.3,1214
ENSG00000174792,C4orf26,1215
ENSG00000229717,RP11-556N4.1,1216
ENSG00000169245,CXCL10,1217
ENSG00000138764,CCNG2,1218
ENSG00000138772,ANXA3,1219
ENSG00000251442,LINC01094,1220
ENSG00000138756,BMP2K,1221
ENSG00000248408,RP11-452C8.1,1222
ENSG00000163297,ANTXR2,1223
ENSG00000197826,C4orf22,1224
ENSG00000249242,TMEM150C,1225
ENSG00000145287,PLAC8,1226
ENSG00000173083,HPSE,1227
ENSG00000138678,GPAT3,1228
ENSG00000163623,NKX6-1,1229
ENSG00000273389,RP13-514E23.2,1230
ENSG00000163629,PTPN13,1231
ENSG00000145283,SLC10A6,1232
ENSG00000198189,HSD17B11,1233
ENSG00000152583,SPARCL1,1234
ENSG00000152591,DSPP,1235
ENSG00000118777,ABCG2,1236
ENSG00000138642,HERC6,1237
ENSG00000138646,HERC5,1238
ENSG00000145335,SNCA,1239
ENSG00000163106,HPGDS,1240
ENSG00000260641,RP11-1299A16.3,1241
ENSG00000172955,ADH6,1242
ENSG00000196616,ADH1B,1243
ENSG00000070190,DAPP1,1244
ENSG00000138814,PPP3CA,1245
ENSG00000109323,MANBA,1246
ENSG00000138778,CENPE,1247
ENSG00000168772,CXXC4,1248
ENSG00000248242,RP11-556I14.2,1249
ENSG00000248373,RP11-556I14.1,1250
ENSG00000168743,NPNT,1251
ENSG00000246774,AC004051.2,1252
ENSG00000138792,ENPEP,1253
ENSG00000073331,ALPK1,1254
ENSG00000145362,ANK2,1255
ENSG00000145349,CAMK2D,1256
ENSG00000250791,RP11-55L3.1,1257
ENSG00000236922,LINC01378,1258
ENSG00000150961,SEC24D,1259
ENSG00000172403,SYNPO2,1260
ENSG00000172399,MYOZ2,1261
ENSG00000145390,USP53,1262
ENSG00000145384,FABP2,1263
ENSG00000250938,RP11-679C8.2,1264
ENSG00000050730,TNIP3,1265
ENSG00000164111,ANXA5,1266
ENSG00000145386,CCNA2,1267
ENSG00000138688,KIAA1109,1268
ENSG00000227145,IL21-AS1,1269
ENSG00000181004,BBS12,1270
ENSG00000251526,RP11-381N20.1,1271
ENSG00000249464,LINC01091,1272
ENSG00000196159,FAT4,1273
ENSG00000250945,RP11-810P8.1,1274
ENSG00000142731,PLK4,1275
ENSG00000273077,RP11-130C6.1,1276
ENSG00000248187,RP11-184M15.1,1277
ENSG00000077684,JADE1,1278
ENSG00000138650,PCDH10,1279
ENSG00000151012,SLC7A11,1280
ENSG00000249381,LINC00500,1281
ENSG00000250977,RP11-173E2.2,1282
ENSG00000250501,RP11-98O2.1,1283
ENSG00000137463,MGARP,1284
ENSG00000273247,RP11-83A24.2,1285
ENSG00000261268,RP11-308D13.3,1286
ENSG00000197465,GYPE,1287
ENSG00000250361,GYPB,1288
ENSG00000170180,GYPA,1289
ENSG00000251298,RP11-425A23.1,1290
ENSG00000250252,RP11-342A1.1,1291
ENSG00000249690,RP11-1336O20.2,1292
ENSG00000181541,MAB21L2,1293
ENSG00000145425,RPS3A,1294
ENSG00000251611,RP11-610P16.1,1295
ENSG00000245954,RP11-18H21.1,1296
ENSG00000270883,RP11-461L13.5,1297
ENSG00000170006,TMEM154,1298
ENSG00000109654,TRIM2,1299
ENSG00000145428,RNF175,1300
ENSG00000256043,CTSO,1301
ENSG00000109738,GLRB,1302
ENSG00000248429,RP11-597D13.9,1303
ENSG00000052795,FNIP2,1304
ENSG00000164123,C4orf45,1305
ENSG00000249419,RP11-497K21.1,1306
ENSG00000248431,AC005150.1,1307
ENSG00000164128,NPY1R,1308
ENSG00000109472,CPE,1309
ENSG00000248601,RP11-310I9.1,1310
ENSG00000181381,DDX60L,1311
ENSG00000129116,PALLD,1312
ENSG00000109572,CLCN3,1313
ENSG00000251061,RP11-789C1.2,1314
ENSG00000174473,GALNTL6,1315
ENSG00000164104,HMGB2,1316
ENSG00000164106,SCRG1,1317
ENSG00000164120,HPGD,1318
ENSG00000251584,RP11-440I14.3,1319
ENSG00000168594,ADAM29,1320
ENSG00000150628,SPATA4,1321
ENSG00000249008,RP11-487E13.1,1322
ENSG00000248197,LINC00290,1323
ENSG00000177822,AC108142.1,1324
ENSG00000248694,RP11-18D7.2,1325
ENSG00000251128,WWC2-AS1,1326
ENSG00000173320,STOX2,1327
ENSG00000164303,ENPP6,1328
ENSG00000180712,RP11-290F5.2,1329
ENSG00000168310,IRF2,1330
ENSG00000271646,RP11-326I11.3,1331
ENSG00000271538,RP11-326I11.4,1332
ENSG00000151725,CENPU,1333
ENSG00000151726,ACSL1,1334
ENSG00000251139,RP11-701P16.2,1335
ENSG00000251230,MIR3945HG,1336
ENSG00000250410,RP11-714G18.1,1337
ENSG00000249679,RP11-279O9.4,1338
ENSG00000154553,PDLIM3,1339
ENSG00000164342,TLR3,1340
ENSG00000179046,TRIML2,1341
ENSG00000184108,TRIML1,1342
ENSG00000247130,RP11-366H4.3,1343
ENSG00000248370,RP11-366H4.1,1344
ENSG00000245685,AF146191.4,1345
ENSG00000109536,FRG1,1346
ENSG00000205097,FRG2,1347
ENSG00000249430,CTD-2231H16.1,1348
ENSG00000248925,CTD-2083E4.6,1349
ENSG00000171368,TPPP,1350
ENSG00000249201,CTD-3080P12.3,1351
ENSG00000174358,SLC6A19,1352
ENSG00000250584,LINC01511,1353
ENSG00000142319,SLC6A3,1354
ENSG00000260763,RP11-445O3.3,1355
ENSG00000215218,UBE2QL1,1356
ENSG00000250060,RP11-332J15.2,1357
ENSG00000223597,CTD-2296D1.5,1358
ENSG00000078295,ADCY2,1359
ENSG00000272049,RP11-480D4.6,1360
ENSG00000247516,MIR4458HG,1361
ENSG00000271715,CTD-2256P15.5,1362
ENSG00000249166,RP11-1C1.6,1363
ENSG00000249396,RP11-1C1.4,1364
ENSG00000250576,CTD-2154B17.1,1365
ENSG00000154153,FAM134B,1366
ENSG00000271892,CTD-2228A4.1,1367
ENSG00000249937,RP11-454P21.1,1368
ENSG00000251629,RP11-774D14.1,1369
ENSG00000245662,RP11-184E9.1,1370
ENSG00000273294,C1QTNF3-AMACR,1371
ENSG00000245711,NADK2-AS1,1372
ENSG00000079215,SLC1A3,1373
ENSG00000272103,CTD-2653M23.3,1374
ENSG00000168621,GDNF,1375
ENSG00000113594,LIFR,1376
ENSG00000249740,OSMR-AS1,1377
ENSG00000145623,OSMR,1378
ENSG00000164327,RICTOR,1379
ENSG00000082074,FYB,1380
ENSG00000153071,DAB2,1381
ENSG00000198865,CCDC152,1382
ENSG00000250722,SEPP1,1383
ENSG00000272234,CTD-2325A15.5,1384
ENSG00000251131,CTD-2035E11.3,1385
ENSG00000177721,ANXA2R,1386
ENSG00000272144,CTD-2035E11.5,1387
ENSG00000164588,HCN1,1388
ENSG00000151883,PARP8,1389
ENSG00000251573,CTD-2089N3.2,1390
ENSG00000016082,ISL1,1391
ENSG00000248898,CTD-2288O8.1,1392
ENSG00000134363,FST,1393
ENSG00000250447,CTD-2081C10.1,1394
ENSG00000164287,CDC20B,1395
ENSG00000067113,PLPP1,1396
ENSG00000152670,DDX4,1397
ENSG00000134352,IL6ST,1398
ENSG00000262211,CTD-2031P19.5,1399
ENSG00000164512,ANKRD55,1400
ENSG00000169067,ACTBL2,1401
ENSG00000145632,PLK2,1402
ENSG00000175857,GAPT,1403
ENSG00000248733,CTD-2176I21.2,1404
ENSG00000113448,PDE4D,1405
ENSG00000152931,PART1,1406
ENSG00000134061,CD180,1407
ENSG00000145675,PIK3R1,1408
ENSG00000134057,CCNB1,1409
ENSG00000164326,CARTPT,1410
ENSG00000131711,MAP1B,1411
ENSG00000178175,ZNF366,1412
ENSG00000249085,CTD-2631K10.1,1413
ENSG00000157111,TMEM171,1414
ENSG00000214944,ARHGEF28,1415
ENSG00000049860,HEXB,1416
ENSG00000198780,FAM169A,1417
ENSG00000249856,CTD-2503O16.4,1418
ENSG00000122012,SV2C,1419
ENSG00000250348,RP11-466P24.6,1420
ENSG00000145703,IQGAP2,1421
ENSG00000164220,F2RL2,1422
ENSG00000171643,S100Z,1423
ENSG00000145708,CRHBP,1424
ENSG00000113273,ARSB,1425
ENSG00000164309,CMYA5,1426
ENSG00000249655,CTC-325J23.2,1427
ENSG00000113319,RASGRF2,1428
ENSG00000131730,CKMT2,1429
ENSG00000172497,ACOT12,1430
ENSG00000281327,LINC01338,1431
ENSG00000250874,CTC-480C2.1,1432
ENSG00000249153,CTD-2036A18.2,1433
ENSG00000250544,CTC-493L21.1,1434
ENSG00000245526,LINC00461,1435
ENSG00000081189,MEF2C,1436
ENSG00000113369,ARRDC3,1437
ENSG00000251361,CTD-2091N23.1,1438
ENSG00000237187,NR2F1-AS1,1439
ENSG00000164292,RHOBTB3,1440
ENSG00000173221,GLRX,1441
ENSG00000251314,CTD-2337A12.1,1442
ENSG00000250955,AC008592.7,1443
ENSG00000248734,CTD-2260A17.1,1444
ENSG00000272109,CTD-2260A17.3,1445
ENSG00000164308,ERAP2,1446
ENSG00000145721,LIX1,1447
ENSG00000174136,RGMB,1448
ENSG00000113532,ST8SIA4,1449
ENSG00000205359,SLCO6A1,1450
ENSG00000249017,RP11-58B2.1,1451
ENSG00000198961,PJA2,1452
ENSG00000250882,CTC-459M5.1,1453
ENSG00000171444,MCC,1454
ENSG00000080709,KCNN2,1455
ENSG00000152503,TRIM36,1456
ENSG00000249249,AC010226.4,1457
ENSG00000092421,SEMA6A,1458
ENSG00000249167,CTB-118N6.2,1459
ENSG00000145779,TNFAIP8,1460
ENSG00000133835,HSD17B4,1461
ENSG00000164334,FAM170A,1462
ENSG00000184838,PRR16,1463
ENSG00000168938,PPIC,1464
ENSG00000253807,LINC01170,1465
ENSG00000155324,GRAMD3,1466
ENSG00000250602,RP11-517I3.1,1467
ENSG00000164904,ALDH7A1,1468
ENSG00000251072,RP11-434D11.4,1469
ENSG00000138829,FBN2,1470
ENSG00000186367,KIAA1024L,1471
ENSG00000217128,FNIP1,1472
ENSG00000234758,AC034228.4,1473
ENSG00000231585,AC034228.2,1474
ENSG00000164400,CSF2,1475
ENSG00000131435,PDLIM4,1476
ENSG00000125347,IRF1,1477
ENSG00000223442,TH2LCRR,1478
ENSG00000072364,AFF4,1479
ENSG00000053108,FSTL4,1480
ENSG00000249478,CTB-49A3.5,1481
ENSG00000248559,RP11-215P8.3,1482
ENSG00000069011,PITX1,1483
ENSG00000270021,CTC-203F4.2,1484
ENSG00000249639,CTB-138E5.1,1485
ENSG00000152377,SPOCK1,1486
ENSG00000078795,PKD2L2,1487
ENSG00000061492,WNT8A,1488
ENSG00000120738,EGR1,1489
ENSG00000184584,TMEM173,1490
ENSG00000271792,CTB-35F21.5,1491
ENSG00000170458,CD14,1492
ENSG00000255408,PCDHA3,1493
ENSG00000251664,PCDHA12,1494
ENSG00000272108,AC005754.8,1495
ENSG00000272070,AC005618.6,1496
ENSG00000204956,PCDHGA1,1497
ENSG00000254245,PCDHGA3,1498
ENSG00000253485,PCDHGA5,1499
ENSG00000253731,PCDHGA6,1500
ENSG00000253537,PCDHGA7,1501
ENSG00000253767,PCDHGA8,1502
ENSG00000276547,PCDHGB5,1503
ENSG00000253305,PCDHGB6,1504
ENSG00000253846,PCDHGA10,1505
ENSG00000253159,PCDHGA12,1506
ENSG00000120318,ARAP3,1507
ENSG00000113555,PCDH12,1508
ENSG00000236714,AC005592.1,1509
ENSG00000250842,CTC-806A22.1,1510
ENSG00000156463,SH3RF2,1511
ENSG00000091010,POU4F3,1512
ENSG00000176049,JAKMIP2,1513
ENSG00000164266,SPINK1,1514
ENSG00000164265,SCGB3A2,1515
ENSG00000133710,SPINK5,1516
ENSG00000178172,SPINK6,1517
ENSG00000247199,RP11-373N22.3,1518
ENSG00000169252,ADRB2,1519
ENSG00000173210,ABLIM3,1520
ENSG00000249669,CARMN,1521
ENSG00000132915,PDE6A,1522
ENSG00000155850,SLC26A2,1523
ENSG00000182578,CSF1R,1524
ENSG00000011083,SLC6A7,1525
ENSG00000070808,CAMK2A,1526
ENSG00000183876,ARSI,1527
ENSG00000019582,CD74,1528
ENSG00000254333,CTC-367J11.1,1529
ENSG00000171992,SYNPO,1530
ENSG00000164591,MYOZ3,1531
ENSG00000256235,SMIM3,1532
ENSG00000186335,SLC36A2,1533
ENSG00000113140,SPARC,1534
ENSG00000272112,CTB-113P19.5,1535
ENSG00000113196,HAND1,1536
ENSG00000170271,FAXDC2,1537
ENSG00000135077,HAVCR2,1538
ENSG00000113263,ITK,1539
ENSG00000170613,FAM71B,1540
ENSG00000055163,CYFIP2,1541
ENSG00000248544,CTB-47B11.3,1542
ENSG00000135074,ADAM19,1543
ENSG00000247699,CTB-127C13.1,1544
ENSG00000135083,CCNJL,1545
ENSG00000164611,PTTG1,1546
ENSG00000280776,LINC01202,1547
ENSG00000113327,GABRG2,1548
ENSG00000250061,RP11-541P9.3,1549
ENSG00000072571,HMMR,1550
ENSG00000241956,CTC-340A15.2,1551
ENSG00000254297,CTC-286N12.1,1552
ENSG00000253978,CTB-178M22.2,1553
ENSG00000043462,LCP2,1554
ENSG00000250274,CTB-114C7.4,1555
ENSG00000145936,KCNMB1,1556
ENSG00000094755,GABRP,1557
ENSG00000181163,NPM1,1558
ENSG00000214357,NEURL1B,1559
ENSG00000120129,DUSP1,1560
ENSG00000113732,ATP6V0E1,1561
ENSG00000164463,CREBRF,1562
ENSG00000253686,LINC01484,1563
ENSG00000113742,CPEB4,1564
ENSG00000170091,HMP19,1565
ENSG00000182230,FAM153B,1566
ENSG00000160883,HK3,1567
ENSG00000196570,PFN3,1568
ENSG00000146094,DOK3,1569
ENSG00000175309,PHYKPL,1570
ENSG00000178187,ZNF454,1571
ENSG00000113262,GRM6,1572
ENSG00000234284,ZNF879,1573
ENSG00000169045,HNRNPH1,1574
ENSG00000213316,LTC4S,1575
ENSG00000161011,SQSTM1,1576
ENSG00000113269,RNF130,1577
ENSG00000250509,CTC-573N18.1,1578
ENSG00000113303,BTNL8,1579
ENSG00000165810,BTNL9,1580
ENSG00000238035,AC138035.2,1581
ENSG00000112679,DUSP22,1582
ENSG00000271727,RP11-532F6.4,1583
ENSG00000272485,RP11-284J1.1,1584
ENSG00000272465,RP1-136B1.1,1585
ENSG00000021355,SERPINB1,1586
ENSG00000170542,SERPINB9,1587
ENSG00000228170,RP1-40E16.11,1588
ENSG00000137267,TUBB2A,1589
ENSG00000137285,TUBB2B,1590
ENSG00000230648,RP3-406P24.3,1591
ENSG00000145975,FAM217A,1592
ENSG00000260239,RP11-274H24.1,1593
ENSG00000124782,RREB1,1594
ENSG00000238221,RP11-69L16.4,1595
ENSG00000261189,RP3-512B11.3,1596
ENSG00000230939,RP11-314C16.1,1597
ENSG00000181355,OFCC1,1598
ENSG00000137203,TFAP2A,1599
ENSG00000229950,TFAP2A-AS1,1600
ENSG00000229401,MIR5689HG,1601
ENSG00000111846,GCNT2,1602
ENSG00000237685,RP11-360O19.4,1603
ENSG00000272097,RP11-421M1.8,1604
ENSG00000124827,GCM2,1605
ENSG00000244476,ERVFRD-1,1606
ENSG00000111863,ADTRP,1607
ENSG00000112137,PHACTR1,1608
ENSG00000180537,RNF182,1609
ENSG00000237346,RP3-448I9.2,1610
ENSG00000007944,MYLIP,1611
ENSG00000124788,ATXN1,1612
ENSG00000124795,DEK,1613
ENSG00000228412,RP4-625H18.2,1614
ENSG00000227803,RP11-239H6.2,1615
ENSG00000124766,SOX4,1616
ENSG00000272168,CASC15,1617
ENSG00000172179,PRL,1618
ENSG00000137261,KIAA0319,1619
ENSG00000111913,FAM65B,1620
ENSG00000272053,RP11-367G6.3,1621
ENSG00000079691,LRRC16A,1622
ENSG00000164508,HIST1H2AA,1623
ENSG00000112343,TRIM38,1624
ENSG00000187837,HIST1H1C,1625
ENSG00000197061,HIST1H4C,1626
ENSG00000180573,HIST1H2AC,1627
ENSG00000158373,HIST1H2BD,1628
ENSG00000274290,HIST1H2BE,1629
ENSG00000282988,RP1-34B20.21,1630
ENSG00000276966,HIST1H4E,1631
ENSG00000273802,HIST1H2BG,1632
ENSG00000158406,HIST1H4H,1633
ENSG00000275846,RP11-457M11.7,1634
ENSG00000272312,RP11-239L20.6,1635
ENSG00000124635,HIST1H2BJ,1636
ENSG00000271755,RP1-153G14.4,1637
ENSG00000278828,HIST1H3H,1638
ENSG00000198704,GPX6,1639
ENSG00000204709,LINC01556,1640
ENSG00000243729,OR5V1,1641
ENSG00000204655,MOG,1642
ENSG00000204642,HLA-F,1643
ENSG00000206503,HLA-A,1644
ENSG00000204625,HCG9,1645
ENSG00000204616,TRIM31,1646
ENSG00000204592,HLA-E,1647
ENSG00000235781,XXbac-BPG249D20.9,1648
ENSG00000146112,PPP1R18,1649
ENSG00000196230,TUBB,1650
ENSG00000137331,IER3,1651
ENSG00000168631,DPCR1,1652
ENSG00000204544,MUC21,1653
ENSG00000228789,HCG22,1654
ENSG00000204539,CDSN,1655
ENSG00000271821,XXbac-BPG299F13.14,1656
ENSG00000204525,HLA-C,1657
ENSG00000234745,HLA-B,1658
ENSG00000254870,ATP6V1G2-DDX39B,1659
ENSG00000226979,LTA,1660
ENSG00000232810,TNF,1661
ENSG00000227507,LTB,1662
ENSG00000204482,LST1,1663
ENSG00000204472,AIF1,1664
ENSG00000204428,LY6G5C,1665
ENSG00000213722,DDAH2,1666
ENSG00000213719,CLIC1,1667
ENSG00000204396,VWA7,1668
ENSG00000204389,HSPA1A,1669
ENSG00000204388,HSPA1B,1670
ENSG00000204387,C6orf48,1671
ENSG00000204386,NEU1,1672
ENSG00000204385,SLC44A4,1673
ENSG00000166278,C2,1674
ENSG00000213676,ATF6B,1675
ENSG00000213654,GPSM3,1676
ENSG00000204287,HLA-DRA,1677
ENSG00000196126,HLA-DRB1,1678
ENSG00000196735,HLA-DQA1,1679
ENSG00000204264,PSMB8,1680
ENSG00000204261,PSMB8-AS1,1681
ENSG00000240065,PSMB9,1682
ENSG00000168394,TAP1,1683
ENSG00000242574,HLA-DMB,1684
ENSG00000204252,HLA-DOA,1685
ENSG00000231389,HLA-DPA1,1686
ENSG00000223865,HLA-DPB1,1687
ENSG00000235863,B3GALT4,1688
ENSG00000231925,TAPBP,1689
ENSG00000030110,BAK1,1690
ENSG00000161896,IP6K3,1691
ENSG00000124493,GRM4,1692
ENSG00000186577,C6orf1,1693
ENSG00000146197,SCUBE3,1694
ENSG00000023892,DEF6,1695
ENSG00000180316,PNPLA1,1696
ENSG00000010030,ETV7,1697
ENSG00000112081,SRSF3,1698
ENSG00000124762,CDKN1A,1699
ENSG00000255587,RAB44,1700
ENSG00000124772,CPNE5,1701
ENSG00000164530,PI16,1702
ENSG00000146192,FGD2,1703
ENSG00000137193,PIM1,1704
ENSG00000172738,TMEM217,1705
ENSG00000112139,MDGA1,1706
ENSG00000124780,KCNK17,1707
ENSG00000164627,KIF6,1708
ENSG00000146122,DAAM2,1709
ENSG00000235033,RP11-61I13.3,1710
ENSG00000124701,APOBEC2,1711
ENSG00000112559,MDFI,1712
ENSG00000112561,TFEB,1713
ENSG00000096088,PGC,1714
ENSG00000278224,PRICKLE4,1715
ENSG00000112576,CCND3,1716
ENSG00000171611,PTCRA,1717
ENSG00000171467,ZNF318,1718
ENSG00000272114,RP1-261G23.7,1719
ENSG00000237686,RP5-1120P11.1,1720
ENSG00000181577,C6orf223,1721
ENSG00000262179,RP1-302G2.5,1722
ENSG00000096384,HSP90AB1,1723
ENSG00000272442,RP11-444E17.6,1724
ENSG00000146221,TCTE1,1725
ENSG00000124813,RUNX2,1726
ENSG00000112796,ENPP5,1727
ENSG00000172348,RCAN2,1728
ENSG00000146233,CYP39A1,1729
ENSG00000153291,SLC25A27,1730
ENSG00000236164,RP11-268F1.3,1731
ENSG00000112818,MEP1A,1732
ENSG00000153292,ADGRF1,1733
ENSG00000153294,ADGRF4,1734
ENSG00000124818,OPN5,1735
ENSG00000124490,CRISP2,1736
ENSG00000096006,CRISP3,1737
ENSG00000233470,RP11-524K22.1,1738
ENSG00000170927,PKHD1,1739
ENSG00000170915,PAQR8,1740
ENSG00000096093,EFHC1,1741
ENSG00000243955,GSTA1,1742
ENSG00000137270,GCM1,1743
ENSG00000271367,RP3-483K16.4,1744
ENSG00000236740,RP11-411K7.1,1745
ENSG00000124749,COL21A1,1746
ENSG00000151914,DST,1747
ENSG00000226803,RP11-203B9.4,1748
ENSG00000272541,XXbac-BPGBPG55C20.1,1749
ENSG00000271761,XXbac-BPGBPG55C20.3,1750
ENSG00000146166,LGSN,1751
ENSG00000188107,EYS,1752
ENSG00000227706,RP11-301G19.1,1753
ENSG00000230910,RP3-525N10.2,1754
ENSG00000237643,RP11-462G2.1,1755
ENSG00000223765,LINC01626,1756
ENSG00000079841,RIMS1,1757
ENSG00000203907,OOEP,1758
ENSG00000164430,MB21D1,1759
ENSG00000223821,RP11-505P4.6,1760
ENSG00000229862,RP11-505P4.7,1761
ENSG00000272243,RP11-554D15.3,1762
ENSG00000238156,RP11-415D17.4,1763
ENSG00000135338,LCA5,1764
ENSG00000112773,FAM46A,1765
ENSG00000146250,PRSS35,1766
ENSG00000228290,TBX18-AS1,1767
ENSG00000135346,CGA,1768
ENSG00000213204,RP3-382I10.7,1769
ENSG00000271931,RP11-63L7.5,1770
ENSG00000146278,PNRC1,1771
ENSG00000260271,RP1-45N11.1,1772
ENSG00000235099,RP1-23E21.2,1773
ENSG00000184486,POU3F2,1774
ENSG00000132424,PNISR,1775
ENSG00000152034,MCHR2,1776
ENSG00000203809,LINC00577,1777
ENSG00000231628,RP3-355L5.4,1778
ENSG00000057657,PRDM1,1779
ENSG00000112297,AIM1,1780
ENSG00000235142,RP1-60O19.1,1781
ENSG00000272398,CD24,1782
ENSG00000272476,RP1-191J18.66,1783
ENSG00000271734,RP1-111B22.3,1784
ENSG00000135535,CD164,1785
ENSG00000135596,MICAL1,1786
ENSG00000272356,RP5-1112D6.8,1787
ENSG00000112761,WISP3,1788
ENSG00000237234,RP1-142L7.5,1789
ENSG00000277443,MARCKS,1790
ENSG00000111816,FRK,1791
ENSG00000111817,DSE,1792
ENSG00000189241,TSPYL1,1793
ENSG00000188820,FAM26F,1794
ENSG00000234117,RP11-259P20.1,1795
ENSG00000173626,TRAPPC3L,1796
ENSG00000196376,SLC35F1,1797
ENSG00000198523,PLN,1798
ENSG00000164434,FABP7,1799
ENSG00000172594,SMPDL3A,1800
ENSG00000236548,RNF217-AS1,1801
ENSG00000237742,RP11-624M8.1,1802
ENSG00000224506,RP1-293L8.2,1803
ENSG00000135547,HEY2,1804
ENSG00000255330,RP3-403A15.5,1805
ENSG00000196569,LAMA2,1806
ENSG00000233351,RP1-69D17.3,1807
ENSG00000236673,RP11-69I8.2,1808
ENSG00000112299,VNN1,1809
ENSG00000093134,VNN3,1810
ENSG00000112303,VNN2,1811
ENSG00000112319,EYA4,1812
ENSG00000146411,SLC2A12,1813
ENSG00000118515,SGK1,1814
ENSG00000236700,LINC01010,1815
ENSG00000232310,RP11-557H15.4,1816
ENSG00000227723,CTA-31J9.2,1817
ENSG00000118514,ALDH8A1,1818
ENSG00000118513,MYB,1819
ENSG00000236703,MYB-AS1,1820
ENSG00000234084,RP3-388E23.2,1821
ENSG00000234263,RP3-325F22.3,1822
ENSG00000164485,IL22RA2,1823
ENSG00000027697,IFNGR1,1824
ENSG00000164440,TXLNB,1825
ENSG00000164442,CITED2,1826
ENSG00000238099,LINC01625,1827
ENSG00000010818,HIVEP2,1828
ENSG00000135604,STX11,1829
ENSG00000152818,UTRN,1830
ENSG00000118492,ADGB,1831
ENSG00000233452,STXBP5-AS1,1832
ENSG00000228408,RP1-111D6.3,1833
ENSG00000273132,RP11-350J20.12,1834
ENSG00000131015,ULBP2,1835
ENSG00000198729,PPP1R14C,1836
ENSG00000131016,AKAP12,1837
ENSG00000131018,SYNE1,1838
ENSG00000213121,RP11-306O13.1,1839
ENSG00000074706,IPCEF1,1840
ENSG00000164674,SYTL3,1841
ENSG00000164691,TAGAP,1842
ENSG00000175003,SLC22A1,1843
ENSG00000071242,RPS6KA2,1844
ENSG00000026297,RNASET2,1845
ENSG00000234647,RP11-503C24.4,1846
ENSG00000227704,RP1-266L20.4,1847
ENSG00000231690,LINC00574,1848
ENSG00000198719,DLL1,1849
ENSG00000271234,RP5-894D12.4,1850
ENSG00000008018,PSMB1,1851
ENSG00000197461,PDGFA,1852
ENSG00000273151,RP11-449P15.2,1853
ENSG00000105963,ADAP1,1854
ENSG00000073067,CYP2W1,1855
ENSG00000225146,AC073957.15,1856
ENSG00000225981,AC102953.4,1857
ENSG00000225968,ELFN1,1858
ENSG00000176349,AC110781.3,1859
ENSG00000188365,AC092171.2,1860
ENSG00000075624,ACTB,1861
ENSG00000272719,CTB-161C1.1,1862
ENSG00000157999,ANKRD61,1863
ENSG00000231704,AC004895.4,1864
ENSG00000272894,RP5-1159O4.1,1865
ENSG00000233108,AC006042.7,1866
ENSG00000225606,AC005281.2,1867
ENSG00000136267,DGKB,1868
ENSG00000106546,AHR,1869
ENSG00000048052,HDAC9,1870
ENSG00000105855,ITGB8,1871
ENSG00000136244,IL6,1872
ENSG00000105928,DFNA5,1873
ENSG00000086300,SNX10,1874
ENSG00000225792,AC004540.4,1875
ENSG00000214870,AC004540.5,1876
ENSG00000005020,SKAP2,1877
ENSG00000233429,HOTAIRM1,1878
ENSG00000253508,RP1-170O19.14,1879
ENSG00000106031,HOXA13,1880
ENSG00000243766,HOTTIP,1881
ENSG00000106052,TAX1BP1,1882
ENSG00000234336,JAZF1-AS1,1883
ENSG00000146592,CREB5,1884
ENSG00000106066,CPVL,1885
ENSG00000235669,AC004593.3,1886
ENSG00000176532,PRR15,1887
ENSG00000180354,MTURN,1888
ENSG00000281039,RP4-777O23.3,1889
ENSG00000263683,RP4-777O23.1,1890
ENSG00000106113,CRHR2,1891
ENSG00000241644,INMT,1892
ENSG00000240583,AQP1,1893
ENSG00000228878,SEPT7-AS1,1894
ENSG00000227191,TRGC2,1895
ENSG00000211689,TRGC1,1896
ENSG00000211695,TRGV9,1897
ENSG00000225992,TRGVA,1898
ENSG00000272908,RP11-121A8.1,1899
ENSG00000211697,TRGV5,1900
ENSG00000078053,AMPH,1901
ENSG00000106536,POU6F2,1902
ENSG00000227172,AC011290.4,1903
ENSG00000122641,INHBA,1904
ENSG00000136197,C7orf25,1905
ENSG00000002746,HECW1,1906
ENSG00000235314,LINC00957,1907
ENSG00000164708,PGAM2,1908
ENSG00000015520,NPC1L1,1909
ENSG00000136286,MYO1G,1910
ENSG00000183696,UPP1,1911
ENSG00000179869,ABCA13,1912
ENSG00000188730,VWC2,1913
ENSG00000228005,AC020743.2,1914
ENSG00000132437,DDC,1915
ENSG00000129103,SUMF2,1916
ENSG00000164776,PHKG1,1917
ENSG00000152926,ZNF117,1918
ENSG00000213462,ERV3-1,1919
ENSG00000169902,TPST1,1920
ENSG00000229180,GS1-124K5.11,1921
ENSG00000243335,KCTD7,1922
ENSG00000155428,TRIM74,1923
ENSG00000225969,ABHD11-AS1,1924
ENSG00000189143,CLDN4,1925
ENSG00000175877,WBSCR28,1926
ENSG00000261467,RP11-731K22.1,1927
ENSG00000106665,CLIP2,1928
ENSG00000158517,NCF1,1929
ENSG00000196275,GTF2IRD2,1930
ENSG00000263081,AC004878.8,1931
ENSG00000127946,HIP1,1932
ENSG00000135205,CCDC146,1933
ENSG00000127947,PTPN12,1934
ENSG00000127955,GNAI1,1935
ENSG00000135218,CD36,1936
ENSG00000186472,PCLO,1937
ENSG00000170381,SEMA3E,1938
ENSG00000075213,SEMA3A,1939
ENSG00000153993,SEMA3D,1940
ENSG00000198822,GRM3,1941
ENSG00000231255,AC005009.1,1942
ENSG00000085563,ABCB1,1943
ENSG00000105784,RUNDC3B,1944
ENSG00000058091,CDK14,1945
ENSG00000223969,AC002456.2,1946
ENSG00000177409,SAMD9L,1947
ENSG00000188175,HEPACAM2,1948
ENSG00000004948,CALCR,1949
ENSG00000105825,TFPI2,1950
ENSG00000236861,AC006378.2,1951
ENSG00000236453,AC003092.1,1952
ENSG00000105852,PON3,1953
ENSG00000005981,ASB4,1954
ENSG00000004799,PDK4,1955
ENSG00000231170,AC002451.3,1956
ENSG00000158560,DYNC1I1,1957
ENSG00000164713,BRI3,1958
ENSG00000272950,RP11-307C18.1,1959
ENSG00000130429,ARPC1B,1960
ENSG00000106258,CYP3A5,1961
ENSG00000160868,CYP3A4,1962
ENSG00000237640,RP4-604G5.1,1963
ENSG00000239521,GATS,1964
ENSG00000085514,PILRA,1965
ENSG00000185955,C7orf61,1966
ENSG00000166925,TSC22D4,1967
ENSG00000146830,GIGYF1,1968
ENSG00000205277,MUC12,1969
ENSG00000227053,RP11-395B7.4,1970
ENSG00000169876,MUC17,1971
ENSG00000169871,TRIM56,1972
ENSG00000106366,SERPINE1,1973
ENSG00000128564,VGF,1974
ENSG00000106436,MYL10,1975
ENSG00000261535,CTA-305I2.1,1976
ENSG00000239480,RP11-514P8.2,1977
ENSG00000160991,ORAI2,1978
ENSG00000168255,POLR2J3,1979
ENSG00000105808,RASA4,1980
ENSG00000205236,RP11-514P8.6,1981
ENSG00000279168,AC105052.2,1982
ENSG00000128606,LRRC17,1983
ENSG00000170615,SLC26A5,1984
ENSG00000189056,RELN,1985
ENSG00000005483,KMT2E,1986
ENSG00000105851,PIK3CG,1987
ENSG00000105856,HBP1,1988
ENSG00000233705,SLC26A4-AS1,1989
ENSG00000273055,CTB-13F3.1,1990
ENSG00000135241,PNPLA8,1991
ENSG00000226965,AC003088.1,1992
ENSG00000223646,AC002463.3,1993
ENSG00000164603,C7orf60,1994
ENSG00000164604,GPR85,1995
ENSG00000225535,LINC01393,1996
ENSG00000135269,TES,1997
ENSG00000105971,CAV2,1998
ENSG00000105974,CAV1,1999
ENSG00000077063,CTTNBP2,2000
ENSG00000106013,ANKRD7,2001
ENSG00000008311,AASS,2002
ENSG00000230316,FEZF1-AS1,2003
ENSG00000275356,C7orf77,2004
ENSG00000224899,RP11-3B12.5,2005
ENSG00000237764,RP11-3B12.2,2006
ENSG00000273270,RP11-212P7.2,2007
ENSG00000271553,RP11-274B21.10,2008
ENSG00000271344,RP11-274B21.9,2009
ENSG00000128617,OPN1SW,2010
ENSG00000128596,CCDC136,2011
ENSG00000186591,UBE2H,2012
ENSG00000244036,RP11-306G20.1,2013
ENSG00000165120,SSMEM1,2014
ENSG00000213265,TSGA13,2015
ENSG00000226380,AC058791.1,2016
ENSG00000271204,RP11-138A9.1,2017
ENSG00000273319,RP11-138A9.2,2018
ENSG00000231721,LINC-PINT,2019
ENSG00000221866,PLXNA4,2020
ENSG00000155530,LRGUK,2021
ENSG00000085662,AKR1B1,2022
ENSG00000172331,BPGM,2023
ENSG00000273219,RP11-644N4.1,2024
ENSG00000157680,DGKI,2025
ENSG00000182158,CREB3L2,2026
ENSG00000157703,SVOPL,2027
ENSG00000105939,ZC3HAV1,2028
ENSG00000064393,HIPK2,2029
ENSG00000146966,DENND2A,2030
ENSG00000228775,WEE2-AS1,2031
ENSG00000211751,TRBC1,2032
ENSG00000275896,PRSS2,2033
ENSG00000211772,TRBC2,2034
ENSG00000237254,TRBV30,2035
ENSG00000106123,EPHB6,2036
ENSG00000231840,AC073342.12,2037
ENSG00000178826,TMEM139,2038
ENSG00000159784,FAM131B,2039
ENSG00000232533,AC093673.5,2040
ENSG00000159840,ZYX,2041
ENSG00000185899,TAS2R60,2042
ENSG00000170379,TCAF2,2043
ENSG00000174469,CNTNAP2,2044
ENSG00000281189,GHET1,2045
ENSG00000204947,ZNF425,2046
ENSG00000181444,ZNF467,2047
ENSG00000197558,SSPO,2048
ENSG00000106479,ZNF862,2049
ENSG00000273293,RP11-445N20.3,2050
ENSG00000240449,RP4-584D14.5,2051
ENSG00000242258,LINC00996,2052
ENSG00000171115,GIMAP8,2053
ENSG00000179144,GIMAP7,2054
ENSG00000106560,GIMAP2,2055
ENSG00000106565,TMEM176B,2056
ENSG00000002933,TMEM176A,2057
ENSG00000055118,KCNH2,2058
ENSG00000272661,RP4-548D19.3,2059
ENSG00000187260,WDR86,2060
ENSG00000239911,PRKAG2-AS1,2061
ENSG00000261455,LINC01003,2062
ENSG00000130226,DPP6,2063
ENSG00000214106,PAXIP1-AS2,2064
ENSG00000273183,RP11-5C23.2,2065
ENSG00000227365,AC008060.5,2066
ENSG00000228569,AC073133.2,2067
ENSG00000235029,MNX1-AS2,2068
ENSG00000269446,RP4-639J15.3,2069
ENSG00000222012,AC005481.5,2070
ENSG00000233038,AC011899.9,2071
ENSG00000272839,RP11-452C13.1,2072
ENSG00000106018,VIPR2,2073
ENSG00000226179,LINC00685,2074
ENSG00000205755,CRLF2,2075
ENSG00000198223,CSF2RA,2076
ENSG00000185291,IL3RA,2077
ENSG00000182162,P2RY8,2078
ENSG00000002586,CD99,2079
ENSG00000006756,ARSD,2080
ENSG00000205662,RP11-706O15.7,2081
ENSG00000205642,VCX3B,2082
ENSG00000196664,TLR7,2083
ENSG00000205542,TMSB4X,2084
ENSG00000187268,FAM9C,2085
ENSG00000212663,RP1-122K4.3,2086
ENSG00000102048,ASB9,2087
ENSG00000102010,BMX,2088
ENSG00000147003,TMEM27,2089
ENSG00000182287,AP1S2,2090
ENSG00000238178,RP11-431J24.2,2091
ENSG00000131831,RAI2,2092
ENSG00000177324,BEND2,2093
ENSG00000008086,CDKL5,2094
ENSG00000173698,ADGRG2,2095
ENSG00000102174,PHEX,2096
ENSG00000165186,PTCHD1,2097
ENSG00000123131,PRDX4,2098
ENSG00000233785,RP13-314C10.5,2099
ENSG00000130066,SAT1,2100
ENSG00000130741,EIF2S3,2101
ENSG00000102230,PCYT1B,2102
ENSG00000004848,ARX,2103
ENSG00000099399,MAGEB2,2104
ENSG00000120280,CXorf21,2105
ENSG00000198947,DMD,2106
ENSG00000047597,XK,2107
ENSG00000165168,CYBB,2108
ENSG00000165169,DYNLT3,2109
ENSG00000101955,SRPX,2110
ENSG00000165175,MID1IP1,2111
ENSG00000235304,LINC01281,2112
ENSG00000236393,RP11-320G24.1,2113
ENSG00000223714,RP5-1172N10.2,2114
ENSG00000171659,GPR34,2115
ENSG00000171657,GPR82,2116
ENSG00000069535,MAOB,2117
ENSG00000147113,CXorf36,2118
ENSG00000102265,TIMP1,2119
ENSG00000126759,CFP,2120
ENSG00000267064,UXT-AS1,2121
ENSG00000232828,AF196970.3,2122
ENSG00000187682,ERAS,2123
ENSG00000102096,PIM2,2124
ENSG00000102007,PLP2,2125
ENSG00000102003,SYP,2126
ENSG00000224659,GAGE12J,2127
ENSG00000158352,SHROOM4,2128
ENSG00000226530,RP11-348F1.2,2129
ENSG00000179222,MAGED1,2130
ENSG00000204363,SPANXN5,2131
ENSG00000268350,FAM156A,2132
ENSG00000102316,MAGED2,2133
ENSG00000067445,TRO,2134
ENSG00000158578,ALAS2,2135
ENSG00000158639,PAGE5,2136
ENSG00000204272,LINC01420,2137
ENSG00000147065,MSN,2138
ENSG00000274536,RP6-159A1.4,2139
ENSG00000155659,VSIG4,2140
ENSG00000089472,HEPH,2141
ENSG00000169083,AR,2142
ENSG00000089289,IGBP1,2143
ENSG00000184481,FOXO4,2144
ENSG00000147168,IL2RG,2145
ENSG00000147174,ACRC,2146
ENSG00000281852,LINC00891,2147
ENSG00000242732,RGAG4,2148
ENSG00000198034,RPS4X,2149
ENSG00000125931,CITED1,2150
ENSG00000229807,XIST,2151
ENSG00000230590,FTX,2152
ENSG00000050030,KIAA2022,2153
ENSG00000226784,PGAM4,2154
ENSG00000173198,CYSLTR1,2155
ENSG00000147145,LPAR4,2156
ENSG00000131171,SH3BGRL,2157
ENSG00000072133,RPS6KA6,2158
ENSG00000184788,SATL1,2159
ENSG00000102271,KLHL4,2160
ENSG00000153779,TGIF2LX,2161
ENSG00000204086,RPA4,2162
ENSG00000007952,NOX1,2163
ENSG00000126950,TMEM35,2164
ENSG00000010671,BTK,2165
ENSG00000102401,ARMCX3,2166
ENSG00000166432,ZMAT1,2167
ENSG00000147206,NXF3,2168
ENSG00000204065,TCEAL5,2169
ENSG00000133134,BEX2,2170
ENSG00000185222,WBP5,2171
ENSG00000172476,RAB40A,2172
ENSG00000123570,RAB9B,2173
ENSG00000123569,H2BFWT,2174
ENSG00000269226,RP11-722G7.1,2175
ENSG00000080572,PIH1D3,2176
ENSG00000147234,FRMPD3,2177
ENSG00000157514,TSC22D3,2178
ENSG00000068366,ACSL4,2179
ENSG00000243978,RGAG1,2180
ENSG00000230392,RP5-1139I1.1,2181
ENSG00000258545,RHOXF1-AS1,2182
ENSG00000203989,RHOXF2BB,2183
ENSG00000228139,LINC01402,2184
ENSG00000125355,TMEM255A,2185
ENSG00000101892,ATP1B4,2186
ENSG00000005893,LAMP2,2187
ENSG00000282419,TEX13D,2188
ENSG00000009694,TENM1,2189
ENSG00000225689,RP1-30E17.2,2190
ENSG00000122122,SASH3,2191
ENSG00000085185,BCORL1,2192
ENSG00000134594,RAB33A,2193
ENSG00000165694,FRMD7,2194
ENSG00000232160,RAP2C-AS1,2195
ENSG00000183434,TFDP3,2196
ENSG00000227060,LINC00629,2197
ENSG00000229015,RP11-265D19.6,2198
ENSG00000178947,SMIM10L2A,2199
ENSG00000268940,CT45A1,2200
ENSG00000269096,CT45A3,2201
ENSG00000022267,FHL1,2202
ENSG00000129675,ARHGEF6,2203
ENSG00000232611,RP11-1114A5.4,2204
ENSG00000134595,SOX3,2205
ENSG00000196406,SPANXD,2206
ENSG00000046774,MAGEC2,2207
ENSG00000010404,IDS,2208
ENSG00000238039,AF011889.2,2209
ENSG00000241769,LINC00893,2210
ENSG00000267978,MAGEA9B,2211
ENSG00000185247,MAGEA11,2212
ENSG00000224871,XX-FW81066F1.2,2213
ENSG00000214915,XX-FW80269A6.1,2214
ENSG00000166049,PASD1,2215
ENSG00000229967,RP11-366F6.2,2216
ENSG00000102287,GABRE,2217
ENSG00000268089,GABRQ,2218
ENSG00000268606,MAGEA2,2219
ENSG00000198883,PNMA5,2220
ENSG00000273877,RP11-635O16.2,2221
ENSG00000214897,U82695.5,2222
ENSG00000130829,DUSP9,2223
ENSG00000089820,ARHGAP4,2224
ENSG00000102032,RENBP,2225
ENSG00000007350,TKTL1,2226
ENSG00000231830,XX-FW83128A1.2,2227
ENSG00000196924,FLNA,2228
ENSG00000147403,RPL10,2229
ENSG00000280195,XX-FW83563B9.5,2230
ENSG00000197180,CH17-340M24.3,2231
ENSG00000071553,ATP6AP1,2232
ENSG00000160211,G6PD,2233
ENSG00000160219,GAB3,2234
ENSG00000203870,SMIM9,2235
ENSG00000155962,CLIC2,2236
ENSG00000224533,TMLHE-AS1,2237
ENSG00000124334,IL9R,2238
ENSG00000253896,AC144568.2,2239
ENSG00000282021,CTD-2336O2.3,2240
ENSG00000036448,MYOM2,2241
ENSG00000253444,AC133633.2,2242
ENSG00000091879,ANGPT2,2243
ENSG00000173281,PPP1R3B,2244
ENSG00000171060,C8orf74,2245
ENSG00000253695,RP11-177H2.2,2246
ENSG00000154319,FAM167A,2247
ENSG00000255394,C8orf49,2248
ENSG00000255046,RP11-297N6.4,2249
ENSG00000164733,CTSB,2250
ENSG00000250305,KIAA1456,2251
ENSG00000185053,SGCZ,2252
ENSG00000104723,TUSC3,2253
ENSG00000003989,SLC7A2,2254
ENSG00000129422,MTUS1,2255
ENSG00000104763,ASAH1,2256
ENSG00000147443,DOK2,2257
ENSG00000158856,DMTN,2258
ENSG00000168490,PHYHIP,2259
ENSG00000179388,EGR3,2260
ENSG00000134020,PEBP4,2261
ENSG00000173530,TNFRSF10D,2262
ENSG00000134013,LOXL2,2263
ENSG00000147454,SLC25A37,2264
ENSG00000167034,NKX3-1,2265
ENSG00000159167,STC1,2266
ENSG00000042980,ADAM28,2267
ENSG00000104722,NEFM,2268
ENSG00000221818,EBF2,2269
ENSG00000104765,BNIP3L,2270
ENSG00000240694,PNMA2,2271
ENSG00000092964,DPYSL2,2272
ENSG00000015592,STMN4,2273
ENSG00000120899,PTK2B,2274
ENSG00000120903,CHRNA2,2275
ENSG00000120885,CLU,2276
ENSG00000168081,PNOC,2277
ENSG00000254034,RP11-662B19.2,2278
ENSG00000253490,AC145110.1,2279
ENSG00000271869,RP11-51J9.5,2280
ENSG00000133874,RNF122,2281
ENSG00000133878,DUSP26,2282
ENSG00000254194,RP1-273G13.3,2283
ENSG00000253108,RP1-84O15.2,2284
ENSG00000183154,RP11-863K10.7,2285
ENSG00000156675,RAB11FIP1,2286
ENSG00000188778,ADRB3,2287
ENSG00000196166,C8orf86,2288
ENSG00000147526,TACC1,2289
ENSG00000169499,PLEKHA2,2290
ENSG00000169495,HTRA4,2291
ENSG00000176907,C8orf4,2292
ENSG00000165061,ZMAT4,2293
ENSG00000104332,SFRP1,2294
ENSG00000104368,PLAT,2295
ENSG00000253408,RP11-231D20.2,2296
ENSG00000254165,RP11-503E24.2,2297
ENSG00000147434,CHRNA6,2298
ENSG00000221869,CEBPD,2299
ENSG00000168333,C8orf22,2300
ENSG00000253474,RP11-10H3.1,2301
ENSG00000272076,RP11-11C20.3,2302
ENSG00000168300,PCMTD1,2303
ENSG00000272024,RP11-546K22.3,2304
ENSG00000206579,XKR4,2305
ENSG00000253614,RP11-513O17.3,2306
ENSG00000253376,RP11-44D19.1,2307
ENSG00000137575,SDCBP,2308
ENSG00000198846,TOX,2309
ENSG00000228862,RP11-91I20.3,2310
ENSG00000254432,RP11-33I11.2,2311
ENSG00000254777,AC022182.1,2312
ENSG00000254802,AC022182.3,2313
ENSG00000198363,ASPH,2314
ENSG00000246145,RRS1-AS1,2315
ENSG00000147576,ADHFE1,2316
ENSG00000169085,C8orf46,2317
ENSG00000278888,AC090154.1,2318
ENSG00000182674,KCNB2,2319
ENSG00000274443,C8orf89,2320
ENSG00000147604,RPL7,2321
ENSG00000121039,RDH10,2322
ENSG00000104343,UBE2W,2323
ENSG00000154589,LY96,2324
ENSG00000254288,RP11-6I2.3,2325
ENSG00000249395,CASC9,2326
ENSG00000164749,HNF4G,2327
ENSG00000104435,STMN2,2328
ENSG00000164683,HEY1,2329
ENSG00000272138,LINC01607,2330
ENSG00000205189,ZBTB10,2331
ENSG00000076641,PAG1,2332
ENSG00000253214,RP11-1149M10.2,2333
ENSG00000164687,FABP5,2334
ENSG00000254689,RP11-354A14.1,2335
ENSG00000184672,RALYL,2336
ENSG00000260493,RP11-219B4.7,2337
ENSG00000104267,CA2,2338
ENSG00000170289,CNGB3,2339
ENSG00000253171,CTB-118P15.2,2340
ENSG00000271156,RP11-642C5.1,2341
ENSG00000104327,CALB1,2342
ENSG00000123119,NECAB1,2343
ENSG00000155099,TMEM55A,2344
ENSG00000079102,RUNX1T1,2345
ENSG00000253848,RP11-10N23.5,2346
ENSG00000264448,RP3-388N13.5,2347
ENSG00000261437,RP11-22C11.2,2348
ENSG00000164938,TP53INP1,2349
ENSG00000253872,RP11-90D11.1,2350
ENSG00000169439,SDC2,2351
ENSG00000104324,CPQ,2352
ENSG00000104341,LAPTM4B,2353
ENSG00000132561,MATN2,2354
ENSG00000164920,OSR2,2355
ENSG00000229625,RP11-44N12.2,2356
ENSG00000156509,FBXO43,2357
ENSG00000248599,FLJ42969,2358
ENSG00000271882,KB-1410C5.5,2359
ENSG00000104490,NCALD,2360
ENSG00000246263,UBR5-AS1,2361
ENSG00000272037,KB-431C1.5,2362
ENSG00000155090,KLF10,2363
ENSG00000253669,KB-1732A1.1,2364
ENSG00000254281,KB-1507C5.4,2365
ENSG00000164929,BAALC,2366
ENSG00000164930,FZD6,2367
ENSG00000164934,DCAF13,2368
ENSG00000147647,DPYS,2369
ENSG00000147650,LRP12,2370
ENSG00000253582,RP11-649G15.2,2371
ENSG00000104408,EIF3E,2372
ENSG00000164841,TMEM74,2373
ENSG00000164796,CSMD3,2374
ENSG00000225885,AC023590.1,2375
ENSG00000254343,RP11-760H22.2,2376
ENSG00000187955,COL14A1,2377
ENSG00000253619,RP11-369K17.1,2378
ENSG00000253819,LINC01151,2379
ENSG00000147689,FAM83A,2380
ENSG00000156802,ATAD2,2381
ENSG00000156804,FBXO32,2382
ENSG00000253227,RP11-383J24.1,2383
ENSG00000253513,RP11-6D1.3,2384
ENSG00000104549,SQLE,2385
ENSG00000173334,TRIB1,2386
ENSG00000253111,RP11-136O12.2,2387
ENSG00000244791,RP11-65D17.1,2388
ENSG00000168672,FAM84B,2389
ENSG00000246228,CASC8,2390
ENSG00000136997,MYC,2391
ENSG00000165071,TMEM71,2392
ENSG00000155926,SLA,2393
ENSG00000104419,NDRG1,2394
ENSG00000253988,RP11-489O18.1,2395
ENSG00000147724,FAM135B,2396
ENSG00000254258,RP11-398H6.1,2397
ENSG00000105339,DENND3,2398
ENSG00000254291,RP11-10J21.6,2399
ENSG00000204882,GPR20,2400
ENSG00000271959,CTD-3064M3.7,2401
ENSG00000261693,RP13-467H17.1,2402
ENSG00000198576,ARC,2403
ENSG00000160932,LY6E,2404
ENSG00000254859,RP11-661A12.5,2405
ENSG00000254812,RP11-661A12.12,2406
ENSG00000254548,RP11-429J17.5,2407
ENSG00000254973,RP11-429J17.7,2408
ENSG00000214733,RP11-429J17.8,2409
ENSG00000261150,EPPK1,2410
ENSG00000178685,PARP10,2411
ENSG00000265393,CTD-2517M22.17,2412
ENSG00000227155,RP11-165F24.3,2413
ENSG00000173253,DMRT2,2414
ENSG00000254017,IGHEP2,2415
ENSG00000225489,RP11-390F4.3,2416
ENSG00000273056,RP11-77E14.2,2417
ENSG00000231902,RP11-29B9.2,2418
ENSG00000044459,CNTLN,2419
ENSG00000273226,RP11-513M16.8,2420
ENSG00000137154,RPS6,2421
ENSG00000233906,RP11-315I14.2,2422
ENSG00000237414,RP11-321L2.2,2423
ENSG00000107201,DDX58,2424
ENSG00000086061,DNAJA1,2425
ENSG00000086062,B4GALT1,2426
ENSG00000122711,SPINK4,2427
ENSG00000260947,RP11-384P7.7,2428
ENSG00000010438,PRSS3,2429
ENSG00000228352,RP11-537H15.3,2430
ENSG00000122733,PHF24,2431
ENSG00000005238,FAM214B,2432
ENSG00000215187,FAM166B,2433
ENSG00000137101,CD72,2434
ENSG00000227933,RP11-331F9.4,2435
ENSG00000137076,TLN1,2436
ENSG00000137098,SPAG8,2437
ENSG00000204930,FAM221B,2438
ENSG00000122707,RECK,2439
ENSG00000122705,CLTA,2440
ENSG00000196092,PAX5,2441
ENSG00000276500,BMS1P14,2442
ENSG00000277260,FAM74A7,2443
ENSG00000229311,RP11-475I24.8,2444
ENSG00000274516,FAM74A6,2445
ENSG00000231248,RP11-160N1.9,2446
ENSG00000235659,RP11-374M1.5,2447
ENSG00000231212,RP11-111F5.3,2448
ENSG00000226007,RP11-211N8.2,2449
ENSG00000278849,RP11-327I22.5,2450
ENSG00000274349,ZNF658,2451
ENSG00000276348,RP11-395E19.2,2452
ENSG00000233178,RP11-88I18.2,2453
ENSG00000236733,RP11-203L2.4,2454
ENSG00000278910,BANCR,2455
ENSG00000165072,MAMDC2,2456
ENSG00000235523,RP11-63P12.7,2457
ENSG00000165092,ALDH1A1,2458
ENSG00000135046,ANXA1,2459
ENSG00000119121,TRPM6,2460
ENSG00000135002,RFK,2461
ENSG00000156049,GNA14,2462
ENSG00000106829,TLE4,2463
ENSG00000267559,RP11-383M4.6,2464
ENSG00000229109,RP11-439K3.1,2465
ENSG00000148057,IDNK,2466
ENSG00000227463,RP11-158D2.2,2467
ENSG00000197506,SLC28A3,2468
ENSG00000180447,GAS1,2469
ENSG00000135047,CTSL,2470
ENSG00000156345,CDK20,2471
ENSG00000130045,NXNL2,2472
ENSG00000123975,CKS2,2473
ENSG00000130222,GADD45G,2474
ENSG00000165025,SYK,2475
ENSG00000230537,RP11-305L7.1,2476
ENSG00000233081,RP11-440G5.2,2477
ENSG00000279007,AL136097.1,2478
ENSG00000106809,OGN,2479
ENSG00000127084,FGD3,2480
ENSG00000157303,SUSD3,2481
ENSG00000223446,RP11-274J16.5,2482
ENSG00000131669,NINJ1,2483
ENSG00000227603,RP11-165J3.6,2484
ENSG00000231990,RP11-53B5.1,2485
ENSG00000131668,BARX1,2486
ENSG00000235601,BARX1-AS1,2487
ENSG00000269946,RP11-2B6.3,2488
ENSG00000165140,FBP1,2489
ENSG00000271384,RP11-435O5.7,2490
ENSG00000188152,NUTM2G,2491
ENSG00000203279,RP11-498P14.5,2492
ENSG00000136929,HEMGN,2493
ENSG00000267026,RP11-92C4.3,2494
ENSG00000204291,COL15A1,2495
ENSG00000270412,RP11-92C4.6,2496
ENSG00000271086,NAMA,2497
ENSG00000198785,GRIN3A,2498
ENSG00000165028,NIPSNAP3B,2499
ENSG00000165029,ABCA1,2500
ENSG00000226334,RP11-217B7.2,2501
ENSG00000070214,SLC44A1,2502
ENSG00000228317,RP11-235C23.5,2503
ENSG00000186051,TAL2,2504
ENSG00000234323,RP11-308N19.1,2505
ENSG00000234229,LINC01505,2506
ENSG00000136826,KLF4,2507
ENSG00000260230,FRRS1L,2508
ENSG00000165124,SVEP1,2509
ENSG00000173258,ZNF483,2510
ENSG00000225684,FAM225B,2511
ENSG00000136867,SLC31A2,2512
ENSG00000227482,RP11-18B16.2,2513
ENSG00000196739,COL27A1,2514
ENSG00000229314,ORM1,2515
ENSG00000228278,ORM2,2516
ENSG00000106948,AKNA,2517
ENSG00000235119,RP11-9M16.2,2518
ENSG00000181634,TNFSF15,2519
ENSG00000041982,TNC,2520
ENSG00000182752,PAPPA,2521
ENSG00000136869,TLR4,2522
ENSG00000228512,RP11-281A20.2,2523
ENSG00000106780,MEGF9,2524
ENSG00000226752,PSMD5-AS1,2525
ENSG00000119403,PHF19,2526
ENSG00000056558,TRAF1,2527
ENSG00000119397,CNTRL,2528
ENSG00000148180,GSN,2529
ENSG00000235865,GSN-AS1,2530
ENSG00000148175,STOM,2531
ENSG00000185681,MORN5,2532
ENSG00000095303,PTGS1,2533
ENSG00000233616,RP11-542K23.10,2534
ENSG00000229245,RP11-542K23.7,2535
ENSG00000188394,GPR21,2536
ENSG00000044574,HSPA5,2537
ENSG00000167094,TTC16,2538
ENSG00000095370,SH2D3C,2539
ENSG00000106991,ENG,2540
ENSG00000167103,PIP5KL1,2541
ENSG00000197694,SPTAN1,2542
ENSG00000234705,HMGA1P4,2543
ENSG00000119335,SET,2544
ENSG00000160446,ZDHHC12,2545
ENSG00000095321,CRAT,2546
ENSG00000188483,IER5L,2547
ENSG00000268050,RP11-247A12.8,2548
ENSG00000179082,C9orf106,2549
ENSG00000230676,RP11-65J3.3,2550
ENSG00000261334,RP11-65J3.14,2551
ENSG00000239353,RP11-492E3.51,2552
ENSG00000227619,RP11-492E3.2,2553
ENSG00000179058,C9orf50,2554
ENSG00000236024,PRRX2-AS1,2555
ENSG00000148344,PTGES,2556
ENSG00000136878,USP20,2557
ENSG00000187239,FNBP1,2558
ENSG00000270755,RP11-138E2.1,2559
ENSG00000148357,HMCN2,2560
ENSG00000050555,LAMC3,2561
ENSG00000246851,RP11-544A12.8,2562
ENSG00000230289,RP11-334J6.6,2563
ENSG00000196358,NTNG2,2564
ENSG00000125492,BARHL1,2565
ENSG00000165695,AK8,2566
ENSG00000171102,OBP2B,2567
ENSG00000160323,ADAMTS13,2568
ENSG00000160326,SLC2A6,2569
ENSG00000123453,SARDH,2570
ENSG00000273473,LL09NC01-139C3.1,2571
ENSG00000228877,RP11-473E2.4,2572
ENSG00000085265,FCN1,2573
ENSG00000122136,OBP2A,2574
ENSG00000122133,PAEP,2575
ENSG00000237886,NALT1,2576
ENSG00000213213,CCDC183,2577
ENSG00000169583,CLIC3,2578
ENSG00000180539,C9orf139,2579
ENSG00000180549,FUT7,2580
ENSG00000236394,RP11-229P13.15,2581
ENSG00000198569,SLC34A3,2582
ENSG00000188229,TUBB4B,2583
ENSG00000197768,C9orf173,2584
ENSG00000188747,NOXA1,2585
ENSG00000188833,ENTPD8,2586
ENSG00000177947,ODF3,2587
ENSG00000254559,RP11-304M2.5,2588
ENSG00000185201,IFITM2,2589
ENSG00000142089,IFITM3,2590
ENSG00000255237,RP13-317D12.3,2591
ENSG00000185507,IRF7,2592
ENSG00000099834,CDHR5,2593
ENSG00000255108,AP006621.8,2594
ENSG00000254872,RP13-870H17.3,2595
ENSG00000184545,DUSP8,2596
ENSG00000233930,KRTAP5-AS1,2597
ENSG00000244242,IFITM10,2598
ENSG00000149043,SYT8,2599
ENSG00000130598,TNNI2,2600
ENSG00000130592,LSP1,2601
ENSG00000130595,TNNT3,2602
ENSG00000167244,IGF2,2603
ENSG00000110665,C11orf21,2604
ENSG00000064201,TSPAN32,2605
ENSG00000070985,TRPM5,2606
ENSG00000053918,KCNQ1,2607
ENSG00000269821,KCNQ1OT1,2608
ENSG00000229414,KCNQ1-AS1,2609
ENSG00000237941,KCNQ1DN,2610
ENSG00000129757,CDKN1C,2611
ENSG00000110628,SLC22A18,2612
ENSG00000181649,PHLDA2,2613
ENSG00000236301,MRGPRG-AS1,2614
ENSG00000177105,RHOG,2615
ENSG00000180785,OR51E1,2616
ENSG00000167332,OR51E2,2617
ENSG00000244734,HBB,2618
ENSG00000223609,HBD,2619
ENSG00000213934,HBG1,2620
ENSG00000196565,HBG2,2621
ENSG00000213931,HBE1,2622
ENSG00000183251,OR51B4,2623
ENSG00000175518,UBQLNL,2624
ENSG00000239920,AC015691.13,2625
ENSG00000121236,TRIM6,2626
ENSG00000132256,TRIM5,2627
ENSG00000132274,TRIM22,2628
ENSG00000166311,SMPD1,2629
ENSG00000254400,RP11-732A19.8,2630
ENSG00000166340,TPP1,2631
ENSG00000166387,PPFIBP2,2632
ENSG00000254860,TMEM9B-AS1,2633
ENSG00000133789,SWAP70,2634
ENSG00000254554,RP11-351I24.1,2635
ENSG00000148926,ADM,2636
ENSG00000255823,MTRNR2L8,2637
ENSG00000177112,MRVI1-AS1,2638
ENSG00000133800,LYVE1,2639
ENSG00000247271,ZBED5-AS1,2640
ENSG00000050165,DKK3,2641
ENSG00000254486,RP13-631K18.2,2642
ENSG00000110693,SOX6,2643
ENSG00000070081,NUCB2,2644
ENSG00000006611,USH1C,2645
ENSG00000188162,OTOG,2646
ENSG00000129159,KCNC1,2647
ENSG00000134333,LDHA,2648
ENSG00000166796,LDHC,2649
ENSG00000129170,CSRP3,2650
ENSG00000270607,RP11-359E10.1,2651
ENSG00000148935,GAS2,2652
ENSG00000198168,SVIP,2653
ENSG00000246225,RP11-17A1.3,2654
ENSG00000255418,RP11-266A24.1,2655
ENSG00000255243,CTD-2507G9.1,2656
ENSG00000148942,SLC5A12,2657
ENSG00000245573,BDNF-AS,2658
ENSG00000255029,CTD-3012A18.1,2659
ENSG00000066382,MPPED2,2660
ENSG00000228061,Z83001.1,2661
ENSG00000135378,PRRG4,2662
ENSG00000280798,LINC00294,2663
ENSG00000255202,RP4-541C22.5,2664
ENSG00000085063,CD59,2665
ENSG00000135363,LMO2,2666
ENSG00000121691,CAT,2667
ENSG00000135373,EHF,2668
ENSG00000026508,CD44,2669
ENSG00000110436,SLC1A2,2670
ENSG00000149090,PAMR1,2671
ENSG00000175097,RAG2,2672
ENSG00000187479,C11orf96,2673
ENSG00000085117,CD82,2674
ENSG00000255092,RP11-58K22.4,2675
ENSG00000019505,SYT13,2676
ENSG00000205106,DKFZp779M0652,2677
ENSG00000255447,CTD-2210P24.6,2678
ENSG00000255007,CTD-2589M5.4,2679
ENSG00000110492,MDK,2680
ENSG00000134571,MYBPC3,2681
ENSG00000066336,SPI1,2682
ENSG00000165917,RAPSN,2683
ENSG00000196666,FAM180B,2684
ENSG00000172247,C1QTNF4,2685
ENSG00000165923,AGBL2,2686
ENSG00000183908,LRRC55,2687
ENSG00000109991,P2RX3,2688
ENSG00000156575,PRG3,2689
ENSG00000186652,PRG2,2690
ENSG00000214872,SMTNL1,2691
ENSG00000149131,SERPING1,2692
ENSG00000166793,YPEL4,2693
ENSG00000110031,LPXN,2694
ENSG00000149124,GLYAT,2695
ENSG00000245571,AP001258.4,2696
ENSG00000166801,FAM111A,2697
ENSG00000134827,TCN1,2698
ENSG00000149516,MS4A3,2699
ENSG00000149534,MS4A2,2700
ENSG00000214787,MS4A4E,2701
ENSG00000110079,MS4A4A,2702
ENSG00000183134,PTGDR2,2703
ENSG00000110446,SLC15A3,2704
ENSG00000229859,PGA3,2705
ENSG00000229183,PGA4,2706
ENSG00000256713,PGA5,2707
ENSG00000149476,TKFC,2708
ENSG00000162148,PPP1R32,2709
ENSG00000149485,FADS1,2710
ENSG00000167996,FTH1,2711
ENSG00000124935,SCGB1D2,2712
ENSG00000255118,RP11-703H8.7,2713
ENSG00000256690,RP11-727F15.9,2714
ENSG00000168003,SLC3A2,2715
ENSG00000257002,AP000438.2,2716
ENSG00000184999,SLC22A10,2717
ENSG00000196600,SLC22A25,2718
ENSG00000168004,HRASLS5,2719
ENSG00000133317,LGALS12,2720
ENSG00000133321,RARRES3,2721
ENSG00000133328,HRASLS2,2722
ENSG00000176485,PLA2G16,2723
ENSG00000110011,DNAJC4,2724
ENSG00000182450,KCNK4,2725
ENSG00000126432,PRDX5,2726
ENSG00000236935,AP003774.1,2727
ENSG00000168065,SLC22A11,2728
ENSG00000110046,ATG2A,2729
ENSG00000068971,PPP2R5B,2730
ENSG00000149735,GPHA2,2731
ENSG00000168060,NAALADL1,2732
ENSG00000149809,TM7SF2,2733
ENSG00000254614,AP003068.23,2734
ENSG00000173825,TIGD3,2735
ENSG00000255478,RP11-867O8.5,2736
ENSG00000162241,SLC25A45,2737
ENSG00000245532,NEAT1,2738
ENSG00000173727,CMB9-22P13.1,2739
ENSG00000251562,MALAT1,2740
ENSG00000279576,AP000769.1,2741
ENSG00000172818,OVOL1,2742
ENSG00000255120,OVOL1-AS1,2743
ENSG00000255404,RP11-770G2.5,2744
ENSG00000172638,EFEMP2,2745
ENSG00000172543,CTSW,2746
ENSG00000175294,CATSPER1,2747
ENSG00000174807,CD248,2748
ENSG00000182791,CCDC87,2749
ENSG00000173992,CCS,2750
ENSG00000173227,SYT12,2751
ENSG00000175482,POLD4,2752
ENSG00000175463,TBC1D10C,2753
ENSG00000172725,CORO1B,2754
ENSG00000175544,CABP4,2755
ENSG00000084207,GSTP1,2756
ENSG00000132746,ALDH3B2,2757
ENSG00000006534,ALDH3B1,2758
ENSG00000255306,RP5-901A4.1,2759
ENSG00000255236,CTD-2655K5.1,2760
ENSG00000069482,GAL,2761
ENSG00000250508,RP11-757G1.6,2762
ENSG00000259799,RP11-554A11.9,2763
ENSG00000172927,MYEOV,2764
ENSG00000162344,FGF19,2765
ENSG00000226627,SHANK2-AS1,2766
ENSG00000204571,KRTAP5-11,2767
ENSG00000110203,FOLR3,2768
ENSG00000204971,RP11-807H22.7,2769
ENSG00000110195,FOLR1,2770
ENSG00000227467,LINC01537,2771
ENSG00000186642,PDE2A,2772
ENSG00000256007,ARAP1-AS1,2773
ENSG00000168010,ATG16L2,2774
ENSG00000256568,RP11-800A3.3,2775
ENSG00000175591,P2RY2,2776
ENSG00000171631,P2RY6,2777
ENSG00000257038,RP11-800A3.7,2778
ENSG00000110237,ARHGEF17,2779
ENSG00000021300,PLEKHB1,2780
ENSG00000175567,UCP2,2781
ENSG00000175538,KCNE3,2782
ENSG00000254928,RP11-702H23.6,2783
ENSG00000054938,CHRDL2,2784
ENSG00000137491,SLCO2B1,2785
ENSG00000261594,TPBGL,2786
ENSG00000149273,RPS3,2787
ENSG00000255326,CTD-2530H12.4,2788
ENSG00000166391,MOGAT2,2789
ENSG00000236304,AP001189.4,2790
ENSG00000178301,AQP11,2791
ENSG00000254459,RP11-91P24.7,2792
ENSG00000254649,RP11-452H21.2,2793
ENSG00000255084,RP11-843A23.1,2794
ENSG00000150687,PRSS23,2795
ENSG00000269895,AP000654.4,2796
ENSG00000246523,RP11-736K20.6,2797
ENSG00000109861,CTSC,2798
ENSG00000255082,GRM5-AS1,2799
ENSG00000077616,NAALAD2,2800
ENSG00000181333,HEPHL1,2801
ENSG00000134627,PIWIL4,2802
ENSG00000255666,RP11-867G2.6,2803
ENSG00000256469,RP11-856F16.2,2804
ENSG00000149212,SESN3,2805
ENSG00000184384,MAML2,2806
ENSG00000149972,CNTN5,2807
ENSG00000165895,ARHGAP42,2808
ENSG00000137691,C11orf70,2809
ENSG00000023445,BIRC3,2810
ENSG00000255337,RP11-315O6.1,2811
ENSG00000149968,MMP3,2812
ENSG00000170962,PDGFD,2813
ENSG00000196954,CASP4,2814
ENSG00000137752,CASP1,2815
ENSG00000204397,CARD16,2816
ENSG00000110675,ELMOD1,2817
ENSG00000196167,COLCA1,2818
ENSG00000109846,CRYAB,2819
ENSG00000150782,IL18,2820
ENSG00000268472,RP11-356J5.13,2821
ENSG00000254968,RP11-65M17.3,2822
ENSG00000170209,ANKK1,2823
ENSG00000109906,ZBTB16,2824
ENSG00000166741,NNMT,2825
ENSG00000110245,APOC3,2826
ENSG00000224077,AP000936.4,2827
ENSG00000137726,FXYD6,2828
ENSG00000137747,TMPRSS13,2829
ENSG00000110324,IL10RA,2830
ENSG00000177098,SCN4B,2831
ENSG00000160593,JAML,2832
ENSG00000160588,MPZL3,2833
ENSG00000149573,MPZL2,2834
ENSG00000167286,CD3D,2835
ENSG00000160654,CD3G,2836
ENSG00000118058,KMT2A,2837
ENSG00000110375,UPK2,2838
ENSG00000254428,RP11-110I1.11,2839
ENSG00000160703,NLRX1,2840
ENSG00000172367,PDZD3,2841
ENSG00000110395,CBL,2842
ENSG00000154096,THY1,2843
ENSG00000110400,PVRL1,2844
ENSG00000137699,TRIM29,2845
ENSG00000137709,POU2F3,2846
ENSG00000255219,RP11-716H6.2,2847
ENSG00000154127,UBASH3B,2848
ENSG00000109944,C11orf63,2849
ENSG00000109971,HSPA8,2850
ENSG00000110002,VWA5A,2851
ENSG00000197849,OR8G1,2852
ENSG00000197125,OR8B8,2853
ENSG00000149564,ESAM,2854
ENSG00000245498,RP11-677M14.7,2855
ENSG00000149557,FEZ1,2856
ENSG00000255537,AP000708.1,2857
ENSG00000196844,PATE2,2858
ENSG00000149571,KIRREL3,2859
ENSG00000134954,ETS1,2860
ENSG00000245008,RP11-744N12.3,2861
ENSG00000120471,TP53AIP1,2862
ENSG00000281097,LINC01395,2863
ENSG00000151715,TMEM45B,2864
ENSG00000084234,APLP2,2865
ENSG00000134917,ADAMTS8,2866
ENSG00000182667,NTM,2867
ENSG00000204241,RP11-713P17.3,2868
ENSG00000149328,GLB1L2,2869
ENSG00000109956,B3GAT1,2870
ENSG00000185736,ADARB2,2871
ENSG00000273001,RP11-118K6.3,2872
ENSG00000227338,RP11-195B3.1,2873
ENSG00000067082,KLF6,2874
ENSG00000198610,AKR1C4,2875
ENSG00000224034,RP11-445P17.8,2876
ENSG00000242147,RP13-463N16.6,2877
ENSG00000226647,RP11-336A10.2,2878
ENSG00000134460,IL2RA,2879
ENSG00000212743,RP11-563J2.3,2880
ENSG00000234248,RP11-799O21.2,2881
ENSG00000123243,ITIH5,2882
ENSG00000048740,CELF2,2883
ENSG00000230322,RP3-323N1.2,2884
ENSG00000228302,RP11-186N15.3,2885
ENSG00000183049,CAMK1D,2886
ENSG00000123240,OPTN,2887
ENSG00000165623,UCMA,2888
ENSG00000065809,FAM107B,2889
ENSG00000232739,RP11-25G10.2,2890
ENSG00000107611,CUBN,2891
ENSG00000026025,VIM,2892
ENSG00000260589,STAM-AS1,2893
ENSG00000233968,RP11-354E11.2,2894
ENSG00000148450,MSRB2,2895
ENSG00000165312,OTUD1,2896
ENSG00000077420,APBB1IP,2897
ENSG00000236894,RP11-128B16.3,2898
ENSG00000231976,LINC00202-2,2899
ENSG00000232224,LINC00202-1,2900
ENSG00000262412,RP11-85G18.6,2901
ENSG00000254635,WAC-AS1,2902
ENSG00000204365,C10orf126,2903
ENSG00000151033,LYZL2,2904
ENSG00000148516,ZEB1,2905
ENSG00000230534,RP11-297A16.2,2906
ENSG00000095794,CREM,2907
ENSG00000273312,RP11-425A6.5,2908
ENSG00000280719,PCAT5,2909
ENSG00000227313,RP11-309N24.1,2910
ENSG00000148513,ANKRD30A,2911
ENSG00000236514,RP11-162G10.5,2912
ENSG00000273008,RP11-351D16.3,2913
ENSG00000150201,FXYD4,2914
ENSG00000230555,RP11-517P14.2,2915
ENSG00000223910,ZNF32-AS3,2916
ENSG00000107551,RASSF4,2917
ENSG00000165507,C10orf10,2918
ENSG00000012779,ALOX5,2919
ENSG00000266412,NCOA4,2920
ENSG00000204179,PTPN20,2921
ENSG00000128815,WDFY4,2922
ENSG00000243251,PGBD3,2923
ENSG00000178645,C10orf53,2924
ENSG00000223502,RP11-96B5.3,2925
ENSG00000165449,SLC16A9,2926
ENSG00000170312,CDK1,2927
ENSG00000150347,ARID5B,2928
ENSG00000122877,EGR2,2929
ENSG00000171988,JMJD1C,2930
ENSG00000272767,JMJD1C-AS1,2931
ENSG00000224714,RP11-179K3.2,2932
ENSG00000233590,RP11-153K11.3,2933
ENSG00000165732,DDX21,2934
ENSG00000122862,SRGN,2935
ENSG00000148734,NPFFR1,2936
ENSG00000180644,PRF1,2937
ENSG00000107731,UNC5B,2938
ENSG00000237512,UNC5B-AS1,2939
ENSG00000107738,C10orf54,2940
ENSG00000197746,PSAP,2941
ENSG00000122863,CHST3,2942
ENSG00000107742,SPOCK2,2943
ENSG00000168209,DDIT4,2944
ENSG00000269926,RP11-442H21.2,2945
ENSG00000138308,PLA2G12B,2946
ENSG00000156042,CFAP70,2947
ENSG00000233144,RP11-537A6.9,2948
ENSG00000177791,MYOZ1,2949
ENSG00000271848,RP11-464F9.21,2950
ENSG00000214655,ZSWIM8,2951
ENSG00000122861,PLAU,2952
ENSG00000035403,VCL,2953
ENSG00000079393,DUSP13,2954
ENSG00000226051,ZNF503-AS1,2955
ENSG00000165655,ZNF503,2956
ENSG00000272692,RP11-399K21.14,2957
ENSG00000236842,RP11-399K21.10,2958
ENSG00000148655,C10orf11,2959
ENSG00000228748,RP13-39P12.3,2960
ENSG00000224596,ZMIZ1-AS1,2961
ENSG00000188199,NUTM2B,2962
ENSG00000178217,SH2D4B,2963
ENSG00000271933,RP11-338I21.1,2964
ENSG00000229404,LINC00858,2965
ENSG00000122367,LDB3,2966
ENSG00000173269,MMRN2,2967
ENSG00000173267,SNCG,2968
ENSG00000148671,ADIRF,2969
ENSG00000152766,ANKRD22,2970
ENSG00000107796,ACTA2,2971
ENSG00000026103,FAS,2972
ENSG00000119922,IFIT2,2973
ENSG00000119917,IFIT3,2974
ENSG00000204010,IFIT1B,2975
ENSG00000148680,HTR7,2976
ENSG00000152804,HHEX,2977
ENSG00000186188,FFAR4,2978
ENSG00000119969,HELLS,2979
ENSG00000108242,CYP2C18,2980
ENSG00000138185,ENTPD1,2981
ENSG00000095585,BLNK,2982
ENSG00000241935,HOGA1,2983
ENSG00000120057,SFRP5,2984
ENSG00000095713,CRTAC1,2985
ENSG00000119943,PYROXD2,2986
ENSG00000172987,HPSE2,2987
ENSG00000119946,CNNM1,2988
ENSG00000227695,DNMBP-AS1,2989
ENSG00000107593,PKD2L1,2990
ENSG00000119906,SLF2,2991
ENSG00000237579,LINC01514,2992
ENSG00000229649,RP11-107I14.4,2993
ENSG00000234699,RP11-225H22.4,2994
ENSG00000185933,CALHM1,2995
ENSG00000183128,CALHM3,2996
ENSG00000231233,CFAP58-AS1,2997
ENSG00000229981,LINC01435,2998
ENSG00000148700,ADD3,2999
ENSG00000138166,DUSP5,3000
ENSG00000232470,RP11-313D6.3,3001
ENSG00000108061,SHOC2,3002
ENSG00000197142,ACSL5,3003
ENSG00000232934,RP11-324O2.3,3004
ENSG00000043591,ADRB1,3005
ENSG00000099204,ABLIM1,3006
ENSG00000236799,RP11-383C6.2,3007
ENSG00000225302,RP11-539I5.1,3008
ENSG00000188316,ENO4,3009
ENSG00000229847,EMX2OS,3010
ENSG00000231104,RP11-354M20.3,3011
ENSG00000119979,FAM45A,3012
ENSG00000203805,PLPP4,3013
ENSG00000271670,RP11-95I16.4,3014
ENSG00000066468,FGFR2,3015
ENSG00000226864,ATE1-AS1,3016
ENSG00000276742,RP11-500G22.4,3017
ENSG00000138162,TACC2,3018
ENSG00000138152,BTBD16,3019
ENSG00000188620,HMX3,3020
ENSG00000230131,RP11-282I1.1,3021
ENSG00000182022,CHST15,3022
ENSG00000233334,FAM53B-AS1,3023
ENSG00000236991,EDRF1-AS1,3024
ENSG00000154493,C10orf90,3025
ENSG00000186766,FOXI2,3026
ENSG00000132334,PTPRE,3027
ENSG00000148773,MKI67,3028
ENSG00000280953,LINC01163,3029
ENSG00000176769,TCERG1L,3030
ENSG00000283095,ABC11-4932300O16.1,3031
ENSG00000226900,RP11-432J24.5,3032
ENSG00000171811,CFAP46,3033
ENSG00000171798,KNDC1,3034
ENSG00000166917,MIR202HG,3035
ENSG00000273980,RP13-49I15.6,3036
ENSG00000151651,ADAM8,3037
ENSG00000165828,PRAP1,3038
ENSG00000130643,CALY,3039
ENSG00000256948,RP11-598F7.3,3040
ENSG00000249695,RP11-598F7.4,3041
ENSG00000010379,SLC6A13,3042
ENSG00000171823,FBXL14,3043
ENSG00000151062,CACNA2D4,3044
ENSG00000256706,RP5-1096D14.3,3045
ENSG00000203593,RP5-1096D14.6,3046
ENSG00000256271,CACNA1C-AS2,3047
ENSG00000011105,TSPAN9,3048
ENSG00000118972,FGF23,3049
ENSG00000111254,AKAP3,3050
ENSG00000256790,RP11-429A20.3,3051
ENSG00000256417,RP11-1038A11.3,3052
ENSG00000256146,RP11-319E16.2,3053
ENSG00000110799,VWF,3054
ENSG00000010278,CD9,3055
ENSG00000111319,SCNN1A,3056
ENSG00000139192,TAPBPL,3057
ENSG00000276718,RP1-102E24.10,3058
ENSG00000111640,GAPDH,3059
ENSG00000010295,IFFO1,3060
ENSG00000245667,RP5-940J5.8,3061
ENSG00000184574,LPAR5,3062
ENSG00000111644,ACRBP,3063
ENSG00000269892,RP4-761J14.10,3064
ENSG00000010610,CD4,3065
ENSG00000275703,U47924.32,3066
ENSG00000111679,PTPN6,3067
ENSG00000257084,U47924.27,3068
ENSG00000139178,C1RL,3069
ENSG00000276144,ABC12-49244600F4.4,3070
ENSG00000111704,NANOG,3071
ENSG00000059804,SLC2A3,3072
ENSG00000171860,C3AR1,3073
ENSG00000111729,CLEC4A,3074
ENSG00000205846,CLEC6A,3075
ENSG00000166527,CLEC4D,3076
ENSG00000166523,CLEC4E,3077
ENSG00000249790,RP11-20D14.6,3078
ENSG00000166535,A2ML1,3079
ENSG00000245105,A2M-AS1,3080
ENSG00000175899,A2M,3081
ENSG00000111796,KLRB1,3082
ENSG00000110848,CD69,3083
ENSG00000110852,CLEC2B,3084
ENSG00000231560,AC091814.3,3085
ENSG00000173391,OLR1,3086
ENSG00000165685,TMEM52B,3087
ENSG00000139112,GABARAPL1,3088
ENSG00000205810,KLRC3,3089
ENSG00000134545,KLRC1,3090
ENSG00000121381,TAS2R9,3091
ENSG00000226761,TAS2R46,3092
ENSG00000247157,LINC01252,3093
ENSG00000275963,RP11-180M15.6,3094
ENSG00000111276,CDKN1B,3095
ENSG00000111305,GSG1,3096
ENSG00000134531,EMP1,3097
ENSG00000214772,RP11-174G6.1,3098
ENSG00000111339,ART4,3099
ENSG00000111341,MGP,3100
ENSG00000139055,ERP27,3101
ENSG00000111348,ARHGDIB,3102
ENSG00000139053,PDE6H,3103
ENSG00000151491,EPS8,3104
ENSG00000111404,RERGL,3105
ENSG00000139151,PLCZ1,3106
ENSG00000084453,SLCO1A2,3107
ENSG00000121351,IAPP,3108
ENSG00000111716,LDHB,3109
ENSG00000134532,SOX5,3110
ENSG00000226397,C12orf77,3111
ENSG00000118308,LRMP,3112
ENSG00000276842,RP11-713N11.6,3113
ENSG00000274987,RP11-295I5.3,3114
ENSG00000278743,RP11-707G18.1,3115
ENSG00000246695,RASSF8-AS1,3116
ENSG00000123095,BHLHE41,3117
ENSG00000123096,SSPN,3118
ENSG00000123104,ITPR2,3119
ENSG00000247903,RP11-421F16.3,3120
ENSG00000211455,STK38L,3121
ENSG00000248100,RP11-709A23.1,3122
ENSG00000256747,RP11-860B13.1,3123
ENSG00000087494,PTHLH,3124
ENSG00000257258,RP11-946L16.1,3125
ENSG00000275278,RP11-946L16.2,3126
ENSG00000275476,RP11-996F15.4,3127
ENSG00000256232,RP11-771K4.1,3128
ENSG00000276900,RP11-467L13.7,3129
ENSG00000174718,KIAA1551,3130
ENSG00000276136,RP11-50I19.2,3131
ENSG00000139132,FGD4,3132
ENSG00000110975,SYT10,3133
ENSG00000245482,RP11-847H18.2,3134
ENSG00000257239,RP11-630C16.2,3135
ENSG00000139174,PRICKLE1,3136
ENSG00000257225,RP11-328C8.4,3137
ENSG00000257849,RP11-547C5.1,3138
ENSG00000257373,RP11-547C5.2,3139
ENSG00000173157,ADAMTS20,3140
ENSG00000257657,RP11-352M15.1,3141
ENSG00000134294,SLC38A2,3142
ENSG00000257261,RP11-96H19.1,3143
ENSG00000257496,RP11-474P2.4,3144
ENSG00000275481,RP11-474P2.6,3145
ENSG00000139211,AMIGO2,3146
ENSG00000179715,PCED1B,3147
ENSG00000205537,RP11-89H19.1,3148
ENSG00000139219,COL2A1,3149
ENSG00000274124,RP11-474C8.8,3150
ENSG00000269514,RP11-370I10.12,3151
ENSG00000275228,RP11-370I10.10,3152
ENSG00000187166,H1FNT,3153
ENSG00000273765,RP11-370I10.11,3154
ENSG00000177627,C12orf54,3155
ENSG00000197376,OR8S1,3156
ENSG00000167531,LALBA,3157
ENSG00000257660,RP11-579D7.4,3158
ENSG00000172602,RND1,3159
ENSG00000123416,TUBA1B,3160
ENSG00000167552,TUBA1A,3161
ENSG00000167553,TUBA1C,3162
ENSG00000178401,DNAJC22,3163
ENSG00000135519,KCNH3,3164
ENSG00000257964,RP11-133N21.10,3165
ENSG00000135472,FAIM2,3166
ENSG00000257771,RP11-70F11.8,3167
ENSG00000167580,AQP2,3168
ENSG00000086159,AQP6,3169
ENSG00000050405,LIMA1,3170
ENSG00000185432,METTL7A,3171
ENSG00000274797,RP11-407N8.5,3172
ENSG00000183283,DAZAP2,3173
ENSG00000110934,BIN2,3174
ENSG00000139610,CELA1,3175
ENSG00000050438,SLC4A8,3176
ENSG00000260122,RP11-923I11.3,3177
ENSG00000167612,ANKRD33,3178
ENSG00000139567,ACVRL1,3179
ENSG00000123358,NR4A1,3180
ENSG00000259884,RP11-1100L3.8,3181
ENSG00000135480,KRT7,3182
ENSG00000170442,KRT86,3183
ENSG00000205426,KRT81,3184
ENSG00000185640,KRT79,3185
ENSG00000170421,KRT8,3186
ENSG00000111057,KRT18,3187
ENSG00000167779,IGFBP6,3188
ENSG00000167780,SOAT2,3189
ENSG00000139631,CSAD,3190
ENSG00000139626,ITGB7,3191
ENSG00000123349,PFDN5,3192
ENSG00000257605,RP11-680A11.5,3193
ENSG00000135409,AMHR2,3194
ENSG00000257550,RP11-793H13.3,3195
ENSG00000012822,CALCOCO1,3196
ENSG00000260030,RP11-686F15.2,3197
ENSG00000123364,HOXC13,3198
ENSG00000248265,FLJ12825,3199
ENSG00000250432,RP11-834C11.5,3200
ENSG00000283073,RP11-834C11.15,3201
ENSG00000260470,RP11-834C11.11,3202
ENSG00000257596,RP11-968A15.2,3203
ENSG00000258137,RP11-753H16.3,3204
ENSG00000139572,GPR84,3205
ENSG00000123338,NCKAP1L,3206
ENSG00000123360,PDE1B,3207
ENSG00000172551,MUCL1,3208
ENSG00000185821,OR6C76,3209
ENSG00000179695,OR6C2,3210
ENSG00000135404,CD63,3211
ENSG00000123342,MMP19,3212
ENSG00000111540,RAB5B,3213
ENSG00000092841,MYL6,3214
ENSG00000170581,STAT2,3215
ENSG00000175336,APOF,3216
ENSG00000166863,TAC3,3217
ENSG00000123384,LRP1,3218
ENSG00000185482,STAC3,3219
ENSG00000258001,RP11-756H6.1,3220
ENSG00000139269,INHBE,3221
ENSG00000123329,ARHGAP9,3222
ENSG00000175197,DDIT3,3223
ENSG00000178498,DTX3,3224
ENSG00000135506,OS9,3225
ENSG00000257953,RP11-620J15.1,3226
ENSG00000245651,RP11-620J15.2,3227
ENSG00000257698,RP11-620J15.3,3228
ENSG00000139263,LRIG3,3229
ENSG00000198673,FAM19A2,3230
ENSG00000249753,RP11-415I12.3,3231
ENSG00000185306,C12orf56,3232
ENSG00000256670,RP11-338E21.1,3233
ENSG00000135677,GNS,3234
ENSG00000215159,RP11-629N8.3,3235
ENSG00000174099,MSRB3,3236
ENSG00000250748,RP11-230G5.2,3237
ENSG00000149948,HMGA2,3238
ENSG00000256248,RP11-123O10.4,3239
ENSG00000251301,RP11-81H14.2,3240
ENSG00000247363,RP11-637A17.2,3241
ENSG00000274979,RP11-1143G9.5,3242
ENSG00000090382,LYZ,3243
ENSG00000257764,RP11-1143G9.4,3244
ENSG00000247131,RP11-588G21.2,3245
ENSG00000257454,CTD-2021H9.2,3246
ENSG00000139287,TPH2,3247
ENSG00000258123,RP11-314D7.2,3248
ENSG00000257183,RP11-274M17.3,3249
ENSG00000139278,GLIPR1,3250
ENSG00000139289,PHLDA1,3251
ENSG00000257839,RP11-290L1.2,3252
ENSG00000067798,NAV3,3253
ENSG00000258084,RP11-754N21.1,3254
ENSG00000257474,RP11-359M6.1,3255
ENSG00000058272,PPP1R12A,3256
ENSG00000257431,RP11-263K4.3,3257
ENSG00000179104,TMTC2,3258
ENSG00000133636,NTS,3259
ENSG00000259075,POC1B-GALNT4,3260
ENSG00000271614,LINC00936,3261
ENSG00000139329,LUM,3262
ENSG00000011465,DCN,3263
ENSG00000277738,RP11-693J15.6,3264
ENSG00000133639,BTG1,3265
ENSG00000245904,RP11-796E2.4,3266
ENSG00000257127,CLLU1,3267
ENSG00000205056,RP11-693J15.5,3268
ENSG00000187510,PLEKHG7,3269
ENSG00000257345,RP11-511B23.1,3270
ENSG00000257322,RP11-511B23.2,3271
ENSG00000257746,RP11-202G11.2,3272
ENSG00000257252,RP11-486A14.2,3273
ENSG00000120833,SOCS2,3274
ENSG00000258274,RP11-887P2.5,3275
ENSG00000139344,AMDHD1,3276
ENSG00000084110,HAL,3277
ENSG00000257878,RP11-256L6.3,3278
ENSG00000257715,RP11-256L6.2,3279
ENSG00000245017,RP11-181C3.1,3280
ENSG00000179520,SLC17A8,3281
ENSG00000274560,RP11-285E23.2,3282
ENSG00000183395,PMCH,3283
ENSG00000017427,IGF1,3284
ENSG00000139352,ASCL1,3285
ENSG00000166598,HSP90B1,3286
ENSG00000120820,GLT8D2,3287
ENSG00000257732,RP11-818F20.5,3288
ENSG00000257886,RP11-61E11.1,3289
ENSG00000136026,CKAP4,3290
ENSG00000277715,RP11-651L5.3,3291
ENSG00000166046,TCP11L2,3292
ENSG00000110876,SELPLG,3293
ENSG00000256262,USP30-AS1,3294
ENSG00000277299,RP11-837J7.4,3295
ENSG00000111229,ARPC3,3296
ENSG00000122986,HVCN1,3297
ENSG00000257595,RP3-473L9.4,3298
ENSG00000111344,RASAL1,3299
ENSG00000139410,SDSL,3300
ENSG00000257935,LHX5-AS1,3301
ENSG00000135111,TBX3,3302
ENSG00000275898,RP11-497G19.7,3303
ENSG00000274554,RP11-240G22.5,3304
ENSG00000088992,TESC,3305
ENSG00000274859,RP11-136L23.2,3306
ENSG00000135090,TAOK3,3307
ENSG00000270482,RP11-131L12.2,3308
ENSG00000139767,SRRM4,3309
ENSG00000152137,HSPB8,3310
ENSG00000183273,CCDC60,3311
ENSG00000224982,TMEM233,3312
ENSG00000255692,RP1-127H14.3,3313
ENSG00000170890,PLA2G1B,3314
ENSG00000257218,GATC,3315
ENSG00000088986,DYNLL1,3316
ENSG00000135100,HNF1A,3317
ENSG00000135114,OASL,3318
ENSG00000089041,P2RX7,3319
ENSG00000135124,P2RX4,3320
ENSG00000258435,RP11-711D18.2,3321
ENSG00000139714,MORN3,3322
ENSG00000272849,RP11-347I19.8,3323
ENSG00000158113,LRRC43,3324
ENSG00000182782,HCAR2,3325
ENSG00000251497,RP11-197N18.7,3326
ENSG00000255839,RP11-338K17.8,3327
ENSG00000270028,RP11-380L11.4,3328
ENSG00000250091,DNAH10OS,3329
ENSG00000150991,UBC,3330
ENSG00000280634,THRIL,3331
ENSG00000249267,LINC00939,3332
ENSG00000256128,LINC00944,3333
ENSG00000256193,LINC00507,3334
ENSG00000249196,RP11-669N7.2,3335
ENSG00000111452,ADGRD1,3336
ENSG00000256204,RP11-243M5.1,3337
ENSG00000230294,RP13-507P19.2,3338
ENSG00000256955,RP11-417L19.2,3339
ENSG00000276693,RP13-977J11.9,3340
ENSG00000256576,RP13-977J11.2,3341
ENSG00000182870,GALNT9,3342
ENSG00000277011,RP13-895J2.6,3343
ENSG00000274373,RP13-714J12.1,3344
ENSG00000256632,RP13-672B3.2,3345
ENSG00000250790,RP11-46H11.3,3346
ENSG00000231358,RP11-442J17.3,3347
ENSG00000198033,TUBA3C,3348
ENSG00000165475,CRYL1,3349
ENSG00000224429,LINC00539,3350
ENSG00000276476,LINC00540,3351
ENSG00000232977,LINC00327,3352
ENSG00000127863,TNFRSF19,3353
ENSG00000260509,RP11-271M24.2,3354
ENSG00000132932,ATP8A2,3355
ENSG00000132975,GPR12,3356
ENSG00000230641,USP12-AS2,3357
ENSG00000275294,RP11-428O18.6,3358
ENSG00000165556,CDX2,3359
ENSG00000102755,FLT1,3360
ENSG00000139508,SLC46A3,3361
ENSG00000236463,LINC00427,3362
ENSG00000132965,ALOX5AP,3363
ENSG00000224743,TEX26-AS1,3364
ENSG00000236094,LINC00545,3365
ENSG00000073910,FRY,3366
ENSG00000139597,N4BP2L1,3367
ENSG00000244754,N4BP2L2,3368
ENSG00000172915,NBEA,3369
ENSG00000120693,SMAD9,3370
ENSG00000133107,TRPC4,3371
ENSG00000274317,RP11-93G5.1,3372
ENSG00000223685,LINC00571,3373
ENSG00000236354,LINC00437,3374
ENSG00000188811,NHLRC3,3375
ENSG00000278772,LINC00548,3376
ENSG00000120690,ELF1,3377
ENSG00000102760,RGCC,3378
ENSG00000133106,EPSTI1,3379
ENSG00000120675,DNAJC15,3380
ENSG00000151773,CCDC122,3381
ENSG00000227258,SMIM2-AS1,3382
ENSG00000151778,SERP2,3383
ENSG00000237361,TUSC8,3384
ENSG00000102804,TSC22D1,3385
ENSG00000278156,TSC22D1-AS1,3386
ENSG00000170919,TPT1-AS1,3387
ENSG00000228886,RP11-290D2.3,3388
ENSG00000251015,SLC25A30-AS1,3389
ENSG00000102445,KIAA0226L,3390
ENSG00000228573,RP11-279N8.1,3391
ENSG00000136156,ITM2B,3392
ENSG00000139679,LPAR6,3393
ENSG00000233610,LINC00462,3394
ENSG00000152207,CYSLTR2,3395
ENSG00000102531,FNDC3A,3396
ENSG00000136169,SETDB2,3397
ENSG00000152213,ARL11,3398
ENSG00000237152,DLEU7-AS1,3399
ENSG00000150510,FAM124A,3400
ENSG00000253309,SERPINE3,3401
ENSG00000102786,INTS6,3402
ENSG00000236778,INTS6-AS1,3403
ENSG00000123171,CCDC70,3404
ENSG00000136108,CKAP2,3405
ENSG00000136110,LECT1,3406
ENSG00000136099,PCDH8,3407
ENSG00000118946,PCDH17,3408
ENSG00000184226,PCDH9,3409
ENSG00000188243,COMMD6,3410
ENSG00000178734,LMO7DN,3411
ENSG00000271776,RP11-52L5.6,3412
ENSG00000184564,SLITRK6,3413
ENSG00000165300,SLITRK5,3414
ENSG00000229557,LINC00379,3415
ENSG00000125285,SOX21,3416
ENSG00000247400,DNAJC3-AS1,3417
ENSG00000102580,DNAJC3,3418
ENSG00000185352,HS6ST3,3419
ENSG00000272329,RP11-65L19.4,3420
ENSG00000152767,FARP1,3421
ENSG00000231194,FARP1-AS1,3422
ENSG00000224418,STK24-AS1,3423
ENSG00000088386,SLC15A1,3424
ENSG00000169508,GPR183,3425
ENSG00000280710,RP11-214F16.8,3426
ENSG00000203441,LINC00449,3427
ENSG00000234650,PCCA-AS1,3428
ENSG00000276957,RP11-29B2.6,3429
ENSG00000151287,TEX30,3430
ENSG00000233532,LINC00460,3431
ENSG00000125266,EFNB2,3432
ENSG00000134884,ARGLU1,3433
ENSG00000041515,MYO16,3434
ENSG00000275216,RP11-54H7.4,3435
ENSG00000223617,LINC00370,3436
ENSG00000255874,LINC00346,3437
ENSG00000088448,ANKRD10,3438
ENSG00000225760,LINC00431,3439
ENSG00000126217,MCF2L,3440
ENSG00000231882,F10-AS1,3441
ENSG00000225083,GRTP1-AS1,3442
ENSG00000184497,TMEM255B,3443
ENSG00000260910,LINC00565,3444
ENSG00000258314,CTD-2314B22.1,3445
ENSG00000129566,TEP1,3446
ENSG00000169413,RNASE6,3447
ENSG00000169397,RNASE3,3448
ENSG00000258918,RP11-219E7.4,3449
ENSG00000169385,RNASE2,3450
ENSG00000165794,SLC39A2,3451
ENSG00000165799,RNASE7,3452
ENSG00000092200,RPGRIP1,3453
ENSG00000211821,TRDV2,3454
ENSG00000211829,TRDC,3455
ENSG00000277734,TRAC,3456
ENSG00000259003,AE000662.92,3457
ENSG00000100439,ABHD4,3458
ENSG00000197324,LRP10,3459
ENSG00000092067,CEBPE,3460
ENSG00000092068,SLC7A8,3461
ENSG00000235194,PPP1R3E,3462
ENSG00000166091,CMTM5,3463
ENSG00000197616,MYH6,3464
ENSG00000092051,JPH4,3465
ENSG00000100867,DHRS2,3466
ENSG00000092010,PSME1,3467
ENSG00000259321,RP11-468E2.5,3468
ENSG00000259529,RP11-468E2.4,3469
ENSG00000213928,IRF9,3470
ENSG00000100918,REC8,3471
ENSG00000276698,RP11-468E2.10,3472
ENSG00000139908,TSSK4,3473
ENSG00000136305,CIDEB,3474
ENSG00000129467,ADCY4,3475
ENSG00000258744,RP11-80A15.1,3476
ENSG00000100453,GZMB,3477
ENSG00000258548,LINC00645,3478
ENSG00000257831,RP11-596D21.1,3479
ENSG00000257155,CTD-2213F21.3,3480
ENSG00000151322,NPAS3,3481
ENSG00000100906,NFKBIA,3482
ENSG00000258844,RP11-259K15.2,3483
ENSG00000136327,NKX2-8,3484
ENSG00000129514,FOXA1,3485
ENSG00000139865,TTC6,3486
ENSG00000258526,RP11-111A21.1,3487
ENSG00000258480,RP11-662J14.2,3488
ENSG00000179454,KLHL28,3489
ENSG00000258700,LINC00871,3490
ENSG00000139915,MDGA2,3491
ENSG00000258400,RP11-831F12.2,3492
ENSG00000012983,MAP4K5,3493
ENSG00000198513,ATL1,3494
ENSG00000258843,RP11-286O18.1,3495
ENSG00000100504,PYGL,3496
ENSG00000131969,ABHD12B,3497
ENSG00000277050,RP11-102G14.1,3498
ENSG00000186469,GNG2,3499
ENSG00000258757,RP11-841O20.2,3500
ENSG00000258698,RP11-589M4.3,3501
ENSG00000020577,SAMD4A,3502
ENSG00000131981,LGALS3,3503
ENSG00000258413,RP11-665C16.6,3504
ENSG00000258791,LINC00520,3505
ENSG00000275569,RP11-930O11.3,3506
ENSG00000259133,RP11-1085N6.3,3507
ENSG00000248550,OTX2-AS1,3508
ENSG00000259008,RP11-932A10.1,3509
ENSG00000100557,C14orf105,3510
ENSG00000259039,RP11-409I10.2,3511
ENSG00000139971,C14orf37,3512
ENSG00000196860,TOMM20L,3513
ENSG00000258553,RP11-16B13.1,3514
ENSG00000254718,CTD-2184C24.2,3515
ENSG00000258777,HIF1A-AS1,3516
ENSG00000258667,HIF1A-AS2,3517
ENSG00000261242,CTD-2302E22.4,3518
ENSG00000258809,CTD-2555O16.1,3519
ENSG00000089775,ZBTB25,3520
ENSG00000126804,ZBTB1,3521
ENSG00000126803,HSPA2,3522
ENSG00000176153,GPX2,3523
ENSG00000272158,RP11-840I19.5,3524
ENSG00000072415,MPP5,3525
ENSG00000100554,ATP6V1D,3526
ENSG00000198133,TMEM229B,3527
ENSG00000258837,CTD-2566J3.1,3528
ENSG00000185650,ZFP36L1,3529
ENSG00000276063,RP11-817G13.3,3530
ENSG00000267909,CCDC177,3531
ENSG00000100652,SLC10A1,3532
ENSG00000198732,SMOC1,3533
ENSG00000258422,RP11-486O13.2,3534
ENSG00000259158,ADAM20P1,3535
ENSG00000134007,ADAM20,3536
ENSG00000258689,LINC01269,3537
ENSG00000275630,RP6-65G23.5,3538
ENSG00000182732,RGS6,3539
ENSG00000280188,AC005477.1,3540
ENSG00000258376,RP4-647C14.2,3541
ENSG00000133961,NUMB,3542
ENSG00000258660,RP4-693M11.3,3543
ENSG00000156030,ELMSAN1,3544
ENSG00000259065,RP5-1021I20.1,3545
ENSG00000258891,RP5-1021I20.5,3546
ENSG00000156050,FAM161B,3547
ENSG00000270000,RP3-449M8.9,3548
ENSG00000119655,NPC2,3549
ENSG00000273565,CTD-3075F15.1,3550
ENSG00000170345,FOS,3551
ENSG00000259687,LINC01220,3552
ENSG00000071246,VASH1,3553
ENSG00000100565,LRRC74A,3554
ENSG00000273729,RP11-7F17.8,3555
ENSG00000246548,RP11-7F17.5,3556
ENSG00000063761,ADCK1,3557
ENSG00000258743,RP11-406A9.2,3558
ENSG00000185070,FLRT2,3559
ENSG00000258807,RP11-1152H15.1,3560
ENSG00000140030,GPR65,3561
ENSG00000258867,LINC01146,3562
ENSG00000258983,RP11-507K2.2,3563
ENSG00000258699,RP11-356K23.2,3564
ENSG00000258730,ITPK1-AS1,3565
ENSG00000119632,IFI27L2,3566
ENSG00000119698,PPP4R4,3567
ENSG00000235706,DICER1-AS1,3568
ENSG00000100721,TCL1A,3569
ENSG00000257275,RP11-164H13.1,3570
ENSG00000258702,RP11-433J8.1,3571
ENSG00000258979,RP11-433J8.2,3572
ENSG00000246223,LINC01550,3573
ENSG00000258749,RP11-688G15.3,3574
ENSG00000247970,RP11-543C4.1,3575
ENSG00000182218,HHIPL1,3576
ENSG00000140107,SLC25A47,3577
ENSG00000258521,RP11-638I2.9,3578
ENSG00000185559,DLK1,3579
ENSG00000259004,RP11-8L8.2,3580
ENSG00000259088,CTD-2017C7.2,3581
ENSG00000272444,RP11-1017G21.6,3582
ENSG00000080824,HSP90AA1,3583
ENSG00000259515,RP11-365N19.2,3584
ENSG00000185215,TNFAIP2,3585
ENSG00000259775,RP11-45P15.4,3586
ENSG00000166165,CKB,3587
ENSG00000258735,LINC00637,3588
ENSG00000184601,C14orf180,3589
ENSG00000258811,CTD-3051D23.1,3590
ENSG00000166428,PLD4,3591
ENSG00000183484,GPR132,3592
ENSG00000211956,IGHV4-34,3593
ENSG00000260986,RP11-854K16.3,3594
ENSG00000247765,RP11-32B5.7,3595
ENSG00000277865,GOLGA6L22,3596
ENSG00000273976,GOLGA6L1,3597
ENSG00000185823,NPAP1,3598
ENSG00000182256,GABRG3,3599
ENSG00000261480,RP11-578F21.6,3600
ENSG00000104059,FAM189A1,3601
ENSG00000259523,RP11-680F8.3,3602
ENSG00000166664,CHRFAM7A,3603
ENSG00000260693,AC026150.8,3604
ENSG00000178115,GOLGA8Q,3605
ENSG00000247728,RP11-932O9.7,3606
ENSG00000259448,RP11-16E12.1,3607
ENSG00000262728,RP11-1000B6.8,3608
ENSG00000232653,GOLGA8N,3609
ENSG00000244952,RP11-1000B6.5,3610
ENSG00000166922,SCG5,3611
ENSG00000276702,RP11-3D4.4,3612
ENSG00000184984,CHRM5,3613
ENSG00000140199,SLC12A6,3614
ENSG00000259468,RP11-1084A12.2,3615
ENSG00000159251,ACTC1,3616
ENSG00000259460,RP11-128A17.1,3617
ENSG00000175779,C15orf53,3618
ENSG00000137801,THBS1,3619
ENSG00000275636,RP11-521C20.5,3620
ENSG00000104081,BMF,3621
ENSG00000137843,PAK6,3622
ENSG00000137841,PLCB2,3623
ENSG00000259198,RP11-133K1.6,3624
ENSG00000166143,PPP1R14D,3625
ENSG00000166145,SPINT1,3626
ENSG00000187446,CHP1,3627
ENSG00000137804,NUSAP1,3628
ENSG00000260926,RP11-380D11.2,3629
ENSG00000168970,JMJD7-PLA2G4B,3630
ENSG00000246740,PLA2G4E-AS1,3631
ENSG00000092529,CAPN3,3632
ENSG00000261822,RP11-265N6.2,3633
ENSG00000166947,EPB42,3634
ENSG00000104055,TGM5,3635
ENSG00000166963,MAP1A,3636
ENSG00000242866,STRC,3637
ENSG00000229474,PATL2,3638
ENSG00000166710,B2M,3639
ENSG00000167014,C15orf43,3640
ENSG00000140274,DUOXA2,3641
ENSG00000140254,DUOXA1,3642
ENSG00000259519,RP11-519G16.2,3643
ENSG00000137860,SLC28A2,3644
ENSG00000185634,SHC4,3645
ENSG00000259602,RP11-138E16.1,3646
ENSG00000138593,SECISBP2L,3647
ENSG00000104043,ATP8B4,3648
ENSG00000259188,CTD-2647E9.3,3649
ENSG00000140287,HDC,3650
ENSG00000244879,GABPB1-AS1,3651
ENSG00000273674,CTD-2378E12.1,3652
ENSG00000137869,CYP19A1,3653
ENSG00000259306,RP11-108K3.2,3654
ENSG00000259668,RP11-707P17.2,3655
ENSG00000104112,SCG3,3656
ENSG00000128872,TMOD2,3657
ENSG00000259201,RP11-56B16.5,3658
ENSG00000069966,GNB5,3659
ENSG00000259709,CTD-2184D3.7,3660
ENSG00000260916,CCPG1,3661
ENSG00000166450,PRTG,3662
ENSG00000263155,MYZAP,3663
ENSG00000166035,LIPC,3664
ENSG00000259250,RP11-50C13.1,3665
ENSG00000157456,CCNB2,3666
ENSG00000182718,ANXA2,3667
ENSG00000259697,RP11-299H22.1,3668
ENSG00000140416,TPM1,3669
ENSG00000259627,RP11-244F12.2,3670
ENSG00000259672,RP11-69G7.1,3671
ENSG00000103642,LACTB,3672
ENSG00000259268,AC007950.1,3673
ENSG00000035664,DAPK2,3674
ENSG00000166794,PPIB,3675
ENSG00000166803,KIAA0101,3676
ENSG00000180304,OAZ2,3677
ENSG00000140451,PIF1,3678
ENSG00000275332,CTD-2017F17.1,3679
ENSG00000103710,RASL12,3680
ENSG00000278737,RP11-325L12.7,3681
ENSG00000174498,IGDCC3,3682
ENSG00000259347,RP11-798K3.2,3683
ENSG00000245719,RP11-34F13.2,3684
ENSG00000255346,NOX5,3685
ENSG00000212766,EWSAT1,3686
ENSG00000259641,PCAT29,3687
ENSG00000166173,LARP6,3688
ENSG00000260672,RP11-1006G14.1,3689
ENSG00000175202,HIGD2B,3690
ENSG00000260898,ADPGK-AS1,3691
ENSG00000167178,ISLR2,3692
ENSG00000137868,STRA6,3693
ENSG00000140459,CYP11A1,3694
ENSG00000261821,CTD-2311M21.3,3695
ENSG00000138623,SEMA7A,3696
ENSG00000275527,CTD-3154N5.2,3697
ENSG00000260919,CTD-3154N5.1,3698
ENSG00000140465,CYP1A1,3699
ENSG00000169410,PTPN9,3700
ENSG00000275454,CTD-2026K11.4,3701
ENSG00000246877,DNM1P35,3702
ENSG00000169752,NRG4,3703
ENSG00000169758,TMEM266,3704
ENSG00000259422,RP11-593F23.1,3705
ENSG00000159556,ISL2,3706
ENSG00000259666,LINGO1-AS1,3707
ENSG00000259792,RP11-114H24.6,3708
ENSG00000183476,SH2D7,3709
ENSG00000259474,RP11-650L12.1,3710
ENSG00000041357,PSMA4,3711
ENSG00000080644,CHRNA3,3712
ENSG00000177699,RP11-16K12.1,3713
ENSG00000140379,BCL2A1,3714
ENSG00000258010,RP11-210M15.1,3715
ENSG00000136379,ABHD17C,3716
ENSG00000172349,IL16,3717
ENSG00000172345,STARD5,3718
ENSG00000259518,LINC01583,3719
ENSG00000259462,CPEB1-AS1,3720
ENSG00000259442,RP11-752G15.8,3721
ENSG00000136404,TM6SF1,3722
ENSG00000256278,RP11-182J1.5,3723
ENSG00000170776,AKAP13,3724
ENSG00000259367,RP11-815J21.4,3725
ENSG00000259762,RP11-158M2.4,3726
ENSG00000140538,NTRK3,3727
ENSG00000172183,ISG20,3728
ENSG00000157766,ACAN,3729
ENSG00000140545,MFGE8,3730
ENSG00000242498,ARPIN,3731
ENSG00000182054,IDH2,3732
ENSG00000182768,NGRN,3733
ENSG00000275345,RP11-697E2.11,3734
ENSG00000259314,CTD-3065B20.3,3735
ENSG00000140564,FURIN,3736
ENSG00000182511,FES,3737
ENSG00000259661,AC068831.15,3738
ENSG00000198901,PRC1,3739
ENSG00000185518,SV2B,3740
ENSG00000258551,CRAT37,3741
ENSG00000140557,ST8SIA2,3742
ENSG00000173575,CHD2,3743
ENSG00000182175,RGMA,3744
ENSG00000259123,RP11-76E17.2,3745
ENSG00000258476,RP11-76E17.3,3746
ENSG00000247809,NR2F2-AS1,3747
ENSG00000278146,RP11-327J17.8,3748
ENSG00000185551,NR2F2,3749
ENSG00000140450,ARRDC4,3750
ENSG00000278090,RP11-6O2.2,3751
ENSG00000254744,CTD-3076O17.1,3752
ENSG00000154227,CERS3,3753
ENSG00000259376,RP11-505E24.3,3754
ENSG00000259755,RP11-505E24.2,3755
ENSG00000259182,RP11-424I19.2,3756
ENSG00000259553,AC140725.4,3757
ENSG00000130656,HBZ,3758
ENSG00000188536,HBA2,3759
ENSG00000206172,HBA1,3760
ENSG00000167930,FAM234A,3761
ENSG00000269881,AC004754.3,3762
ENSG00000257108,NHLRC4,3763
ENSG00000262528,LA16c-349E10.1,3764
ENSG00000260022,LA16c-306A4.1,3765
ENSG00000260710,RP11-616M22.7,3766
ENSG00000261505,LA16c-358B7.3,3767
ENSG00000260051,LA16c-390E6.4,3768
ENSG00000063854,HAGH,3769
ENSG00000259947,XX-DJ76P10__A.2,3770
ENSG00000162040,HS3ST6,3771
ENSG00000198736,MSRB1,3772
ENSG00000140986,RPL3L,3773
ENSG00000255198,SNHG9,3774
ENSG00000196408,NOXO1,3775
ENSG00000183971,NPW,3776
ENSG00000260095,RP11-715J22.3,3777
ENSG00000260176,CTD-3126B10.4,3778
ENSG00000005001,PRSS22,3779
ENSG00000262482,LA16c-321D4.2,3780
ENSG00000270168,LA16c-380H5.3,3781
ENSG00000213937,CLDN9,3782
ENSG00000184697,CLDN6,3783
ENSG00000006327,TNFRSF12A,3784
ENSG00000162069,CCDC64B,3785
ENSG00000008516,MMP25,3786
ENSG00000008517,IL32,3787
ENSG00000261889,RP11-473M20.16,3788
ENSG00000262521,AJ003147.8,3789
ENSG00000168124,OR1F1,3790
ENSG00000281005,LINC00921,3791
ENSG00000262899,LA16c-360H6.3,3792
ENSG00000232196,MTRNR2L4,3793
ENSG00000261938,RP11-461A8.1,3794
ENSG00000213918,DNASE1,3795
ENSG00000276754,RP11-461A8.5,3796
ENSG00000168140,VASN,3797
ENSG00000267077,RP11-127I20.5,3798
ENSG00000067836,ROGDI,3799
ENSG00000267072,RP11-165E7.1,3800
ENSG00000153446,C16orf89,3801
ENSG00000078328,RBFOX1,3802
ENSG00000183044,ABAT,3803
ENSG00000153048,CARHSP1,3804
ENSG00000259939,RP11-77H9.5,3805
ENSG00000166669,ATF7IP2,3806
ENSG00000260756,RP11-609N14.1,3807
ENSG00000262151,RP11-876N24.2,3808
ENSG00000263033,RP11-396B14.2,3809
ENSG00000185338,SOCS1,3810
ENSG00000277369,RP11-486I11.2,3811
ENSG00000259876,CTD-3037G24.4,3812
ENSG00000103381,CPPED1,3813
ENSG00000237515,SHISA9,3814
ENSG00000262732,CTD-2135D7.2,3815
ENSG00000262097,CTD-2135D7.5,3816
ENSG00000069764,PLA2G10,3817
ENSG00000275910,RP11-680G24.6,3818
ENSG00000166780,C16orf45,3819
ENSG00000133392,MYH11,3820
ENSG00000170540,ARL6IP1,3821
ENSG00000205730,ITPRIPL2,3822
ENSG00000261759,RP11-626G11.3,3823
ENSG00000183549,ACSM5,3824
ENSG00000005187,ACSM3,3825
ENSG00000166743,ACSM1,3826
ENSG00000175311,ANKS4B,3827
ENSG00000103316,CRYM,3828
ENSG00000197006,METTL9,3829
ENSG00000140749,IGSF6,3830
ENSG00000260790,RP11-21M24.2,3831
ENSG00000166851,PLK1,3832
ENSG00000261266,CTD-2196E14.5,3833
ENSG00000134398,ERN2,3834
ENSG00000166501,PRKCB,3835
ENSG00000006116,CACNG3,3836
ENSG00000259888,CTD-2540M10.1,3837
ENSG00000262155,RP11-266L9.5,3838
ENSG00000260034,LCMT1-AS2,3839
ENSG00000103375,AQP8,3840
ENSG00000236481,AC002331.1,3841
ENSG00000103522,IL21R,3842
ENSG00000184730,APOBR,3843
ENSG00000197272,IL27,3844
ENSG00000176046,NUPR1,3845
ENSG00000255524,NPIPB8,3846
ENSG00000260796,RP11-1348G14.5,3847
ENSG00000260517,RP11-426C22.5,3848
ENSG00000103485,QPRT,3849
ENSG00000185905,C16orf54,3850
ENSG00000260719,AC009133.17,3851
ENSG00000167371,PRRT2,3852
ENSG00000013364,MVP,3853
ENSG00000174939,ASPHD1,3854
ENSG00000149932,TMEM219,3855
ENSG00000090238,YPEL3,3856
ENSG00000102879,CORO1A,3857
ENSG00000261416,RP11-455F5.5,3858
ENSG00000005844,ITGAL,3859
ENSG00000260487,RP11-297C4.3,3860
ENSG00000196118,CCDC189,3861
ENSG00000175938,ORAI3,3862
ENSG00000099377,HSD3B7,3863
ENSG00000260911,RP11-196G11.2,3864
ENSG00000261385,RP11-388M20.2,3865
ENSG00000052344,PRSS8,3866
ENSG00000103490,PYCARD,3867
ENSG00000177238,TRIM72,3868
ENSG00000169900,PYDC1,3869
ENSG00000169896,ITGAM,3870
ENSG00000140678,ITGAX,3871
ENSG00000156885,COX6A2,3872
ENSG00000176723,ZNF843,3873
ENSG00000261474,RP11-452L6.1,3874
ENSG00000169877,AHSP,3875
ENSG00000276867,CTD-2358C21.5,3876
ENSG00000259303,IGHV2OR16-5,3877
ENSG00000261512,RP11-46D6.1,3878
ENSG00000091651,ORC6,3879
ENSG00000260281,ITFG1-AS1,3880
ENSG00000260086,RP11-42I10.1,3881
ENSG00000167208,SNX20,3882
ENSG00000167207,NOD2,3883
ENSG00000261644,RP11-327F22.2,3884
ENSG00000249231,CASC16,3885
ENSG00000261630,RP11-357N13.3,3886
ENSG00000275147,RP11-324D17.3,3887
ENSG00000159387,IRX6,3888
ENSG00000087245,MMP2,3889
ENSG00000087253,LPCAT2,3890
ENSG00000261997,RP11-212I21.4,3891
ENSG00000103546,SLC6A2,3892
ENSG00000274031,RP11-413H22.3,3893
ENSG00000125148,MT2A,3894
ENSG00000169715,MT1E,3895
ENSG00000205364,MT1M,3896
ENSG00000198417,MT1F,3897
ENSG00000125144,MT1G,3898
ENSG00000051108,HERPUD1,3899
ENSG00000140853,NLRC5,3900
ENSG00000102962,CCL22,3901
ENSG00000159618,ADGRG5,3902
ENSG00000205336,ADGRG1,3903
ENSG00000182885,ADGRG3,3904
ENSG00000260467,RP11-405F3.4,3905
ENSG00000159625,DRC7,3906
ENSG00000187185,CTD-2600O9.1,3907
ENSG00000070729,CNGB1,3908
ENSG00000103034,NDRG4,3909
ENSG00000261653,RP11-21L1.1,3910
ENSG00000260755,RP11-403P17.3,3911
ENSG00000261519,RP11-403P17.4,3912
ENSG00000140932,CMTM2,3913
ENSG00000166592,RRAD,3914
ENSG00000172824,CES4A,3915
ENSG00000159708,LRRC36,3916
ENSG00000159713,TPPP3,3917
ENSG00000159723,AGRP,3918
ENSG00000261386,CTD-2012K14.6,3919
ENSG00000038358,EDC4,3920
ENSG00000167261,DPEP2,3921
ENSG00000263201,CTC-479C5.6,3922
ENSG00000103066,PLA2G15,3923
ENSG00000260441,RP11-96D1.7,3924
ENSG00000103056,SMPD3,3925
ENSG00000275383,RP11-615I2.6,3926
ENSG00000260111,RP11-529K1.4,3927
ENSG00000157368,IL34,3928
ENSG00000157423,HYDIN,3929
ENSG00000180917,CMTR2,3930
ENSG00000247324,RP11-510M2.2,3931
ENSG00000198650,TAT,3932
ENSG00000040199,PHLPP2,3933
ENSG00000277481,PKD1L3,3934
ENSG00000257017,HP,3935
ENSG00000261673,RP11-328J14.1,3936
ENSG00000260664,AC004158.3,3937
ENSG00000140836,ZFHX3,3938
ENSG00000271009,RP11-346C20.3,3939
ENSG00000261170,RP11-252A24.5,3940
ENSG00000273659,RP11-58C22.2,3941
ENSG00000261063,RP11-538I12.2,3942
ENSG00000178573,MAF,3943
ENSG00000278058,RP11-70D24.2,3944
ENSG00000168589,DYNLRB2,3945
ENSG00000260737,LINC01227,3946
ENSG00000260213,RP11-303E16.3,3947
ENSG00000260495,RP11-55K13.1,3948
ENSG00000261218,RP11-960L18.1,3949
ENSG00000197943,PLCG2,3950
ENSG00000086696,HSD17B2,3951
ENSG00000261235,RP11-510J16.5,3952
ENSG00000140961,OSGIN1,3953
ENSG00000154099,DNAAF1,3954
ENSG00000250685,RP11-486L19.2,3955
ENSG00000103175,WFDC1,3956
ENSG00000103187,COTL1,3957
ENSG00000103196,CRISPLD2,3958
ENSG00000135709,KIAA0513,3959
ENSG00000153789,FAM92B,3960
ENSG00000278214,RP11-442O1.4,3961
ENSG00000275088,RP11-442O1.3,3962
ENSG00000270159,RP11-568J23.6,3963
ENSG00000268388,FENDRR,3964
ENSG00000103241,FOXF1,3965
ENSG00000270020,RP11-463O9.9,3966
ENSG00000261363,RP11-134D3.2,3967
ENSG00000140941,MAP1LC3B,3968
ENSG00000124391,IL17C,3969
ENSG00000051523,CYBA,3970
ENSG00000259813,RP5-1142A6.5,3971
ENSG00000224888,RP5-1142A6.2,3972
ENSG00000129993,CBFA2T3,3973
ENSG00000180422,LINC00304,3974
ENSG00000129910,CDH15,3975
ENSG00000268218,AC137932.4,3976
ENSG00000261118,RP11-104N10.1,3977
ENSG00000075399,VPS9D1,3978
ENSG00000258947,TUBB3,3979
ENSG00000261317,RP11-566K11.5,3980
ENSG00000260507,RP11-356C4.3,3981
ENSG00000241525,AC108004.3,3982
ENSG00000183688,FAM101B,3983
ENSG00000262777,RP11-818O24.3,3984
ENSG00000167703,SLC43A2,3985
ENSG00000185561,TLCD2,3986
ENSG00000186594,MIR22HG,3987
ENSG00000167711,SERPINF2,3988
ENSG00000132386,SERPINF1,3989
ENSG00000262445,CTD-2545H1.2,3990
ENSG00000263050,RP11-667K14.3,3991
ENSG00000274758,RP1-59D14.10,3992
ENSG00000263345,RP1-59D14.5,3993
ENSG00000272770,RP11-74E22.5,3994
ENSG00000277200,RP11-74E22.8,3995
ENSG00000180090,OR3A1,3996
ENSG00000108381,ASPA,3997
ENSG00000262304,RP11-235E17.2,3998
ENSG00000213977,TAX1BP3,3999
ENSG00000262692,CTD-3195I5.3,4000
ENSG00000108405,P2RX1,4001
ENSG00000167740,CYB5D2,4002
ENSG00000263165,RP11-810M2.2,4003
ENSG00000182557,SPNS3,4004
ENSG00000183018,SPNS2,4005
ENSG00000167741,GGT6,4006
ENSG00000188176,SMTNL2,4007
ENSG00000161905,ALOX15,4008
ENSG00000141497,ZMYND15,4009
ENSG00000142484,TM4SF5,4010
ENSG00000262165,RP11-81A22.5,4011
ENSG00000108556,CHRNE,4012
ENSG00000234203,RP5-1050D4.2,4013
ENSG00000227495,AC109333.10,4014
ENSG00000132517,SLC52A1,4015
ENSG00000161929,SCIMP,4016
ENSG00000179314,WSCD1,4017
ENSG00000129221,AIPL1,4018
ENSG00000282936,CTC-281F24.5,4019
ENSG00000177294,FBXO39,4020
ENSG00000108839,ALOX12,4021
ENSG00000132514,CLEC10A,4022
ENSG00000161944,ASGR2,4023
ENSG00000181885,CLDN7,4024
ENSG00000072818,ACAP1,4025
ENSG00000129226,CD68,4026
ENSG00000129214,SHBG,4027
ENSG00000141504,SAT2,4028
ENSG00000129244,ATP1B2,4029
ENSG00000183914,DNAH2,4030
ENSG00000132510,KDM6B,4031
ENSG00000167874,TMEM88,4032
ENSG00000132518,GUCY2D,4033
ENSG00000179593,ALOX15B,4034
ENSG00000179111,HES7,4035
ENSG00000220205,VAMP2,4036
ENSG00000184650,ODF4,4037
ENSG00000189051,RNF222,4038
ENSG00000166596,CFAP52,4039
ENSG00000007237,GAS7,4040
ENSG00000007174,DNAH9,4041
ENSG00000265494,RP11-131K5.2,4042
ENSG00000109099,PMP22,4043
ENSG00000125409,TEKT3,4044
ENSG00000239704,CDRT4,4045
ENSG00000251537,RP11-385D13.1,4046
ENSG00000170315,UBB,4047
ENSG00000181350,LRRC75A,4048
ENSG00000170160,CCDC144A,4049
ENSG00000260328,RP11-416I2.1,4050
ENSG00000225442,MPRIP-AS1,4051
ENSG00000108551,RASD1,4052
ENSG00000237328,RAI1-AS1,4053
ENSG00000197815,RP1-253P7.4,4054
ENSG00000091536,MYO15A,4055
ENSG00000171931,FBXW10,4056
ENSG00000154025,SLC5A10,4057
ENSG00000154016,GRAP,4058
ENSG00000189152,GRAPL,4059
ENSG00000262319,CTC-457L16.2,4060
ENSG00000166482,MFAP4,4061
ENSG00000072210,ALDH3A2,4062
ENSG00000261033,RP11-209D14.2,4063
ENSG00000263494,AC004702.2,4064
ENSG00000034152,MAP2K3,4065
ENSG00000265265,RP11-822E23.7,4066
ENSG00000276399,FLJ36000,4067
ENSG00000261020,RP11-744K17.1,4068
ENSG00000109046,WSB1,4069
ENSG00000168961,LGALS9,4070
ENSG00000266527,RP11-138P22.1,4071
ENSG00000232859,LYRM9,4072
ENSG00000266830,CTD-2008P7.8,4073
ENSG00000260777,CTD-2008P7.1,4074
ENSG00000109072,VTN,4075
ENSG00000109101,FOXN1,4076
ENSG00000267729,AC010761.14,4077
ENSG00000265073,AC010761.6,4078
ENSG00000264066,RP11-20B24.2,4079
ENSG00000179761,PIPOX,4080
ENSG00000063015,SEZ6,4081
ENSG00000167549,CORO6,4082
ENSG00000263657,RP11-82O19.1,4083
ENSG00000263477,RP11-338L22.2,4084
ENSG00000264125,RP11-354P11.4,4085
ENSG00000266120,RP11-354P11.2,4086
ENSG00000108582,CPD,4087
ENSG00000184060,ADAP2,4088
ENSG00000265743,RP11-848P1.3,4089
ENSG00000126861,OMG,4090
ENSG00000185862,EVI2B,4091
ENSG00000126860,EVI2A,4092
ENSG00000228768,AC003101.1,4093
ENSG00000274341,RP11-227G15.10,4094
ENSG00000278668,RP11-227G15.11,4095
ENSG00000266385,RP11-227G15.8,4096
ENSG00000266718,RP11-466A19.1,4097
ENSG00000264458,RP11-220C2.1,4098
ENSG00000108691,CCL2,4099
ENSG00000166750,SLFN5,4100
ENSG00000154760,SLFN13,4101
ENSG00000271447,MMP28,4102
ENSG00000270379,HEATR9,4103
ENSG00000270240,AC015849.2,4104
ENSG00000271503,CCL5,4105
ENSG00000275152,CCL16,4106
ENSG00000277632,CCL3,4107
ENSG00000275302,CCL4,4108
ENSG00000274767,AC131056.3,4109
ENSG00000276085,CCL3L3,4110
ENSG00000276070,CCL4L2,4111
ENSG00000274933,TBC1D3I,4112
ENSG00000275613,CTD-3194G12.2,4113
ENSG00000277268,RP11-445F12.1,4114
ENSG00000273706,LHX1,4115
ENSG00000276707,RP11-445F12.2,4116
ENSG00000275066,SYNRG,4117
ENSG00000277688,RP11-697E22.1,4118
ENSG00000277363,SRCIN1,4119
ENSG00000275665,CTB-58E17.9,4120
ENSG00000279119,AC006449.2,4121
ENSG00000277791,PSMB3,4122
ENSG00000263466,RP1-56K13.2,4123
ENSG00000263874,LINC00672,4124
ENSG00000141748,ARL5C,4125
ENSG00000141750,STAC2,4126
ENSG00000108306,FBXL20,4127
ENSG00000171532,NEUROD2,4128
ENSG00000131771,PPP1R1B,4129
ENSG00000141744,PNMT,4130
ENSG00000161405,IKZF3,4131
ENSG00000073605,GSDMB,4132
ENSG00000264968,RP11-387H17.4,4133
ENSG00000265666,RARA-AS1,4134
ENSG00000131747,TOP2A,4135
ENSG00000141753,IGFBP4,4136
ENSG00000266088,RP5-1028K7.2,4137
ENSG00000126353,CCR7,4138
ENSG00000198083,KRTAP9-9,4139
ENSG00000131738,KRT33B,4140
ENSG00000171345,KRT19,4141
ENSG00000186847,KRT14,4142
ENSG00000128422,KRT17,4143
ENSG00000173812,EIF1,4144
ENSG00000184502,GAST,4145
ENSG00000173805,HAP1,4146
ENSG00000161594,KLHL10,4147
ENSG00000108771,DHX58,4148
ENSG00000267758,RP11-358B23.5,4149
ENSG00000177469,PTRF,4150
ENSG00000184451,CCR10,4151
ENSG00000267042,CTD-3193K9.4,4152
ENSG00000108828,VAT1,4153
ENSG00000188554,NBR1,4154
ENSG00000184988,TMEM106A,4155
ENSG00000188825,LINC00910,4156
ENSG00000167941,SOST,4157
ENSG00000161649,CD300LG,4158
ENSG00000267394,CTB-175E5.7,4159
ENSG00000260793,RP5-882C2.2,4160
ENSG00000004939,SLC4A1,4161
ENSG00000267750,RUNDC3A-AS1,4162
ENSG00000030582,GRN,4163
ENSG00000131095,GFAP,4164
ENSG00000186185,KIF18B,4165
ENSG00000276728,AC142472.6,4166
ENSG00000224505,AC002117.1,4167
ENSG00000267288,RP13-890H12.2,4168
ENSG00000267121,CTD-2020K17.1,4169
ENSG00000184922,FMNL1,4170
ENSG00000131484,RP11-798G7.5,4171
ENSG00000264589,MAPT-AS1,4172
ENSG00000198336,MYL4,4173
ENSG00000253347,CTD-2026D20.2,4174
ENSG00000189120,SP6,4175
ENSG00000266821,RP11-6N17.2,4176
ENSG00000141293,SKAP1,4177
ENSG00000264451,RP11-433M22.2,4178
ENSG00000173917,HOXB2,4179
ENSG00000230148,HOXB-AS1,4180
ENSG00000120093,HOXB3,4181
ENSG00000233101,HOXB-AS3,4182
ENSG00000182742,HOXB4,4183
ENSG00000120075,HOXB5,4184
ENSG00000108511,HOXB6,4185
ENSG00000170689,HOXB9,4186
ENSG00000242207,HOXB-AS4,4187
ENSG00000244649,CTD-2377D24.6,4188
ENSG00000170703,TTLL6,4189
ENSG00000159224,GIP,4190
ENSG00000167080,B4GALNT2,4191
ENSG00000167083,GNGT2,4192
ENSG00000173868,PHOSPHO1,4193
ENSG00000248714,RP11-1079K10.3,4194
ENSG00000064300,NGFR,4195
ENSG00000182575,NXPH3,4196
ENSG00000176358,TAC4,4197
ENSG00000248954,RP11-304F15.4,4198
ENSG00000108813,DLX4,4199
ENSG00000005884,ITGA3,4200
ENSG00000108823,SGCA,4201
ENSG00000108821,COL1A1,4202
ENSG00000249406,RP11-893F2.5,4203
ENSG00000049283,EPN3,4204
ENSG00000006283,CACNA1G,4205
ENSG00000262967,RP11-294J22.6,4206
ENSG00000173714,WFIKKN2,4207
ENSG00000251665,RP11-700H6.2,4208
ENSG00000239672,NME1,4209
ENSG00000249383,RP11-1018N14.1,4210
ENSG00000153930,ANKFN1,4211
ENSG00000274213,RP11-670E13.6,4212
ENSG00000121064,SCPEP1,4213
ENSG00000263004,RP11-166P13.3,4214
ENSG00000121053,EPX,4215
ENSG00000278627,RP11-506H21.5,4216
ENSG00000265148,BZRAP1-AS1,4217
ENSG00000265206,RP5-1171I10.5,4218
ENSG00000108375,RNF43,4219
ENSG00000264672,SEPT4-AS1,4220
ENSG00000224738,AC099850.1,4221
ENSG00000175155,YPEL2,4222
ENSG00000265313,LINC01476,4223
ENSG00000062716,VMP1,4224
ENSG00000267416,CTD-2319I12.2,4225
ENSG00000167434,CA4,4226
ENSG00000141371,C17orf64,4227
ENSG00000267667,RP11-136H19.1,4228
ENSG00000121068,TBX2,4229
ENSG00000277463,CTD-3035K23.6,4230
ENSG00000011028,MRC2,4231
ENSG00000265971,RP11-269G24.6,4232
ENSG00000159640,ACE,4233
ENSG00000264813,CTD-2501B8.1,4234
ENSG00000173826,KCNH6,4235
ENSG00000136490,LIMD2,4236
ENSG00000136487,GH2,4237
ENSG00000259384,GH1,4238
ENSG00000264954,PRR29-AS1,4239
ENSG00000261371,PECAM1,4240
ENSG00000271605,MILR1,4241
ENSG00000265912,RP11-583F2.2,4242
ENSG00000266598,RP11-583F2.5,4243
ENSG00000263470,RP11-160O5.1,4244
ENSG00000265664,RP11-74H8.1,4245
ENSG00000171634,BPTF,4246
ENSG00000182481,KPNA2,4247
ENSG00000265055,AC145343.2,4248
ENSG00000274561,RP11-147L13.12,4249
ENSG00000278740,RP11-147L13.14,4250
ENSG00000267731,RP11-147L13.8,4251
ENSG00000274712,RP11-147L13.15,4252
ENSG00000141337,ARSG,4253
ENSG00000070540,WIPI1,4254
ENSG00000108950,FAM20A,4255
ENSG00000154258,ABCA9,4256
ENSG00000154262,ABCA6,4257
ENSG00000154265,ABCA5,4258
ENSG00000108984,MAP2K6,4259
ENSG00000227517,LINC01483,4260
ENSG00000180616,SSTR2,4261
ENSG00000171595,DNAI2,4262
ENSG00000167851,CD300A,4263
ENSG00000172794,RAB37,4264
ENSG00000186074,CD300LF,4265
ENSG00000167861,HID1,4266
ENSG00000189159,HN1,4267
ENSG00000265342,RP11-16C1.1,4268
ENSG00000266714,MYO15B,4269
ENSG00000204323,SMIM5,4270
ENSG00000132471,WBP2,4271
ENSG00000267065,CTD-2246P4.1,4272
ENSG00000267535,LINC00868,4273
ENSG00000267665,RP11-13K12.2,4274
ENSG00000267506,RP11-13K12.1,4275
ENSG00000187997,C17orf99,4276
ENSG00000183077,AFMID,4277
ENSG00000089685,BIRC5,4278
ENSG00000267737,AC061992.2,4279
ENSG00000184557,SOCS3,4280
ENSG00000035862,TIMP2,4281
ENSG00000108679,LGALS3BP,4282
ENSG00000265096,C1QTNF1-AS1,4283
ENSG00000167281,RBFOX3,4284
ENSG00000267719,HP09025,4285
ENSG00000262768,RP11-353N14.1,4286
ENSG00000262580,RP11-334C17.5,4287
ENSG00000173821,RNF213,4288
ENSG00000226137,BAIAP2-AS1,4289
ENSG00000262223,RP11-1055B8.3,4290
ENSG00000184009,ACTG1,4291
ENSG00000182612,TSPAN10,4292
ENSG00000215644,GCGR,4293
ENSG00000182676,PPP1R27,4294
ENSG00000185624,P4HB,4295
ENSG00000263859,RP11-498C9.16,4296
ENSG00000187531,SIRT7,4297
ENSG00000141526,SLC16A3,4298
ENSG00000265692,RP13-516M14.4,4299
ENSG00000173762,CD7,4300
ENSG00000181408,UTS2R,4301
ENSG00000262663,RP11-497H17.1,4302
ENSG00000274370,AC144831.3,4303
ENSG00000261888,AC144831.1,4304
ENSG00000262952,AC139099.6,4305
ENSG00000266456,RP11-806L2.2,4306
ENSG00000264080,CTD-2015H3.1,4307
ENSG00000272625,RP11-737O24.5,4308
ENSG00000101605,MYOM1,4309
ENSG00000101608,MYL12A,4310
ENSG00000266835,GAPLINC,4311
ENSG00000177337,DLGAP1-AS1,4312
ENSG00000264707,L3MBTL4-AS1,4313
ENSG00000101745,ANKRD12,4314
ENSG00000260913,LINC01254,4315
ENSG00000154856,APCDD1,4316
ENSG00000273141,RP11-820I16.4,4317
ENSG00000181626,ANKRD62,4318
ENSG00000266969,RP11-773H22.4,4319
ENSG00000265787,CYP4F35P,4320
ENSG00000265656,RP11-13N13.6,4321
ENSG00000264012,RP11-627G18.2,4322
ENSG00000134489,HRH4,4323
ENSG00000264695,RP11-178F10.2,4324
ENSG00000134762,DSC3,4325
ENSG00000134755,DSC2,4326
ENSG00000265888,DSCAS,4327
ENSG00000134765,DSC1,4328
ENSG00000266729,DSG1-AS1,4329
ENSG00000101695,RNF125,4330
ENSG00000263393,RP11-53I6.4,4331
ENSG00000274400,RP11-294N21.3,4332
ENSG00000186812,ZNF397,4333
ENSG00000186496,ZNF396,4334
ENSG00000267627,RP11-905K4.1,4335
ENSG00000260552,RP11-49I11.1,4336
ENSG00000134775,FHOD3,4337
ENSG00000101489,CELF4,4338
ENSG00000267313,KC6,4339
ENSG00000132872,SYT4,4340
ENSG00000152217,SETBP1,4341
ENSG00000197046,SIGLEC15,4342
ENSG00000141622,RNF165,4343
ENSG00000267724,RP11-49K24.8,4344
ENSG00000267764,RP11-484L8.1,4345
ENSG00000215472,RPL17-C18orf32,4346
ENSG00000265496,MIR1539,4347
ENSG00000101670,LIPG,4348
ENSG00000267322,SNHG22,4349
ENSG00000172361,CFAP53,4350
ENSG00000267699,RP11-729L2.2,4351
ENSG00000187323,DCC,4352
ENSG00000196628,TCF4,4353
ENSG00000267172,RP11-397A16.3,4354
ENSG00000198796,ALPK2,4355
ENSG00000267257,RP11-1151B14.4,4356
ENSG00000141682,PMAIP1,4357
ENSG00000141655,TNFRSF11A,4358
ENSG00000267390,RP11-635N19.1,4359
ENSG00000206073,SERPINB4,4360
ENSG00000166401,SERPINB8,4361
ENSG00000150656,CNDP1,4362
ENSG00000264278,RP11-162A12.2,4363
ENSG00000266844,RP11-862L9.3,4364
ENSG00000197971,MBP,4365
ENSG00000278075,RP11-248M19.1,4366
ENSG00000267251,AC139100.3,4367
ENSG00000101255,TRIB3,4368
ENSG00000101276,SLC52A3,4369
ENSG00000101282,RSPO4,4370
ENSG00000215595,C20orf202,4371
ENSG00000101298,SNPH,4372
ENSG00000196209,SIRPB2,4373
ENSG00000125900,SIRPD,4374
ENSG00000101307,SIRPB1,4375
ENSG00000088881,EBF4,4376
ENSG00000088882,CPXM1,4377
ENSG00000258713,C20orf141,4378
ENSG00000125787,GNRH2,4379
ENSG00000101200,AVP,4380
ENSG00000277287,RP4-794I6.4,4381
ENSG00000088854,C20orf194,4382
ENSG00000205300,RP11-352D3.2,4383
ENSG00000088826,SMOX,4384
ENSG00000230176,LINC01433,4385
ENSG00000238282,RP5-1164C1.2,4386
ENSG00000278595,RP5-1068H6.6,4387
ENSG00000101265,RASSF2,4388
ENSG00000132646,PCNA,4389
ENSG00000266908,RP5-1022P6.7,4390
ENSG00000235820,RP5-1022P6.5,4391
ENSG00000089199,CHGB,4392
ENSG00000233048,RP5-1069C8.2,4393
ENSG00000172296,SPTLC3,4394
ENSG00000275728,RP4-777L9.3,4395
ENSG00000185052,SLC24A3,4396
ENSG00000268628,RP1-122P22.4,4397
ENSG00000232712,KIZ-AS1,4398
ENSG00000125816,NKX2-4,4399
ENSG00000125810,CD93,4400
ENSG00000233746,LINC00656,4401
ENSG00000101435,CST9L,4402
ENSG00000101439,CST3,4403
ENSG00000170373,CST1,4404
ENSG00000077984,CST7,4405
ENSG00000180424,DEFB123,4406
ENSG00000233354,LINC00028,4407
ENSG00000278276,RP3-324O17.8,4408
ENSG00000125968,ID1,4409
ENSG00000131055,COX4I2,4410
ENSG00000088325,TPX2,4411
ENSG00000149599,DUSP15,4412
ENSG00000101331,CCM2L,4413
ENSG00000226239,RP1-310O13.7,4414
ENSG00000101336,HCK,4415
ENSG00000233293,RP11-410N8.3,4416
ENSG00000204393,RP11-410N8.4,4417
ENSG00000125999,BPIFB1,4418
ENSG00000182584,ACTL10,4419
ENSG00000101440,ASIP,4420
ENSG00000078804,TP53INP2,4421
ENSG00000078814,MYH7B,4422
ENSG00000101000,PROCR,4423
ENSG00000126005,MMP24-AS1,4424
ENSG00000230155,RP3-477O4.14,4425
ENSG00000234139,RP4-550H1.4,4426
ENSG00000232406,RP11-234K24.3,4427
ENSG00000101335,MYL9,4428
ENSG00000101082,SLA2,4429
ENSG00000101353,MROH8,4430
ENSG00000204117,RP4-640H8.2,4431
ENSG00000132821,VSTM2L,4432
ENSG00000149633,KIAA1755,4433
ENSG00000101425,BPI,4434
ENSG00000101438,SLC32A1,4435
ENSG00000229976,RP5-1031J8.1,4436
ENSG00000204103,MAFB,4437
ENSG00000229771,RP4-644L1.2,4438
ENSG00000226648,PLCG1-AS1,4439
ENSG00000277611,RP1-138B7.6,4440
ENSG00000101049,SGK2,4441
ENSG00000124196,GTSF1L,4442
ENSG00000233277,RP5-1030M6.3,4443
ENSG00000101074,R3HDML,4444
ENSG00000101076,HNF4A,4445
ENSG00000168734,PKIG,4446
ENSG00000101109,STK4,4447
ENSG00000168703,WFDC12,4448
ENSG00000124107,SLPI,4449
ENSG00000124145,SDC4,4450
ENSG00000277022,RP3-453C12.15,4451
ENSG00000101443,WFDC2,4452
ENSG00000168612,ZSWIM1,4453
ENSG00000064601,CTSA,4454
ENSG00000100985,MMP9,4455
ENSG00000273828,RP11-394O2.3,4456
ENSG00000197496,SLC2A10,4457
ENSG00000267882,RP4-569M23.5,4458
ENSG00000196562,SULF2,4459
ENSG00000124212,PTGIS,4460
ENSG00000124216,SNAI1,4461
ENSG00000234698,RP11-112L6.2,4462
ENSG00000172216,CEBPB,4463
ENSG00000224397,LINC01272,4464
ENSG00000196396,PTPN1,4465
ENSG00000234693,RP4-530I15.6,4466
ENSG00000054793,ATP9A,4467
ENSG00000227964,LINC01429,4468
ENSG00000231703,RP4-669H2.1,4469
ENSG00000235415,AC005808.3,4470
ENSG00000224008,LINC01441,4471
ENSG00000124098,FAM210B,4472
ENSG00000087586,AURKA,4473
ENSG00000124103,FAM209A,4474
ENSG00000087510,TFAP2C,4475
ENSG00000101144,BMP7,4476
ENSG00000054796,SPO11,4477
ENSG00000124253,PCK1,4478
ENSG00000124225,PMEPA1,4479
ENSG00000278709,NKILA,4480
ENSG00000254995,STX16-NPEPL1,4481
ENSG00000101160,CTSZ,4482
ENSG00000101162,TUBB1,4483
ENSG00000176659,C20orf197,4484
ENSG00000228340,MIR646HG,4485
ENSG00000225106,RP11-429E11.2,4486
ENSG00000277496,RP11-93B14.9,4487
ENSG00000276317,RP11-93B14.10,4488
ENSG00000228705,LINC00659,4489
ENSG00000229873,OGFR-AS1,4490
ENSG00000092758,COL9A3,4491
ENSG00000101197,BIRC7,4492
ENSG00000101210,EEF1A2,4493
ENSG00000130589,HELZ2,4494
ENSG00000273154,RP4-583P15.15,4495
ENSG00000280213,UCKL1-AS1,4496
ENSG00000125510,OPRL1,4497
ENSG00000149656,LINC00266-1,4498
ENSG00000105549,THEG,4499
ENSG00000129946,SHC2,4500
ENSG00000181781,ODF3L2,4501
ENSG00000172270,BSG,4502
ENSG00000267666,AC004156.3,4503
ENSG00000185198,PRSS57,4504
ENSG00000267530,AC006273.5,4505
ENSG00000172232,AZU1,4506
ENSG00000196415,PRTN3,4507
ENSG00000197561,ELANE,4508
ENSG00000197766,CFD,4509
ENSG00000064666,CNN2,4510
ENSG00000099817,POLR2E,4511
ENSG00000099625,C19orf26,4512
ENSG00000267778,AC004221.2,4513
ENSG00000167470,MIDN,4514
ENSG00000267372,AC005330.2,4515
ENSG00000280486,LLNLR-307A6.1,4516
ENSG00000115255,REEP6,4517
ENSG00000180846,CSNK1G2-AS1,4518
ENSG00000099875,MKNK2,4519
ENSG00000099840,IZUMO4,4520
ENSG00000267122,AC004490.1,4521
ENSG00000188305,C19orf35,4522
ENSG00000099860,GADD45B,4523
ENSG00000172000,ZNF556,4524
ENSG00000104953,TLE6,4525
ENSG00000065717,TLE2,4526
ENSG00000267551,AC005264.2,4527
ENSG00000267448,AC010649.1,4528
ENSG00000095932,SMIM24,4529
ENSG00000267205,AC005954.4,4530
ENSG00000167654,ATCAY,4531
ENSG00000060566,CREB3L3,4532
ENSG00000105246,EBI3,4533
ENSG00000267011,CTB-50L17.16,4534
ENSG00000167680,SEMA6B,4535
ENSG00000176840,MIR7-3HG,4536
ENSG00000105426,PTPRS,4537
ENSG00000174898,CATSPERD,4538
ENSG00000267709,AC024592.9,4539
ENSG00000267314,AC104532.2,4540
ENSG00000205744,DENND1C,4541
ENSG00000125657,TNFSF9,4542
ENSG00000125726,CD70,4543
ENSG00000125735,TNFSF14,4544
ENSG00000125730,C3,4545
ENSG00000174837,ADGRE1,4546
ENSG00000171105,INSR,4547
ENSG00000263264,CTB-133G6.1,4548
ENSG00000267852,CTB-133G6.2,4549
ENSG00000174788,PCP2,4550
ENSG00000104918,RETN,4551
ENSG00000183019,MCEMP1,4552
ENSG00000104921,FCER2,4553
ENSG00000182566,CLEC4G,4554
ENSG00000090659,CD209,4555
ENSG00000104938,CLEC4M,4556
ENSG00000268120,CTD-3193O13.11,4557
ENSG00000268149,CTD-3193O13.13,4558
ENSG00000260500,CTD-3193O13.1,4559
ENSG00000142449,FBN3,4560
ENSG00000167772,ANGPTL4,4561
ENSG00000099785,MARCH2,4562
ENSG00000268931,RP11-886P16.6,4563
ENSG00000133246,PRAM1,4564
ENSG00000142347,MYO1F,4565
ENSG00000181143,MUC16,4566
ENSG00000266950,CTD-2623N2.5,4567
ENSG00000105088,OLFM2,4568
ENSG00000267534,S1PR2,4569
ENSG00000090339,ICAM1,4570
ENSG00000105371,ICAM4,4571
ENSG00000214212,C19orf38,4572
ENSG00000161888,SPC24,4573
ENSG00000267082,CTC-510F12.2,4574
ENSG00000130173,ANGPTL8,4575
ENSG00000130167,TSPAN16,4576
ENSG00000105514,RAB3D,4577
ENSG00000183401,CCDC159,4578
ENSG00000130176,CNN1,4579
ENSG00000102575,ACP5,4580
ENSG00000197054,ZNF763,4581
ENSG00000223547,ZNF844,4582
ENSG00000257591,ZNF625,4583
ENSG00000234773,CTD-2666L21.1,4584
ENSG00000171223,JUNB,4585
ENSG00000167815,PRDX2,4586
ENSG00000132026,RTBDN,4587
ENSG00000105610,KLF1,4588
ENSG00000179218,CALR,4589
ENSG00000267458,CTC-425F1.4,4590
ENSG00000267610,AC007787.2,4591
ENSG00000104903,LYL1,4592
ENSG00000160888,IER2,4593
ENSG00000141837,CACNA1A,4594
ENSG00000132003,ZSWIM4,4595
ENSG00000267519,CTD-3252C9.4,4596
ENSG00000132000,PODNL1,4597
ENSG00000171136,RLN3,4598
ENSG00000141858,SAMD1,4599
ENSG00000267169,CTB-55O6.12,4600
ENSG00000267723,CTD-2189E23.1,4601
ENSG00000267147,CTC-548K16.1,4602
ENSG00000123146,ADGRE5,4603
ENSG00000132002,DNAJB1,4604
ENSG00000131355,ADGRE3,4605
ENSG00000127507,ADGRE2,4606
ENSG00000273218,LLNLR-246C6.1,4607
ENSG00000161031,PGLYRP2,4608
ENSG00000186529,CYP4F3,4609
ENSG00000186204,CYP4F12,4610
ENSG00000267453,AC004791.2,4611
ENSG00000167460,TPM4,4612
ENSG00000269243,CTD-2231E14.8,4613
ENSG00000196684,HSH2D,4614
ENSG00000141977,CIB3,4615
ENSG00000267033,CTD-2562J15.4,4616
ENSG00000267275,CTD-2562J15.6,4617
ENSG00000127528,KLF2,4618
ENSG00000267703,CTD-2013N17.4,4619
ENSG00000279529,CTD-3222D19.8,4620
ENSG00000188039,NWD1,4621
ENSG00000268289,CTD-2528A14.3,4622
ENSG00000269480,CTD-3032J10.3,4623
ENSG00000130303,BST2,4624
ENSG00000282851,BISPR,4625
ENSG00000269053,CTD-2521M24.8,4626
ENSG00000269161,CTD-3131K8.3,4627
ENSG00000268112,CTD-3149D2.4,4628
ENSG00000248099,INSL3,4629
ENSG00000269145,AC007192.6,4630
ENSG00000216490,IFI30,4631
ENSG00000130518,KIAA1683,4632
ENSG00000130522,JUND,4633
ENSG00000130513,GDF15,4634
ENSG00000175489,LRRC25,4635
ENSG00000269694,AC005197.2,4636
ENSG00000269019,AC005932.1,4637
ENSG00000213996,TM6SF2,4638
ENSG00000064547,LPAR2,4639
ENSG00000089639,GMIP,4640
ENSG00000105750,ZNF85,4641
ENSG00000196705,ZNF431,4642
ENSG00000172687,ZNF738,4643
ENSG00000268658,LINC00664,4644
ENSG00000229676,ZNF492,4645
ENSG00000269107,RP11-15H20.7,4646
ENSG00000269289,CTB-92J24.3,4647
ENSG00000267238,AC093074.1,4648
ENSG00000267423,AC005616.2,4649
ENSG00000266976,AC079466.1,4650
ENSG00000198597,ZNF536,4651
ENSG00000173809,TDRD12,4652
ENSG00000166359,WDR88,4653
ENSG00000245848,CEBPA,4654
ENSG00000267580,CTD-2540B15.11,4655
ENSG00000266985,CTD-2329C7.2,4656
ENSG00000124302,CHST8,4657
ENSG00000270876,ZNF30-AS1,4658
ENSG00000269303,CTD-2527I21.7,4659
ENSG00000271032,CTD-2527I21.14,4660
ENSG00000105707,HPN,4661
ENSG00000153902,LGI4,4662
ENSG00000105697,HAMP,4663
ENSG00000233214,AC002511.2,4664
ENSG00000126262,FFAR2,4665
ENSG00000189001,SBSN,4666
ENSG00000226510,UPK1A-AS1,4667
ENSG00000267120,AD000671.6,4668
ENSG00000126264,HCST,4669
ENSG00000011600,TYROBP,4670
ENSG00000232677,LINC00665,4671
ENSG00000181007,ZFP82,4672
ENSG00000171827,ZNF570,4673
ENSG00000180458,CTD-3064H18.4,4674
ENSG00000167641,PPP1R14A,4675
ENSG00000167644,C19orf33,4676
ENSG00000099337,KCNK6,4677
ENSG00000099338,CATSPERG,4678
ENSG00000179168,GGN,4679
ENSG00000188766,SPRED3,4680
ENSG00000171777,RASGRP4,4681
ENSG00000267291,CTB-186G2.1,4682
ENSG00000268756,AC104534.2,4683
ENSG00000269172,CTC-218B8.3,4684
ENSG00000179751,SYCN,4685
ENSG00000182393,IFNL1,4686
ENSG00000130755,GMFG,4687
ENSG00000128016,ZFP36,4688
ENSG00000269792,CTB-60E11.9,4689
ENSG00000105205,CLC,4690
ENSG00000275395,FCGBP,4691
ENSG00000128000,ZNF780B,4692
ENSG00000174521,TTC9B,4693
ENSG00000105219,CNTD2,4694
ENSG00000105223,PLD3,4695
ENSG00000160396,HIPK4,4696
ENSG00000105227,PRX,4697
ENSG00000197019,SERTAD1,4698
ENSG00000268366,CTC-492K19.4,4699
ENSG00000090013,BLVRB,4700
ENSG00000261857,MIA,4701
ENSG00000167578,RAB4B,4702
ENSG00000282951,CTC-490E21.14,4703
ENSG00000268797,CTC-490E21.12,4704
ENSG00000269843,CTC-490E21.10,4705
ENSG00000167601,AXL,4706
ENSG00000105329,TGFB1,4707
ENSG00000177191,B3GNT8,4708
ENSG00000267107,PCAT19,4709
ENSG00000270164,LINC01480,4710
ENSG00000268027,AC006129.2,4711
ENSG00000105404,RABAC1,4712
ENSG00000105409,ATP1A3,4713
ENSG00000105737,GRIK5,4714
ENSG00000079385,CEACAM1,4715
ENSG00000231924,PSG1,4716
ENSG00000243130,PSG11,4717
ENSG00000183668,PSG9,4718
ENSG00000124466,LYPD3,4719
ENSG00000226763,SRRM5,4720
ENSG00000011422,PLAUR,4721
ENSG00000124449,IRGC,4722
ENSG00000273777,CEACAM20,4723
ENSG00000216588,IGSF23,4724
ENSG00000069399,BCL3,4725
ENSG00000130203,APOE,4726
ENSG00000130208,APOC1,4727
ENSG00000224916,APOC4-APOC2,4728
ENSG00000267467,APOC4,4729
ENSG00000104856,RELB,4730
ENSG00000267348,CTB-179K24.3,4731
ENSG00000007255,TRAPPC6A,4732
ENSG00000266958,AC006126.3,4733
ENSG00000104879,CKM,4734
ENSG00000125740,FOSB,4735
ENSG00000125744,RTN2,4736
ENSG00000010310,GIPR,4737
ENSG00000170608,FOXA3,4738
ENSG00000204869,IGFL4,4739
ENSG00000267922,AC007193.6,4740
ENSG00000204866,IGFL2,4741
ENSG00000269729,AC006262.4,4742
ENSG00000268621,AC006262.5,4743
ENSG00000124440,HIF3A,4744
ENSG00000268810,AC007193.9,4745
ENSG00000269151,AC007193.8,4746
ENSG00000204851,PNMAL2,4747
ENSG00000160013,PTGIR,4748
ENSG00000167414,GNG8,4749
ENSG00000197380,DACT3,4750
ENSG00000105419,MEIS3,4751
ENSG00000118160,SLC8A2,4752
ENSG00000118156,ZNF541,4753
ENSG00000105398,SULT2A1,4754
ENSG00000268001,CARD8-AS1,4755
ENSG00000142227,EMP3,4756
ENSG00000105523,FAM83E,4757
ENSG00000063180,CA11,4758
ENSG00000142233,NTN5,4759
ENSG00000176920,FUT2,4760
ENSG00000174951,FUT1,4761
ENSG00000087076,HSD17B14,4762
ENSG00000105559,PLEKHA4,4763
ENSG00000087074,PPP1R15A,4764
ENSG00000267898,CTD-2639E6.9,4765
ENSG00000087086,FTL,4766
ENSG00000130528,HRC,4767
ENSG00000130529,TRPM4,4768
ENSG00000063127,SLC6A16,4769
ENSG00000104894,CD37,4770
ENSG00000142538,PTH2,4771
ENSG00000090554,FLT3LG,4772
ENSG00000104870,FCGRT,4773
ENSG00000010361,FUZ,4774
ENSG00000269194,AC006942.4,4775
ENSG00000169136,ATF5,4776
ENSG00000105357,MYH14,4777
ENSG00000131398,KCNC3,4778
ENSG00000131400,NAPSA,4779
ENSG00000086967,MYBPC2,4780
ENSG00000268518,CTD-2545M3.8,4781
ENSG00000268375,CTD-2568A17.8,4782
ENSG00000167749,KLK4,4783
ENSG00000167757,KLK11,4784
ENSG00000168995,SIGLEC7,4785
ENSG00000142549,IGLON5,4786
ENSG00000267905,CTD-2616J11.16,4787
ENSG00000267984,CTD-2616J11.9,4788
ENSG00000105374,NKG7,4789
ENSG00000142512,SIGLEC10,4790
ENSG00000254760,CTD-2616J11.3,4791
ENSG00000213822,CEACAM18,4792
ENSG00000105492,SIGLEC6,4793
ENSG00000105501,SIGLEC5,4794
ENSG00000254415,SIGLEC14,4795
ENSG00000105509,HAS1,4796
ENSG00000171051,FPR1,4797
ENSG00000268015,CTD-2525I3.3,4798
ENSG00000269535,CTD-2525I3.6,4799
ENSG00000167554,ZNF610,4800
ENSG00000258405,ZNF578,4801
ENSG00000167766,ZNF83,4802
ENSG00000197928,ZNF677,4803
ENSG00000163098,BIRC8,4804
ENSG00000142405,NLRP12,4805
ENSG00000179820,MYADM,4806
ENSG00000126583,PRKCG,4807
ENSG00000142408,CACNG8,4808
ENSG00000248385,TARM1,4809
ENSG00000167608,TMC4,4810
ENSG00000125505,MBOAT7,4811
ENSG00000223660,AC012314.20,4812
ENSG00000131042,LILRB2,4813
ENSG00000167617,CDC42EP5,4814
ENSG00000239998,LILRA2,4815
ENSG00000104974,LILRA1,4816
ENSG00000104972,LILRB1,4817
ENSG00000268734,CTB-61M7.2,4818
ENSG00000088053,GP6,4819
ENSG00000105048,TNNT1,4820
ENSG00000129991,TNNI3,4821
ENSG00000080031,PTPRH,4822
ENSG00000180061,TMEM150B,4823
ENSG00000095752,IL11,4824
ENSG00000108106,UBE2S,4825
ENSG00000267117,AC010525.4,4826
ENSG00000268307,CTD-2619J13.13,4827
ENSG00000269600,AC016629.3,4828
ENSG00000099715,PCDH11Y,4829
ENSG00000254488,RP11-65G9.1,4830
ENSG00000225255,LINC01297,4831
ENSG00000237689,AC007064.24,4832
ENSG00000177663,IL17RA,4833
ENSG00000185837,CECR5-AS1,4834
ENSG00000093072,CECR1,4835
ENSG00000070010,UFD1L,4836
ENSG00000093009,CDC45,4837
ENSG00000281548,LINC00895,4838
ENSG00000093010,COMT,4839
ENSG00000183597,TANGO2,4840
ENSG00000268292,AC006547.15,4841
ENSG00000099901,RANBP1,4842
ENSG00000235578,XXbac-B33L19.4,4843
ENSG00000099937,SERPIND1,4844
ENSG00000099957,P2RX6,4845
ENSG00000187905,LRRC74B,4846
ENSG00000206140,TMEM191C,4847
ENSG00000183246,RIMBP3C,4848
ENSG00000128228,SDF2L1,4849
ENSG00000100027,YPEL1,4850
ENSG00000100030,MAPK1,4851
ENSG00000222037,IGLC6,4852
ENSG00000280623,PCAT14,4853
ENSG00000159496,RGL4,4854
ENSG00000169314,C22orf15,4855
ENSG00000279467,KB-1125A3.12,4856
ENSG00000133433,GSTT2B,4857
ENSG00000272787,KB-226F1.2,4858
ENSG00000099998,GGT5,4859
ENSG00000178803,ADORA2A-AS1,4860
ENSG00000100024,UPB1,4861
ENSG00000184571,PIWIL3,4862
ENSG00000167037,SGSM1,4863
ENSG00000279085,CTA-243E7.4,4864
ENSG00000203280,CTA-221G9.12,4865
ENSG00000272798,CTA-390C10.9,4866
ENSG00000100077,ADRBK2,4867
ENSG00000237387,CTA-407F11.7,4868
ENSG00000206028,CTA-373H7.7,4869
ENSG00000235271,LINC01422,4870
ENSG00000279440,CTA-992D9.11,4871
ENSG00000232396,RP1-76B20.11,4872
ENSG00000232530,RP1-102K2.6,4873
ENSG00000268812,RP1-102K2.8,4874
ENSG00000099985,OSM,4875
ENSG00000239282,GATSL3,4876
ENSG00000187860,CCDC157,4877
ENSG00000185339,TCN2,4878
ENSG00000167065,DUSP18,4879
ENSG00000198832,SELM,4880
ENSG00000100100,PIK3IP1,4881
ENSG00000228839,PIK3IP1-AS1,4882
ENSG00000240591,RP11-247I13.11,4883
ENSG00000205853,RFPL3S,4884
ENSG00000184459,BPIFC,4885
ENSG00000185666,SYN3,4886
ENSG00000236054,LL22NC03-104C7.1,4887
ENSG00000175329,ISX,4888
ENSG00000273176,RP3-510H16.3,4889
ENSG00000100292,HMOX1,4890
ENSG00000100302,RASD2,4891
ENSG00000198125,MB,4892
ENSG00000221963,APOL6,4893
ENSG00000279927,CTA-212A2.4,4894
ENSG00000128284,APOL3,4895
ENSG00000100336,APOL4,4896
ENSG00000100342,APOL1,4897
ENSG00000100345,MYH9,4898
ENSG00000223695,RP4-633O19__A.1,4899
ENSG00000100362,PVALB,4900
ENSG00000100365,NCF4,4901
ENSG00000187045,TMPRSS6,4902
ENSG00000278195,SSTR3,4903
ENSG00000128340,RAC2,4904
ENSG00000100055,CYTH4,4905
ENSG00000100079,LGALS2,4906
ENSG00000100097,LGALS1,4907
ENSG00000189060,H1F0,4908
ENSG00000273214,RP5-1039K5.18,4909
ENSG00000272720,CTA-228A9.3,4910
ENSG00000279080,CTA-228A9.4,4911
ENSG00000225450,RP3-508I15.14,4912
ENSG00000128383,APOBEC3A,4913
ENSG00000244509,APOBEC3C,4914
ENSG00000243811,APOBEC3D,4915
ENSG00000100298,APOBEC3H,4916
ENSG00000279833,RP4-742C19.13,4917
ENSG00000224794,RP3-333H23.8,4918
ENSG00000100316,RPL3,4919
ENSG00000128272,ATF4,4920
ENSG00000100351,GRAP2,4921
ENSG00000133477,FAM83F,4922
ENSG00000100354,TNRC6B,4923
ENSG00000272834,RP5-1042K10.13,4924
ENSG00000167077,MEI1,4925
ENSG00000184068,RP5-821D11.7,4926
ENSG00000234965,SHISA8,4927
ENSG00000235568,NFAM1,4928
ENSG00000138964,PARVG,4929
ENSG00000280011,RP4-671O14.7,4930
ENSG00000056487,PHF21B,4931
ENSG00000100364,KIAA0930,4932
ENSG00000273287,CTA-268H5.14,4933
ENSG00000100373,UPK3A,4934
ENSG00000100376,FAM118A,4935
ENSG00000077942,FBLN1,4936
ENSG00000188064,WNT7B,4937
ENSG00000186951,PPARA,4938
ENSG00000075218,GTSE1,4939
ENSG00000234869,RP3-439F8.1,4940
ENSG00000205634,LINC00898,4941
ENSG00000260613,RP3-522J7.6,4942
ENSG00000279494,RP11-494O16.4,4943
ENSG00000278869,CITF22-49E9.3,4944
ENSG00000100427,MLC1,4945
ENSG00000273188,RP3-402G11.25,4946
ENSG00000177989,ODF3B,4947
ENSG00000272666,CTA-384D8.35,4948
ENSG00000273272,CTA-384D8.34,4949
ENSG00000130487,KLHDC7B,4950
ENSG00000217442,SYCE3,4951
ENSG00000100299,ARSA,4952
ENSG00000279669,RP11-717F1.1,4953
ENSG00000280191,CH507-42P11.5,4954
ENSG00000278996,CH507-513H4.1,4955
ENSG00000280441,CH507-528H12.1,4956
ENSG00000279851,CH507-216K13.2,4957
ENSG00000155307,SAMSN1,4958
ENSG00000232884,AF127936.3,4959
ENSG00000226751,AF127936.5,4960
ENSG00000281903,AF127936.7,4961
ENSG00000235277,AF127577.8,4962
ENSG00000215386,MIR99AHG,4963
ENSG00000230233,AF240627.2,4964
ENSG00000233236,AP001171.1,4965
ENSG00000142192,APP,4966
ENSG00000236532,AL035610.2,4967
ENSG00000156265,MAP3K7CL,4968
ENSG00000224649,AF124730.4,4969
ENSG00000171189,GRIK1,4970
ENSG00000174680,GRIK1-AS1,4971
ENSG00000156299,TIAM1,4972
ENSG00000170262,MRAP,4973
ENSG00000238197,PAXBP1-AS1,4974
ENSG00000205930,C21orf62-AS1,4975
ENSG00000223799,IL10RB-AS1,4976
ENSG00000243646,IL10RB,4977
ENSG00000272659,AP000295.10,4978
ENSG00000231355,AP000302.58,4979
ENSG00000177692,DNAJC28,4980
ENSG00000159140,SON,4981
ENSG00000237945,LINC00649,4982
ENSG00000159216,RUNX1,4983
ENSG00000231106,LINC01436,4984
ENSG00000233393,AP000688.29,4985
ENSG00000159231,CBR3,4986
ENSG00000142197,DOPEY2,4987
ENSG00000230479,AP000695.6,4988
ENSG00000233818,AP000695.4,4989
ENSG00000159261,CLDN14,4990
ENSG00000157542,KCNJ6,4991
ENSG00000198054,DSCR8,4992
ENSG00000157551,KCNJ15,4993
ENSG00000157557,ETS2,4994
ENSG00000205622,AF064858.6,4995
ENSG00000171587,DSCAM,4996
ENSG00000184012,TMPRSS2,4997
ENSG00000236384,LINC00479,4998
ENSG00000160179,ABCG1,4999
ENSG00000160180,TFF3,5000
ENSG00000160182,TFF1,5001
ENSG00000160185,UBASH3A,5002
ENSG00000225431,AP001626.1,5003
ENSG00000235023,AP001626.2,5004
ENSG00000283051,KB-51A8.1,5005
ENSG00000237989,AP001046.5,5006
ENSG00000225637,AP001046.6,5007
ENSG00000188660,LINC00319,5008
ENSG00000160213,CSTB,5009
ENSG00000215458,AATBC,5010
ENSG00000225331,AP001055.6,5011
ENSG00000160223,ICOSLG,5012
ENSG00000275799,AP001059.7,5013
ENSG00000142182,DNMT3L,5014
ENSG00000232010,AP001059.5,5015
ENSG00000142185,TRPM2,5016
ENSG00000205445,KRTAP10-2,5017
ENSG00000160255,ITGB2,5018
ENSG00000227039,ITGB2-AS1,5019
ENSG00000182586,LINC00334,5020
ENSG00000184274,LINC00315,5021
ENSG00000182871,COL18A1,5022
ENSG00000224574,COL18A1-AS2,5023
ENSG00000183535,COL18A1-AS1,5024
ENSG00000183570,PCBP3,5025
ENSG00000274248,AJ011932.1,5026
ENSG00000142156,COL6A1,5027
ENSG00000237338,FTCD-AS1,5028
ENSG00000160298,C21orf58,5029
ENSG00000160307,S100B,5030
ENSG00000198888,MT-ND1,5031
ENSG00000198763,MT-ND2,5032
ENSG00000198804,MT-CO1,5033
ENSG00000198712,MT-CO2,5034
ENSG00000198899,MT-ATP6,5035
ENSG00000198938,MT-CO3,5036
ENSG00000198840,MT-ND3,5037
ENSG00000212907,MT-ND4L,5038
ENSG00000198886,MT-ND4,5039
ENSG00000198786,MT-ND5,5040
ENSG00000198695,MT-ND6,5041
ENSG00000198727,MT-CYB,5042
ENSG00000273554,AC136616.1,5043
ENSG00000278633,AC023491.2,5044
